Date,South Sea Company,Bank of England,East India Company,Royal African Company,Million Bank,Royal Exchange Assurance,London Assurance,Mississippi Company,Dutch East India Co. (VOC),Dutch West India Co. (WIC),Stad Rotterdam (insurance),Middelburg Assurance
1718-08-06,,,,,,,,273.75,,,,
1718-08-11,,,,,,,,313.75,,,,
1718-08-13,,,,,,,,333.75,,,,
1718-08-18,,,,,,,,333.75,,,,
1718-08-20,,,,,,,,313.75,,,,
1718-08-27,,,,,,,,323.75,,,,
1718-11-09,,,,,,,,282.5,,,,
1718-12-10,,,,,,,,282.5,,,,
1719-01-14,,,,,,,,320.0,,,,
1719-02-04,,,,,,,,315.0,,,,
1719-03-09,,,,,,,,475.0,,,,
1719-03-11,,,,,,,,460.0,,,,
1719-04-06,,,,,,,,445.0,,,,
1719-05-12,,,,,,,,500.0,,,,
1719-05-14,,,,,,,,510.0,,,,
1719-05-22,,,,,,,,570.0,,,,
1719-05-25,,,,,,,,640.0,,,,
1719-06-17,,,,,,,,635.0,,,,
1719-06-22,,,,,,,,750.0,,,,
1719-06-29,,,,,,,,770.0,,,,
1719-07-13,,,,,,,,800.0,,,,
1719-07-14,,,,,,,,850.0,,,,
1719-07-15,,,,,,,,860.0,,,,
1719-07-20,,,,,,,,987.5,,,,
1719-07-24,,,,,,,,1300.0,,,,
1719-07-25,,,,,,,,1375.0,,,,
1719-07-26,,,,,,,,1400.0,,,,
1719-07-27,,,,,,,,1410.0,,,,
1719-07-28,,,,,,,,1460.0,,,,
1719-07-29,,,,,,,,1650.0,,,,
1719-07-30,,,,,,,,2000.0,,,,
1719-07-31,,,,,,,,2225.0,,,,
1719-08-01,,,,,,,,2250.0,,,,
1719-08-02,,,,,,,,2325.0,,,,
1719-08-03,,,,,,,,2240.0,,,,
1719-08-04,,,,,,,,2275.0,,,,
1719-08-09,,,,,,,,2830.0,,,,
1719-08-10,,,,,,,,2830.0,,,,
1719-08-11,,,,,,,,2830.0,,,,
1719-08-12,,,,,,,,2900.0,,,,
1719-08-14,,,,,,,,3400.0,,,,
1719-08-17,,,,,,,,3500.0,,,,
1719-08-18,,,,,,,,3450.0,,,,
1719-08-21,113.0,143.0,188.75,12.0,,,,3400.0,,,,
1719-08-22,112.88,142.75,188.0,12.0,,,,3400.0,,,,
1719-08-23,113.12,143.0,188.5,12.0,,,,3450.0,,,,
1719-08-24,113.38,143.0,189.0,12.0,,,,,,,,
1719-08-25,113.62,143.5,189.25,12.0,,,,,,,,
1719-08-26,113.88,143.5,190.0,12.0,,,,3600.0,,,,
1719-08-28,114.12,144.5,191.0,13.0,,,,4000.0,,,,
1719-08-29,114.75,145.75,192.5,13.0,,,,4050.0,,,,
1719-08-30,115.0,145.25,192.0,13.0,,,,4100.0,,,,
1719-08-31,115.0,145.5,192.5,13.0,,,,4050.0,,,,
1719-09-01,115.5,146.75,194.0,13.0,,,,4025.0,,,,
1719-09-02,115.62,146.75,193.5,13.0,,,,4250.0,,,,
1719-09-04,115.75,147.0,194.0,13.0,,,,4450.0,,,,
1719-09-05,115.88,147.5,194.0,13.0,,,,4463.0,,,,
1719-09-06,116.62,149.0,195.25,13.0,,,,4537.0,,,,
1719-09-07,116.75,149.0,195.25,13.0,,,,5000.0,,,,
1719-09-08,116.88,149.25,195.5,13.0,,,,,,,,
1719-09-09,116.62,149.0,195.25,13.0,,,,5450.0,,,,
1719-09-11,115.62,148.0,194.0,13.0,,,,5900.0,,,,
1719-09-12,116.75,149.0,195.75,13.0,,,,5900.0,,,,
1719-09-13,,,,,,,,5650.0,,,,
1719-09-14,116.12,148.25,194.75,13.0,,,,5500.0,,,,
1719-09-15,116.38,148.5,195.5,13.0,,,,5500.0,,,,
1719-09-16,116.38,148.5,195.5,13.0,,,,5750.0,,,,
1719-09-17,,,,,,,,5800.0,,,,
1719-09-18,117.12,149.25,196.5,13.0,,,,,,,,
1719-09-19,117.12,149.0,196.5,13.0,,,,5650.0,,,,
1719-09-20,116.75,148.5,195.75,15.0,,,,5638.0,,,,
1719-09-21,117.38,149.25,197.0,25.0,,,,,,,,
1719-09-22,117.12,149.0,196.5,28.0,,,,5312.0,,,,
1719-09-23,116.75,148.75,196.0,21.0,,,,5275.0,,,,
1719-09-25,116.88,148.0,195.0,25.0,,,,5228.0,,,,
1719-09-26,116.5,146.5,193.5,23.0,,,,,,,,
1719-09-27,116.75,147.0,193.0,24.0,,,,5238.0,,,,
1719-09-28,116.5,,191.5,23.0,,,,5113.0,,,,
1719-09-29,116.25,142.0,190.75,23.0,,,,,,,,
1719-09-30,116.5,142.25,191.25,23.0,,,,4800.0,,,,
1719-10-02,117.0,143.5,193.25,23.0,,,,4838.0,,,,
1719-10-03,116.62,143.0,192.75,23.0,,,,4600.0,,,,
1719-10-04,116.62,143.0,193.0,23.25,,,,5000.0,,,,
1719-10-05,116.62,143.0,193.0,23.5,,,,5000.0,,,,
1719-10-06,116.62,143.25,193.0,23.5,,,,5000.0,,,,
1719-10-07,116.75,143.25,193.0,23.0,,,,5038.0,,,,
1719-10-09,116.62,143.0,192.5,22.5,,,,,,,,
1719-10-10,116.5,143.0,192.0,21.0,,,,5000.0,,,,
1719-10-11,116.5,142.25,192.0,21.0,,,,5000.0,,,,
1719-10-12,116.75,143.0,192.25,21.5,,,,5000.0,,,,
1719-10-13,116.88,143.25,193.0,21.75,,,,5025.0,,,,
1719-10-14,116.75,143.0,192.75,21.5,,,,5075.0,,,,
1719-10-15,,,,,,,,5400.0,,,,
1719-10-16,116.75,143.0,192.75,21.5,,,,,,,,
1719-10-17,116.75,142.62,192.75,21.5,,,,5400.0,,,,
1719-10-18,116.75,142.5,192.25,23.0,,,,5488.0,,,,
1719-10-19,116.75,142.75,192.25,22.5,,,,5425.0,,,,
1719-10-20,117.0,143.0,193.0,22.5,,,,5400.0,,,,
1719-10-21,116.88,143.0,193.0,22.0,,,,5563.0,,,,
1719-10-23,117.0,143.0,193.0,22.0,,,,5900.0,,,,
1719-10-24,117.25,143.25,193.25,22.0,,,,6500.0,,,,
1719-10-25,117.75,144.0,194.0,24.0,,,,6463.0,,,,
1719-10-26,117.75,143.5,194.0,24.0,,,,6463.0,,,,
1719-10-27,117.5,142.75,193.25,24.0,,,,6400.0,,,,
1719-10-28,117.62,142.75,194.0,23.5,,,,,,,,
1719-10-30,117.38,142.5,193.5,25.0,,,,6463.0,,,,
1719-10-31,117.5,142.75,193.75,26.0,,,,6463.0,,,,
1719-11-02,117.38,142.5,193.5,26.0,,,,,,,,
1719-11-03,117.12,142.5,193.25,25.0,,,,,,,,
1719-11-04,117.25,142.25,193.25,24.5,,,,6775.0,,,,
1719-11-05,117.12,142.25,193.25,24.5,,,,,,,,
1719-11-06,,,,,,,,6738.0,,,,
1719-11-07,117.25,142.0,192.7,24.5,,,,6810.0,,,,
1719-11-08,117.38,142.25,193.25,25.0,,,,6788.0,,,,
1719-11-09,117.75,142.25,193.25,24.5,,,,6788.0,,,,
1719-11-10,116.0,141.0,191.0,23.5,,,,6755.0,,,,
1719-11-11,115.5,140.5,190.0,23.0,,,,,,,,
1719-11-12,116.12,141.5,191.2,23.0,,,,,,,,
1719-11-13,116.0,141.0,190.0,23.5,119.5,,,6848.0,,,,
1719-11-14,116.25,141.0,190.75,23.75,119.5,,,6863.0,,,,
1719-11-15,116.5,141.5,191.5,24.0,119.5,,,6963.0,,,,
1719-11-16,116.5,141.5,191.5,24.5,119.5,,,7068.0,,,,
1719-11-17,116.88,141.5,191.75,25.0,119.75,,,7088.0,,,,
1719-11-18,117.12,142.25,192.25,25.5,119.75,,,7463.0,,,,
1719-11-20,117.5,142.25,192.75,26.5,119.75,,,8975.0,900.0,78.0,,
1719-11-21,117.62,142.0,193.0,26.5,119.75,,,9275.0,,,,
1719-11-22,118.12,143.0,195.0,25.5,119.75,,,9410.0,899.0,77.5,,
1719-11-23,118.12,143.0,195.0,26.0,120.0,,,9175.0,,,,
1719-11-24,118.12,142.5,195.0,25.0,120.0,,,9175.0,,,,
1719-11-25,118.88,143.25,196.25,26.0,121.0,,,9325.0,,,,
1719-11-27,119.88,143.5,197.5,26.5,121.0,,,8850.0,901.0,77.0,,
1719-11-28,119.62,143.5,197.25,26.5,121.0,,,9825.0,,,,
1719-11-29,119.38,142.5,196.5,26.0,121.0,,,9825.0,900.0,77.5,,
1719-11-30,119.25,142.75,196.5,25.5,121.0,,,,,,,
1719-12-01,119.75,143.25,197.0,26.0,121.0,,,9950.0,,,,
1719-12-02,119.75,143.25,196.75,26.0,121.0,,,10025.0,,,,
1719-12-04,120.75,143.25,197.5,26.5,122.0,,,9975.0,,,,
1719-12-05,121.0,143.5,197.0,27.0,122.0,,,9975.0,,,,
1719-12-06,122.0,143.75,194.75,26.5,122.0,,,9775.0,,,,
1719-12-07,124.0,147.0,198.0,27.5,124.0,,,9725.0,,,,
1719-12-08,124.0,149.0,197.0,27.0,124.0,,,9725.0,,,,
1719-12-09,122.0,147.5,195.5,27.0,124.0,,,9750.0,,,,
1719-12-11,122.75,149.0,196.0,27.0,124.0,,,9305.0,908.0,79.5,,
1719-12-12,124.5,148.5,197.0,28.0,124.0,,,9235.0,,,,
1719-12-13,123.25,148.0,195.5,28.5,124.0,,,8500.0,,,,
1719-12-14,123.0,148.0,194.75,29.0,124.0,,,7930.0,,,,
1719-12-15,122.75,147.0,193.25,29.0,124.0,,,8250.0,,,,
1719-12-16,122.75,147.5,193.5,29.0,124.0,,,8055.0,,,,
1719-12-18,123.25,148.0,194.75,28.0,124.0,,,8078.0,,,,
1719-12-19,123.62,148.25,195.25,28.0,124.0,,,7633.0,,,,
1719-12-20,124.25,148.75,196.0,29.0,125.0,,,7808.0,,,,
1719-12-21,126.5,149.0,197.5,28.0,126.0,,,,,,,
1719-12-22,125.88,148.5,197.0,26.0,126.0,,,7805.0,,,,
1719-12-23,126.5,148.75,197.75,26.5,126.25,,,8870.0,,,,
1719-12-25,126.25,149.75,198.0,26.0,126.5,,,,,,,
1719-12-26,126.5,148.5,198.5,26.5,126.75,,,9103.0,,,,
1719-12-27,125.38,148.5,198.0,26.0,127.0,,,9023.0,930.0,80.0,,
1719-12-28,125.25,148.5,198.0,25.0,127.0,,,9000.0,,,,
1719-12-29,125.62,148.5,199.25,25.0,127.0,,,9180.0,,,,
1719-12-30,126.62,149.0,,25.5,127.0,,,9410.0,,,,
1719-12-31,,,,,,,,9250.0,,,,
1720-01-01,126.12,148.0,196.0,25.5,127.0,,,9155.0,949.0,81.5,,
1720-01-02,126.38,148.5,197.0,25.5,127.0,,,9085.0,,,,
1720-01-03,125.25,148.75,198.0,25.0,126.5,,,9060.0,949.0,81.5,,
1720-01-04,125.75,149.25,197.75,25.0,127.0,,,9135.0,,,,
1720-01-05,,,,,,,,9235.0,,,,
1720-01-08,126.25,149.25,198.25,23.0,127.0,,,10100.0,945.0,81.0,,
1720-01-09,126.0,149.25,198.0,24.0,127.0,,,9890.0,,,,
1720-01-10,127.5,150.0,199.75,24.0,127.0,16.75,3.12,9925.0,,,,
1720-01-11,128.0,150.25,200.0,24.0,127.0,16.62,2.25,9230.0,,,,
1720-01-12,128.38,150.25,200.25,24.0,127.0,16.62,3.12,7178.0,,,,
1720-01-13,130.0,151.5,201.25,24.0,127.5,16.81,3.0,7745.0,,,,
1720-01-14,,,,,,,,9825.0,948.0,81.0,,
1720-01-15,133.0,152.25,203.0,24.0,127.5,16.88,2.94,9555.0,,,,
1720-01-16,131.25,152.5,202.0,24.0,127.5,16.75,3.0,9335.0,,,,
1720-01-17,133.25,152.75,203.5,24.0,127.5,16.88,3.12,9310.0,951.0,81.0,,
1720-01-18,134.5,152.75,202.75,24.0,128.0,16.75,2.88,9265.0,,,,
1720-01-19,133.5,153.0,202.5,23.5,129.0,16.88,2.94,9255.0,,,,
1720-01-20,134.5,152.75,202.5,23.5,130.0,17.0,3.0,9375.0,,,,
1720-01-22,135.5,152.75,203.5,24.0,130.0,17.0,3.0,9395.0,949.0,81.0,,
1720-01-23,136.0,153.5,206.0,24.0,130.0,17.0,3.0,9505.0,,,,
1720-01-24,135.5,153.25,205.5,26.0,130.0,17.25,3.0,9555.0,954.0,81.0,,
1720-01-25,135.38,153.0,205.0,26.0,130.0,17.0,2.88,9540.0,,,,
1720-01-26,135.0,152.0,204.0,27.0,130.0,17.25,2.94,9580.0,,,,
1720-01-27,135.25,151.25,204.75,26.0,130.0,17.25,3.0,9585.0,,,,
1720-01-29,136.25,150.5,204.0,26.0,130.0,17.75,3.0,9505.0,964.0,81.0,,
1720-01-30,135.5,150.25,204.0,26.0,130.0,18.25,3.0,9015.0,,,,
1720-01-31,135.5,147.5,204.0,26.0,130.0,17.25,3.0,8950.0,963.0,82.5,,
1720-02-01,135.75,149.0,205.0,25.0,130.0,17.75,3.0,9325.0,,,,
1720-02-02,135.12,151.75,204.5,25.0,130.0,18.25,3.0,9600.0,,,,
1720-02-03,135.25,151.25,204.75,26.5,130.0,19.5,3.25,9365.0,,,,
1720-02-04,,,,,,,,9350.0,970.5,82.5,,
1720-02-05,135.0,151.0,203.75,26.5,130.0,19.5,3.75,9420.0,,,,
1720-02-06,135.25,150.0,204.0,27.0,130.0,19.5,3.75,9425.0,,,,
1720-02-07,130.5,152.5,205.0,27.0,130.0,19.33,4.17,9435.0,968.0,82.5,,
1720-02-08,129.25,152.75,204.75,26.0,130.0,19.33,4.0,9485.0,,,,
1720-02-09,128.75,153.25,204.75,26.0,130.0,19.33,4.0,9570.0,,,,
1720-02-10,130.5,153.75,205.25,25.0,130.5,19.5,4.33,9585.0,,,,
1720-02-11,,,,,,,,9600.0,,,,
1720-02-12,131.0,151.0,207.0,25.0,130.5,19.5,4.0,9595.0,968.0,81.75,,
1720-02-13,135.75,147.0,206.5,25.0,130.5,19.5,4.0,9585.0,,,,
1720-02-14,138.0,146.0,206.0,25.0,130.0,19.33,4.0,9595.0,869.0,81.5,,
1720-02-15,155.0,146.5,218.0,25.0,130.0,21.33,3.5,9590.0,,,,
1720-02-16,157.0,149.0,216.0,25.0,130.0,21.33,3.75,9180.0,,,,
1720-02-17,161.0,149.0,217.0,25.0,130.0,21.5,3.75,,,,,
1720-02-19,170.0,147.5,220.0,25.0,130.0,23.0,4.0,9580.0,980.0,81.0,,
1720-02-20,174.0,148.0,220.0,25.0,130.0,24.0,4.5,9590.0,,,,
1720-02-21,168.0,147.5,214.0,26.0,130.0,26.0,4.0,9580.0,,,,
1720-02-22,165.0,148.25,206.0,26.0,130.0,26.5,4.0,9545.0,,,,
1720-02-23,169.0,148.25,212.0,26.0,130.0,32.0,4.25,9545.0,,,,
1720-02-24,170.75,148.5,212.0,26.0,135.0,31.0,5.25,9345.0,,,,
1720-02-26,181.0,148.5,214.0,26.0,135.0,32.0,6.25,9300.0,1000.0,85.0,,
1720-02-27,184.0,148.0,216.5,26.0,135.0,37.0,6.5,9120.0,,,,
1720-02-28,182.0,148.0,216.0,36.0,135.0,37.0,5.25,8505.0,1006.0,85.0,,
1720-02-29,179.0,147.75,214.0,37.0,135.0,37.0,5.25,8825.0,,,,
1720-03-01,181.0,148.5,214.0,40.0,135.0,36.0,5.25,8450.0,,,,
1720-03-02,179.0,148.5,213.5,40.5,135.0,36.0,5.25,8800.0,1005.0,87.0,,
1720-03-03,,,,,,,,9000.0,,,,
1720-03-04,175.0,151.5,210.5,40.0,135.0,31.0,4.5,8950.0,,,,
1720-03-05,177.0,151.5,212.0,39.0,135.0,29.0,4.0,9000.0,,,,
1720-03-06,177.0,154.0,212.0,40.0,140.0,29.0,3.75,9000.0,1015.5,87.0,,
1720-03-07,173.5,153.5,213.0,40.0,140.0,26.0,4.0,8575.0,,,,
1720-03-08,170.5,153.5,212.0,44.0,140.0,27.0,4.25,8485.0,,,,
1720-03-09,174.5,153.25,212.0,42.0,141.0,23.0,3.5,8450.0,1009.0,87.0,,
1720-03-10,,,,,,,,9000.0,,,,
1720-03-11,173.25,153.5,212.0,45.0,141.0,25.0,3.33,9000.0,1015.0,85.0,,
1720-03-12,177.5,151.75,212.0,45.0,141.0,25.0,4.0,9000.0,,,,
1720-03-13,173.0,151.0,210.5,47.5,141.0,24.33,3.33,9000.0,1000.0,84.0,,
1720-03-14,178.5,150.0,211.5,47.5,141.0,25.0,3.75,9000.0,,,,
1720-03-15,179.0,150.0,212.0,47.0,141.0,25.0,3.5,9000.0,,,,
1720-03-16,182.0,,212.5,46.5,143.0,23.0,3.5,8760.0,,,,
1720-03-17,,,,,,,,9000.0,,,,
1720-03-18,184.5,,212.0,47.0,143.0,22.67,3.5,9000.0,,,,
1720-03-19,184.0,,212.0,51.0,143.0,23.0,3.5,8750.0,,,,
1720-03-20,180.0,,212.0,55.0,143.0,25.5,3.5,9000.0,,,,
1720-03-21,181.0,,207.0,50.0,143.0,26.25,3.5,9000.0,,,,
1720-03-22,182.0,,207.0,49.0,145.0,26.25,3.5,8900.0,,,,
1720-03-23,182.25,,209.0,50.0,145.0,25.0,3.62,9000.0,,,,
1720-03-24,,,,,,,,9000.0,,,,
1720-03-25,184.0,,213.0,48.0,145.0,24.0,3.25,9000.0,1007.0,85.0,,
1720-03-26,184.5,,213.0,50.0,145.0,24.5,3.5,9000.0,,,,
1720-03-27,188.0,,213.0,47.5,144.0,27.5,4.0,9000.0,1007.0,83.0,,
1720-03-28,195.0,,214.0,48.0,144.0,25.62,3.75,9000.0,,,,
1720-03-29,198.5,,214.0,47.0,144.0,26.0,3.5,9000.0,,,,
1720-03-30,220.0,,220.0,47.5,144.0,27.0,3.75,8945.0,1004.0,84.0,,
1720-03-31,,,,,,,,9000.0,,,,
1720-04-01,255.0,,250.0,50.0,145.0,29.0,4.0,,,,,
1720-04-02,275.0,,250.0,55.0,150.0,30.0,4.0,,,,,
1720-04-03,350.0,,250.0,55.0,150.0,30.0,4.0,9060.0,1008.0,84.0,,
1720-04-04,310.0,165.0,250.0,57.0,150.0,29.0,4.0,9060.0,,,,
1720-04-05,315.0,150.0,250.0,56.0,150.0,29.0,4.0,9055.0,,,,
1720-04-06,320.0,150.0,245.0,56.0,150.0,28.5,4.0,9040.0,1030.0,86.0,,
1720-04-08,320.0,150.0,245.0,56.0,145.0,29.0,4.0,,1050.0,89.0,,
1720-04-09,316.0,150.0,245.0,58.0,148.0,29.5,4.0,9012.0,,,,
1720-04-10,300.0,150.0,235.0,58.0,148.0,29.5,3.5,9000.0,,,,
1720-04-11,310.0,150.0,230.0,60.0,148.0,29.75,3.5,9003.0,,,,
1720-04-12,310.0,148.0,230.0,60.0,148.0,29.75,3.5,9000.0,,,,
1720-04-13,320.0,145.0,226.0,65.0,148.0,30.0,4.0,9000.0,1055.0,106.0,,
1720-04-15,317.0,146.0,226.0,65.0,148.0,30.5,4.0,9000.0,1070.0,107.0,,
1720-04-16,313.0,145.0,226.0,65.0,148.0,31.5,4.25,9000.0,,,,
1720-04-17,312.0,145.0,223.0,68.0,148.0,31.0,4.0,,,,,
1720-04-18,310.0,145.0,222.0,66.0,148.0,31.25,4.5,,,,,
1720-04-19,297.0,145.0,222.0,68.0,148.0,31.5,4.5,9002.0,1075.0,100.0,,
1720-04-20,285.0,144.0,217.0,67.0,148.0,31.0,4.25,9007.0,1081.0,92.75,,
1720-04-22,285.0,145.0,224.0,68.0,148.0,31.25,4.5,9007.0,1085.0,91.0,,
1720-04-23,286.0,144.5,221.0,67.0,147.0,31.25,4.75,9020.0,,,,
1720-04-24,288.0,144.0,222.0,67.0,147.0,30.25,4.75,9023.0,,,,
1720-04-25,315.0,142.0,226.0,66.0,147.0,29.5,4.75,9028.0,,,,
1720-04-26,,,,,,,,9040.0,,,,
1720-04-27,328.0,140.5,226.0,67.0,147.0,29.0,4.75,9035.0,1090.0,90.0,,
1720-04-29,,,,,,,,9027.5,1100.0,91.0,,
1720-04-30,,,,,,,,9032.5,,,,
1720-05-01,338.0,139.25,225.0,67.0,147.0,29.0,4.5,,1090.0,91.0,,
1720-05-02,344.0,139.0,222.0,67.0,147.0,28.5,4.5,9017.5,,,,
1720-05-03,345.0,143.0,222.0,67.0,147.0,29.0,5.0,9020.0,,,,
1720-05-04,352.0,149.5,225.0,67.0,147.0,30.25,11.0,9015.0,,,,
1720-05-06,352.0,150.0,236.0,64.0,147.0,31.33,11.5,9015.0,1100.0,92.0,,
1720-05-07,342.0,149.0,230.0,62.0,147.0,30.25,11.0,9010.0,,,,
1720-05-08,335.0,160.0,231.0,65.0,147.0,30.0,12.0,9005.0,1105.0,92.0,,
1720-05-09,343.0,152.0,232.0,64.0,147.0,31.33,13.0,,,,,
1720-05-10,340.0,150.0,234.0,62.0,147.0,32.25,13.25,9005.0,,,,
1720-05-11,342.0,156.0,235.0,60.0,147.0,33.5,14.0,9010.0,1104.0,92.0,,
1720-05-13,339.0,155.0,240.0,60.0,147.0,33.0,14.25,9005.0,,,,
1720-05-14,337.0,158.0,240.0,60.0,147.0,33.75,14.5,9005.0,,,,
1720-05-15,336.0,158.0,240.0,60.0,147.0,37.0,18.5,9000.0,1105.0,91.5,,
1720-05-16,336.0,161.0,239.0,63.0,147.0,39.0,16.5,9005.0,,,,
1720-05-17,342.0,161.0,242.0,64.0,147.0,38.5,16.5,,1110.0,91.0,,
1720-05-18,347.0,161.0,236.0,64.0,147.0,39.0,16.0,,,,,
1720-05-20,352.0,161.0,238.0,64.5,147.0,39.5,17.0,,,,,
1720-05-21,352.0,160.5,237.0,65.0,147.0,38.5,17.5,,,,,
1720-05-22,351.0,160.75,235.0,69.0,160.0,39.0,16.0,8050.0,1090.0,92.0,,
1720-05-23,352.0,167.0,237.0,67.0,165.0,39.0,16.5,7750.0,,,,
1720-05-24,352.0,180.0,240.0,68.0,170.0,40.5,17.25,7905.0,,,,
1720-05-25,351.0,180.0,252.0,69.0,170.0,42.0,18.0,7605.0,1090.0,92.0,,
1720-05-27,352.0,181.0,251.0,70.0,170.0,46.0,18.75,7475.0,,,,
1720-05-28,352.0,184.0,248.0,71.0,170.0,53.0,22.0,6075.0,,,,
1720-05-29,355.0,184.0,246.0,74.0,170.0,58.0,26.0,5435.0,1080.0,92.0,,
1720-05-30,375.0,198.0,252.0,85.0,170.0,62.0,32.0,4000.0,,,,
1720-05-31,400.0,201.0,260.0,95.0,170.0,63.0,31.0,4100.0,,,,
1720-06-01,452.0,209.0,280.0,110.0,185.0,80.0,40.0,5320.0,1080.0,95.0,,
1720-06-03,487.0,207.0,280.0,111.0,185.0,100.0,50.0,5780.0,1076.0,95.0,,
1720-06-04,476.0,198.0,270.0,111.0,185.0,90.0,51.0,5750.0,,,,
1720-06-05,475.0,195.0,265.0,110.0,185.0,90.0,52.0,6210.0,1076.0,96.0,,
1720-06-06,473.0,198.0,267.0,108.0,185.0,85.0,46.0,6350.0,,,,
1720-06-07,485.0,199.0,268.0,,200.0,88.0,50.0,6247.0,,,,
1720-06-08,500.0,201.0,270.0,,210.0,88.5,50.0,5990.0,1066.0,100.0,,
1720-06-10,530.0,205.0,290.0,,220.0,91.0,51.0,5820.0,1066.0,109.0,,
1720-06-11,595.0,210.0,290.0,,225.0,89.0,48.0,5150.0,,,,
1720-06-12,720.0,215.0,290.0,140.0,260.0,91.0,54.0,5255.0,,,,
1720-06-13,720.0,250.0,300.0,190.0,260.0,105.0,59.0,5235.0,1080.0,98.0,,
1720-06-14,770.0,252.0,295.0,180.0,300.0,109.0,60.0,5230.0,,,,
1720-06-15,750.0,250.0,305.0,170.0,310.0,115.0,55.0,5175.0,,,,
1720-06-17,770.0,252.0,315.0,155.0,310.0,118.0,60.0,4683.0,1030.0,108.0,,
1720-06-18,750.0,250.0,320.0,140.0,310.0,112.0,57.0,5196.0,,,,
1720-06-19,735.0,250.0,322.0,135.0,330.0,108.0,55.0,5457.0,1080.0,132.0,,
1720-06-20,740.0,240.0,315.0,140.0,340.0,105.0,56.0,5345.0,,,,
1720-06-21,745.0,240.0,330.0,140.0,340.0,101.0,55.0,5216.0,1095.0,130.0,,
1720-06-22,735.0,246.0,345.0,140.0,350.0,108.0,51.0,5065.0,,,,
1720-06-24,700.0,242.0,360.0,135.0,350.0,100.0,54.0,,1120.0,136.0,,
1720-06-25,700.0,240.0,340.0,125.0,340.0,101.0,52.0,4517.0,,,,
1720-06-26,750.0,239.0,355.0,135.0,350.0,99.0,50.0,4735.0,1135.0,165.0,,
1720-06-27,760.0,233.0,340.0,125.0,350.0,90.0,48.0,4810.0,,,,
1720-06-28,755.0,228.0,335.0,105.0,350.0,87.0,44.0,4740.0,,,,
1720-06-29,755.0,230.0,340.0,120.0,360.0,101.0,50.0,,,180.0,,
1720-07-01,760.0,230.0,335.0,125.0,400.0,102.0,54.0,4817.0,1100.0,190.0,,
1720-07-02,760.0,231.0,330.0,130.0,420.0,99.0,55.0,4895.0,,,,
1720-07-03,765.0,240.0,350.0,135.0,440.0,105.0,54.0,4880.0,,,,
1720-07-04,,270.0,395.0,170.0,440.0,108.0,57.0,4730.0,,,,
1720-07-05,,260.0,,160.0,,,54.0,4825.0,,,,
1720-07-06,,256.0,,160.0,,,60.0,4850.0,,148.0,,
1720-07-08,,248.0,,155.0,,,60.0,4825.0,1050.0,160.0,,
1720-07-09,,250.0,,155.0,,,60.0,4765.0,,,,
1720-07-10,950.0,245.0,420.0,150.0,420.0,,60.0,4713.0,,166.0,,
1720-07-11,950.0,240.0,420.0,149.0,420.0,,60.0,4645.0,,,,
1720-07-12,950.0,238.0,420.0,145.0,420.0,,73.0,4593.0,,,,
1720-07-13,875.0,238.0,395.0,145.0,410.0,,78.0,4450.0,1170.0,187.5,,
1720-07-15,875.0,237.0,395.0,150.0,410.0,,78.0,4626.0,1196.0,200.0,,
1720-07-16,875.0,236.0,395.0,135.0,410.0,,77.0,4731.0,,,,
1720-07-17,880.0,237.0,375.0,135.0,440.0,150.0,77.0,4458.0,1180.0,206.0,,
1720-07-18,880.0,237.5,375.0,138.0,440.0,140.0,74.0,4476.0,,,,
1720-07-19,880.0,236.5,375.0,139.0,440.0,145.0,74.0,4539.0,,,,
1720-07-20,900.0,234.0,390.0,140.0,430.0,148.0,70.0,4550.0,,198.5,,
1720-07-22,900.0,234.0,390.0,135.0,430.0,149.0,72.0,4604.0,1186.0,200.0,,
1720-07-23,900.0,232.0,390.0,130.0,430.0,147.0,73.0,5190.0,,,,
1720-07-24,880.0,230.0,390.0,139.0,430.0,149.0,74.0,5403.0,1180.0,226.0,2800.0,
1720-07-25,880.0,245.0,390.0,150.0,420.0,148.0,73.0,,,,,
1720-07-26,890.0,244.0,370.0,150.0,420.0,148.0,74.0,5165.0,,280.0,,
1720-07-27,895.0,245.0,360.0,150.0,420.0,150.0,79.0,5058.0,1185.0,227.5,2600.0,
1720-07-29,890.0,245.0,350.0,148.0,410.0,152.0,79.0,4848.0,,235.0,2650.0,
1720-07-30,880.0,242.0,350.0,147.0,410.0,156.0,82.0,4860.0,,,,
1720-07-31,870.0,240.0,365.0,147.0,420.0,156.0,82.0,4840.0,1160.0,235.0,,
1720-08-01,870.0,236.0,365.0,145.0,420.0,156.0,82.0,,,,,
1720-08-02,870.0,235.0,375.0,147.0,425.0,156.0,80.0,,,,3500.0,
1720-08-03,870.0,235.0,375.0,147.0,425.0,156.0,81.0,,1125.0,247.5,4575.0,
1720-08-05,,,,,,157.0,80.0,,1175.0,266.0,,
1720-08-06,870.0,235.0,375.0,140.0,425.0,156.0,81.0,4603.0,,,,
1720-08-07,860.0,238.0,370.0,140.0,425.0,156.0,82.0,4673.0,1170.0,345.0,3775.0,
1720-08-08,860.0,239.5,375.0,141.0,425.0,155.0,80.0,4573.0,,,,
1720-08-09,860.0,236.0,370.0,140.0,425.0,154.0,81.0,4567.0,,,,
1720-08-10,860.0,234.0,365.0,138.0,425.0,153.0,81.0,,1195.0,340.0,4125.0,
1720-08-11,850.0,233.0,365.0,137.0,425.0,,,,,,,
1720-08-12,,,,,,,,4687.0,1206.0,360.0,,
1720-08-13,840.0,230.0,365.0,138.0,,154.0,82.0,4659.0,,,,
1720-08-14,810.0,229.0,350.0,138.0,420.0,157.0,84.0,4660.0,1200.0,352.0,,
1720-08-15,820.0,225.0,350.0,140.0,420.0,159.0,87.0,,,,,
1720-08-16,810.0,223.5,355.0,,420.0,162.0,90.0,4680.0,,,,
1720-08-17,810.0,222.0,360.0,140.0,420.0,163.0,95.0,4724.0,1160.0,352.0,3800.0,
1720-08-18,,,,,420.0,,,,,,,
1720-08-19,805.0,220.0,375.0,140.0,,165.0,98.0,4640.0,1210.0,360.0,3600.0,
1720-08-20,810.0,225.0,390.0,140.0,420.0,167.0,100.0,4610.0,,,,
1720-08-21,805.0,225.0,375.0,140.0,420.0,176.0,99.0,4553.0,1158.0,350.0,3825.0,
1720-08-22,820.0,224.0,370.0,140.0,420.0,195.0,103.0,4406.0,,,,
1720-08-23,815.0,226.0,363.0,135.0,420.0,198.0,107.0,4396.0,,,,
1720-08-24,820.0,225.0,365.0,135.0,420.0,204.0,125.0,,,405.0,3875.0,
1720-08-25,,,,,420.0,,,,,,,
1720-08-26,805.0,228.0,370.0,132.0,,225.0,135.0,4393.0,,500.0,3900.0,
1720-08-27,790.0,227.0,360.0,127.0,420.0,210.0,125.0,4450.0,,,,
1720-08-28,800.0,226.0,360.0,124.0,420.0,200.0,115.0,4400.0,1200.0,575.0,3925.0,
1720-08-29,780.0,224.0,350.0,118.0,420.0,190.0,115.0,4433.0,,,,
1720-08-30,760.0,223.0,330.0,128.0,410.0,128.0,110.0,4373.0,,,,
1720-08-31,765.0,223.0,335.0,135.0,410.0,185.0,115.0,4367.0,,570.0,4500.0,
1720-09-01,,,,,400.0,,,,,,,
1720-09-02,750.0,220.0,330.0,130.0,,160.0,95.0,4367.0,1190.0,530.0,,
1720-09-03,740.0,225.0,320.0,128.0,400.0,160.0,95.0,4333.0,,,,
1720-09-04,820.0,225.0,330.0,122.0,400.0,150.0,98.0,4247.0,,517.0,4525.0,
1720-09-05,810.0,227.0,340.0,128.0,400.0,135.0,96.0,4247.0,,,,
1720-09-06,800.0,230.0,345.0,130.0,400.0,140.0,95.0,4167.0,,,,
1720-09-07,800.0,229.0,350.0,130.0,400.0,135.0,94.0,4200.0,,,4325.0,
1720-09-08,,,,,400.0,,,,,,,
1720-09-09,775.0,230.0,350.0,140.0,,150.0,95.0,4200.0,,500.0,4400.0,
1720-09-10,750.0,225.0,345.0,130.0,400.0,135.0,90.0,4200.0,,,,
1720-09-11,810.0,226.0,345.0,135.0,400.0,130.0,90.0,4200.0,,500.0,4275.0,
1720-09-12,,227.0,348.0,130.0,400.0,133.0,88.0,4383.0,,,,
1720-09-13,,,,,410.0,,,4600.0,,,,
1720-09-14,750.0,225.0,340.0,123.0,,105.0,60.0,4653.0,1190.0,457.5,4225.0,
1720-09-15,,,,,400.0,,,,,,,
1720-09-16,740.0,220.0,334.0,115.0,,115.0,67.0,4650.0,1100.0,450.0,4225.0,
1720-09-17,700.0,220.0,315.0,110.0,400.0,110.0,59.0,4633.0,,,,
1720-09-18,705.0,218.0,315.0,105.0,400.0,100.0,60.0,4566.0,,450.0,4000.0,
1720-09-19,660.0,216.0,300.0,104.0,400.0,100.0,53.0,4473.0,,,,
1720-09-20,630.0,210.0,300.0,95.0,390.0,100.0,50.0,4483.0,,,,
1720-09-21,640.0,220.0,300.0,100.0,400.0,95.0,50.0,,,452.5,3900.0,
1720-09-22,,,,,400.0,,,,,,,
1720-09-23,595.0,210.0,290.0,95.0,,90.0,48.0,4433.0,,450.0,3825.0,
1720-09-24,590.0,205.0,285.0,85.0,390.0,80.0,40.0,4497.0,1014.0,412.5,3975.0,
1720-09-25,570.0,215.0,280.0,80.0,390.0,90.0,40.0,4853.0,,,,
1720-09-26,565.0,215.0,275.0,78.0,390.0,70.0,38.0,5100.0,,,,
1720-09-27,535.0,,280.0,65.0,380.0,,33.0,4967.0,,,,
1720-09-28,440.0,,270.0,60.0,370.0,65.0,35.0,5000.0,,387.5,4250.0,
1720-09-29,,,,,370.0,,,,,,,
1720-09-30,400.0,,240.0,60.0,,60.0,30.0,5133.0,1050.0,385.0,4250.0,1620.0
1720-10-01,410.0,,240.0,60.0,370.0,63.0,33.0,5167.0,,,,
1720-10-02,400.0,,230.0,55.0,380.0,,32.0,5167.0,,345.0,3600.0,
1720-10-03,405.0,,220.0,55.0,380.0,,33.0,5107.0,,,,
1720-10-04,390.0,,230.0,60.0,290.0,70.0,30.0,4919.0,,,,
1720-10-05,370.0,,220.0,60.0,280.0,70.0,30.0,4833.0,,,,
1720-10-06,,,,,280.0,,,,,,3300.0,
1720-10-07,300.0,,190.0,55.0,,65.0,28.0,4787.0,1020.0,270.0,3175.0,2160.0
1720-10-08,300.0,,190.0,55.0,280.0,45.0,25.0,,,,,
1720-10-09,180.0,,175.0,50.0,280.0,40.0,30.0,4800.0,1010.0,270.0,3150.0,2160.0
1720-10-10,200.0,,160.0,45.0,280.0,38.0,18.0,4880.0,,,,
1720-10-11,310.0,,180.0,60.0,280.0,45.0,25.0,4847.0,,,,
1720-10-12,290.0,190.0,195.0,50.0,280.0,45.0,30.0,,1000.0,,2225.0,2100.0
1720-10-13,,,,,200.0,,,4753.0,,,,
1720-10-14,260.0,190.0,180.0,60.0,,50.0,30.0,4467.0,870.0,,2650.0,2040.0
1720-10-15,260.0,190.0,180.0,55.0,200.0,45.0,25.0,3933.0,,,,
1720-10-16,275.0,190.0,190.0,50.0,200.0,45.0,25.0,3733.0,855.0,210.0,2275.0,2040.0
1720-10-17,260.0,190.0,190.0,50.0,200.0,40.0,20.0,3400.0,,,,
1720-10-18,270.0,190.0,180.0,55.0,200.0,40.0,20.0,3667.0,,,,
1720-10-19,265.0,180.0,175.0,55.0,200.0,35.0,20.0,,890.0,200.0,2150.0,
1720-10-20,,,,,200.0,,,3633.0,,,,
1720-10-21,255.0,180.0,175.0,50.0,,35.0,20.0,3200.0,840.0,195.0,2075.0,2100.0
1720-10-22,250.0,180.0,175.0,50.0,200.0,30.0,15.0,3267.0,,,,
1720-10-23,210.0,150.0,160.0,45.0,200.0,30.0,20.0,3330.0,,200.0,1975.0,2100.0
1720-10-24,210.0,140.0,150.0,40.0,180.0,25.0,16.0,3733.0,,,,
1720-10-25,200.0,140.0,145.0,40.0,180.0,27.0,17.0,4000.0,,,,
1720-10-26,195.0,140.0,150.0,42.0,180.0,27.0,17.0,,,130.0,1750.0,2160.0
1720-10-27,,,,,180.0,,,,,,,
1720-10-28,210.0,145.0,155.0,40.0,,25.0,17.0,4233.0,800.0,120.0,1575.0,1800.0
1720-10-29,215.0,155.0,170.0,46.0,180.0,30.0,20.0,4253.0,,,,
1720-10-30,240.0,160.0,190.0,46.0,190.0,25.0,20.0,4117.0,830.0,150.0,1500.0,1800.0
1720-10-31,240.0,160.0,190.0,50.0,210.0,25.0,22.0,,,,,
1720-11-01,220.0,150.0,170.0,45.0,210.0,20.0,19.0,,,,,
1720-11-02,220.0,148.0,165.0,50.0,210.0,22.0,19.0,3967.0,825.0,150.0,1125.0,2160.0
1720-11-03,,,,,210.0,,,,,,,
1720-11-04,220.0,145.0,155.0,50.0,,22.0,19.0,3650.0,,150.0,1475.0,2250.0
1720-11-05,220.0,148.0,160.0,50.0,210.0,22.0,19.0,3500.0,,,,
1720-11-06,210.0,145.0,160.0,50.0,210.0,20.0,20.0,3600.0,,150.0,1400.0,2220.0
1720-11-07,212.0,140.0,160.0,47.0,210.0,20.0,19.0,3450.0,,,,
1720-11-08,208.0,142.0,160.0,47.0,210.0,20.0,20.0,3600.0,,,,
1720-11-09,220.0,142.0,160.0,48.0,210.0,20.0,22.0,,770.0,110.0,1275.0,2160.0
1720-11-10,,,,,200.0,,,,,,,
1720-11-11,210.0,142.0,165.0,48.0,,19.0,20.0,3517.0,790.0,108.0,,
1720-11-12,212.0,142.0,170.0,47.0,200.0,18.0,20.0,3517.0,,,,
1720-11-13,208.0,141.0,165.0,45.0,200.0,18.0,19.0,3677.0,,,1125.0,2040.0
1720-11-14,220.0,147.0,168.0,47.0,200.0,18.0,18.0,3733.0,,,,
1720-11-15,215.0,150.0,180.0,47.0,200.0,18.0,18.0,3733.0,,,,
1720-11-16,220.0,150.0,180.0,50.0,200.0,20.0,20.0,,,125.0,,1980.0
1720-11-17,,,,,190.0,,,3633.0,,,,
1720-11-18,214.0,150.0,180.0,48.0,,19.0,19.0,3483.0,795.0,125.0,1125.0,1980.0
1720-11-19,214.0,149.0,180.0,48.0,190.0,19.0,19.0,3367.0,,,,
1720-11-20,213.0,148.0,175.0,52.0,190.0,15.0,18.0,3370.0,,,,
1720-11-21,212.0,148.0,175.0,52.0,190.0,14.0,16.0,3420.0,,,,
1720-11-22,210.0,153.0,178.0,47.0,190.0,14.0,16.0,3300.0,830.0,120.0,1075.0,2040.0
1720-11-23,210.0,152.0,180.0,50.0,190.0,15.0,17.0,,825.0,120.0,875.0,2040.0
1720-11-24,,,,,190.0,,,3367.0,,,,
1720-11-25,195.0,152.0,175.0,52.0,,12.5,17.5,3640.0,855.0,122.5,,1920.0
1720-11-26,195.0,147.0,170.0,45.0,190.0,12.0,12.0,,,,,
1720-11-27,160.0,140.0,160.0,38.0,190.0,12.0,12.0,,894.5,122.0,925.0,
1720-11-28,160.0,142.0,160.0,34.0,190.0,10.0,10.0,,,,,
1720-11-29,175.0,140.0,170.0,34.0,190.0,10.0,10.0,,,,,
1720-11-30,205.0,150.0,180.0,40.0,190.0,11.0,12.0,,,,775.0,
1720-12-01,,,,,190.0,,,,,,,
1720-12-02,210.0,147.0,176.0,45.0,,14.0,14.0,,875.0,121.5,775.0,
1720-12-03,208.0,144.0,175.0,42.0,190.0,11.0,12.5,,,,,
1720-12-04,197.0,143.0,166.0,40.0,190.0,11.0,12.0,,870.0,122.5,775.0,
1720-12-05,181.0,143.0,166.0,47.0,180.0,10.0,12.5,,,,,
1720-12-06,185.0,140.0,162.0,50.0,180.0,10.0,12.0,,,,,
1720-12-07,,142.0,162.0,45.0,180.0,10.0,12.0,,,,,
1720-12-08,,,,,180.0,,,,,,,
1720-12-09,,148.0,165.0,45.0,,11.0,13.5,,870.0,122.0,775.0,
1720-12-10,,150.0,170.0,48.0,180.0,10.5,12.62,,,,,
1720-12-11,,145.0,165.0,48.0,180.0,10.5,12.5,,845.0,110.0,725.0,
1720-12-12,,145.0,165.0,46.0,180.0,10.0,12.5,,,,,
1720-12-13,,144.0,165.0,46.0,180.0,10.0,12.0,,,,,
1720-12-14,,144.0,160.0,45.0,180.0,10.0,12.0,,,,750.0,
1720-12-15,,,,,180.0,,,,,,,
1720-12-16,,142.0,160.0,45.0,,10.0,12.5,,840.0,105.0,675.0,
1720-12-17,,142.0,160.0,45.0,180.0,10.0,12.0,,,,,
1720-12-18,,141.0,160.0,45.0,180.0,9.5,12.5,,840.0,103.5,675.0,
1720-12-19,,145.0,160.0,45.0,180.0,10.0,12.5,,,,,
1720-12-20,,141.0,155.0,45.0,180.0,10.0,12.0,,,,,
1720-12-21,,141.0,150.0,45.0,175.0,9.5,11.0,,,,,
1720-12-22,,,,,175.0,,,,,,,
1720-12-23,,138.0,150.0,45.0,,9.5,11.0,,840.0,111.0,725.0,
1720-12-24,,137.0,148.0,41.0,175.0,7.5,10.0,,,,,
1720-12-25,,136.0,148.0,40.0,175.0,8.0,10.0,,,,,
1720-12-26,,145.0,158.0,40.0,175.0,8.5,10.5,,,,,
1720-12-27,,,,,175.0,,,,,,,
1720-12-28,,138.0,152.0,40.0,,8.5,10.5,,,,675.0,
1720-12-29,,,,,175.0,,,,,,,
1720-12-30,,141.0,155.0,42.0,,8.5,10.5,,,,,
1720-12-31,,142.0,160.0,42.0,175.0,8.5,10.0,,,,,
