date,"5s, 1853","6s, 1862","6s, 1856","6s, 1867","6s, 1868","5s, 1865","5s, 1874"
1843-02-11,,102.4375,,,,,
1843-02-18,,103.375,,,,,
1843-02-25,,103.5,,,,,
1843-03-04,,,,,,,
1843-03-11,,104.875,,,,,
1843-03-18,,106.625,,,,,
1843-03-25,,107.125,,,,,
1843-04-01,,107.25,,,,,
1843-04-08,,107.5,,,,,
1843-04-15,,108.5,,,,,
1843-04-22,,112.5,,,,,
1843-04-29,,112.375,,,,,
1843-05-06,,112.25,,,,,
1843-05-13,,112.75,,,,,
1843-05-20,,112.25,,,,,
1843-05-27,,113.5,,,,,
1843-06-03,,112.75,,,,,
1843-06-10,,112.625,,,,,
1843-06-17,,112.75,,,,,
1843-06-24,,113.75,,,,,
1843-07-01,,,,,,,
1843-07-08,104.75,115.75,,,,,
1843-07-15,104.75,115.0,,,,,
1843-07-22,103.75,114.5,,,,,
1843-07-29,,114.125,,,,,
1843-08-05,,,,,,,
1843-08-12,,113.875,,,,,
1843-08-19,103.5,114.375,,,,,
1843-08-26,,114.25,,,,,
1843-09-02,,113.875,,,,,
1843-09-09,,113.75,,,,,
1843-09-16,102.875,114.3125,,,,,
1843-09-23,,114.125,,,,,
1843-09-30,,114.125,,,,,
1843-10-07,,114.3125,,,,,
1843-10-14,103.5,114.5,,,,,
1843-10-21,,114.9375,,,,,
1843-10-28,103.75,115.625,,,,,
1843-11-04,104.375,116.375,,,,,
1843-11-11,105.625,118.5,,,,,
1843-11-18,105.0,108.375,,,,,
1843-11-25,105.875,118.625,,,,,
1843-12-02,105.25,115.25,,,,,
1843-12-09,105.375,116.125,,,,,
1843-12-16,103.625,116.1875,,,,,
1843-12-23,103.625,115.75,,,,,
1843-12-30,103.625,115.125,,,,,
1844-01-06,103.375,115.0,,,,,
1844-01-13,103.0,114.375,,,,,
1844-01-20,102.5,113.25,,,,,
1844-01-27,102.5625,113.625,,,,,
1844-02-03,102.875,113.25,,,,,
1844-02-10,102.625,113.8125,,,,,
1844-02-17,102.875,114.25,,,,,
1844-02-24,103.5,115.75,,,,,
1844-03-02,103.625,115.5,,,,,
1844-03-09,103.75,116.3125,,,,,
1844-03-16,103.75,115.875,,,,,
1844-03-23,102.375,113.375,,,,,
1844-03-30,102.375,113.125,,,,,
1844-04-06,102.375,112.625,,,,,
1844-04-13,101.875,113.0,,,,,
1844-04-20,102.125,112.8125,,,,,
1844-04-27,102.125,113.25,,,,,
1844-05-04,103.25,114.75,,,,,
1844-05-11,103.5,114.875,,,,,
1844-05-18,104.5,115.25,,,,,
1844-05-25,104.5,115.375,,,,,
1844-06-01,104.75,116.625,,,,,
1844-06-08,102.375,113.5,,,,,
1844-06-15,102.0,112.5,,,,,
1844-06-22,102.25,112.9375,,,,,
1844-06-29,102.0,113.0625,,,,,
1844-07-06,102.25,113.375,,,,,
1844-07-13,102.375,113.25,,,,,
1844-07-20,102.4375,113.8125,,,,,
1844-07-27,102.9375,114.5,,,,,
1844-08-03,104.0,114.875,,,,,
1844-08-10,103.25,115.375,,,,,
1844-08-15,,,,,,,
1844-08-24,102.875,115.375,,,,,
1844-08-31,103.25,115.25,,,,,
1844-09-07,103.375,115.25,,,,,
1844-09-14,103.75,115.25,,,,,
1844-09-21,103.75,115.8125,,,,,
1844-09-28,104.75,116.0,,,,,
1844-10-05,104.875,116.1875,,,,,
1844-10-12,105.0,116.75,,,,,
1844-10-19,106.0,118.5,,,,,
1844-10-26,106.25,118.5,,,,,
1844-11-02,106.25,119.0,,,,,
1844-11-09,106.5,120.0,,,,,
1844-11-16,104.5,118.125,,,,,
1844-11-23,104.875,115.625,,,,,
1844-11-30,104.75,115.5,,,,,
1844-12-07,102.625,113.0,,,,,
1844-12-14,102.75,114.125,,,,,
1844-12-21,103.5,113.5,,,,,
1844-12-28,103.25,112.875,,,,,
1845-01-04,103.75,114.0,,,,,
1845-01-11,104.0,114.0,,,,,
1845-01-18,103.75,113.9375,,,,,
1845-01-25,103.5,114.0,,,,,
1845-02-01,103.5,114.0,,,,,
1845-02-08,103.25,114.0,,,,,
1845-02-15,103.875,114.0,,,,,
1845-02-22,104.25,114.0,,,,,
1845-03-01,104.25,114.25,,,,,
1845-03-08,,,,,,,
1845-03-15,103.0,114.0,,,,,
1845-03-22,104.0,113.75,,,,,
1845-03-29,104.25,114.5,,,,,
1845-04-05,104.25,114.125,,,,,
1845-04-12,103.5,114.0,,,,,
1845-04-19,,,,,,,
1845-04-26,104.0,113.0,,,,,
1845-05-03,104.0,112.875,,,,,
1845-05-10,104.25,113.0,,,,,
1845-05-17,,113.0,,,,,
1845-05-24,104.25,113.875,,,,,
1845-05-31,104.0,114.5,,,,,
1845-06-07,103.5,112.5,,,,,
1845-06-14,,112.25,,,,,
1845-06-21,102.25,112.25,,,,,
1845-06-28,102.75,112.0,,,,,
1845-07-05,103.0,113.0,,,,,
1845-07-12,104.0,114.0,,,,,
1845-07-19,,,,,,,
1845-07-26,104.5,115.0,,,,,
1845-08-02,104.0,114.25,,,,,
1845-08-09,103.75,114.25,,,,,
1845-08-16,103.75,114.0,,,,,
1845-08-23,103.25,110.5,,,,,
1845-08-30,103.25,109.625,,,,,
1845-09-06,,,,,,,
1845-09-13,103.125,110.75,,,,,
1845-09-20,103.75,110.625,,,,,
1845-09-27,103.0,111.0,,,,,
1845-10-04,103.0,111.5,,,,,
1845-10-11,103.0,111.75,,,,,
1845-10-18,103.0,111.5,,,,,
1845-10-25,102.625,111.375,,,,,
1845-11-01,103.0,111.75,,,,,
1845-11-08,102.875,111.0,,,,,
1845-11-15,102.5,110.5,,,,,
1845-11-22,103.0,111.25,,,,,
1845-11-29,104.0,112.0,,,,,
1845-12-06,,109.125,,,,,
1845-12-13,100.5,108.75,,,,,
1845-12-20,100.25,107.0,,,,,
1845-12-27,96.375,106.0,,,,,
1846-01-03,96.375,107.5,,,,,
1846-01-10,,107.75,,,,,
1846-01-17,98.0,106.5,,,,,
1846-01-24,98.5,106.0,,,,,
1846-01-31,,107.75,,,,,
1846-02-07,98.75,108.0,,,,,
1846-02-14,99.5,107.75,,,,,
1846-02-21,99.5,108.0,,,,,
1846-02-28,99.0,110.5,,,,,
1846-03-07,,110.5,,,,,
1846-03-14,101.5,111.125,,,,,
1846-03-21,101.0,111.5,,,,,
1846-03-28,100.0,110.0,,,,,
1846-04-04,101.5,110.5,,,,,
1846-04-11,101.5,108.75,,,,,
1846-04-18,,107.0,,,,,
1846-04-25,,108.5,,,,,
1846-05-02,,109.0,,,,,
1846-05-09,100.0,109.375,,,,,
1846-05-16,98.0,106.75,,,,,
1846-05-23,,104.0,,,,,
1846-05-30,,104.5,,,,,
1846-06-06,98.0,102.0,,,,,
1846-06-13,100.375,104.75,,,,,
1846-06-20,100.0,104.0,,,,,
1846-06-27,100.0,104.0,,,,,
1846-07-04,,,,,,,
1846-07-11,98.75,106.0,,,,,
1846-07-18,98.5,107.0,,,,,
1846-07-25,,106.0,,,,,
1846-08-01,98.5,106.25,,,,,
1846-08-08,99.0,106.125,,,,,
1846-08-15,,106.0,,,,,
1846-08-22,,104.75,,,,,
1846-08-29,,102.75,,,,,
1846-09-05,96.5,103.0,,,,,
1846-09-12,,105.0,,,,,
1846-09-19,,104.5,,,,,
1846-09-26,97.25,105.5,,,,,
1846-10-03,96.6875,106.25,,,,,
1846-10-10,96.25,106.0,,,,,
1846-10-17,,,,,,,
1846-10-24,,106.25,,,,,
1846-10-31,96.0,105.5,,,,,
1846-11-07,95.5,104.5,,,,,
1846-11-14,96.5,106.5,,,,,
1846-11-21,96.5,105.375,,,,,
1846-11-28,,,,,,,
1846-12-05,93.5,101.75,,,,,
1846-12-12,93.5,100.5,,,,,
1846-12-19,91.0,100.25,99.25,,,,
1846-12-26,91.25,100.5,99.125,,,,
1847-01-02,91.375,101.0,98.75,,,,
1847-01-09,91.3125,100.1875,98.5,,,,
1847-01-16,91.0,100.0,97.25,,,,
1847-01-23,,100.4375,98.625,,,,
1847-01-30,,,,,,,
1847-02-06,,102.75,101.125,,,,
1847-02-13,,102.5,100.625,,,,
1847-02-20,94.5,103.0,101.375,,,,
1847-02-27,94.0,103.0,101.5,,,,
1847-03-06,94.5,103.0,101.4375,,,,
1847-03-13,,102.5,101.625,,,,
1847-03-20,94.0,102.375,101.375,,,,
1847-03-27,94.0,,101.6875,,,,
1847-04-03,94.25,102.75,101.75,,,,
1847-04-10,93.0,103.0,101.875,,,,
1847-04-17,94.5,104.75,104.0,,,,
1847-04-24,95.5,104.5,104.625,,,,
1847-05-01,,,,,,,
1847-05-08,96.0,105.0,105.75,,,,
1847-05-15,,106.5,105.75,,,,
1847-05-22,96.0,106.5,106.0,,,,
1847-05-29,98.0,107.5,106.875,,,,
1847-06-05,96.0,,103.5,,,,
1847-06-12,,106.25,104.625,,,,
1847-06-19,96.0,105.75,105.0,,,,
1847-06-26,97.5,106.25,105.25,,,,
1847-07-03,98.5,107.25,105.5,,,,
1847-07-10,,106.75,106.125,,,,
1847-07-17,,105.5,105.0,,,,
1847-07-24,98.0,105.5,105.75,,,,
1847-07-31,98.0,105.375,105.0,,,,
1847-08-07,96.5,105.5,105.375,106.125,,,
1847-08-14,97.0,105.0,104.75,105,,,
1847-08-21,97.0,103.875,,104,,,
1847-08-28,,104.375,102.875,104.5,,,
1847-09-04,,103.75,103.5,104,,,
1847-09-11,,102.0,,103.625,,,
1847-09-18,,104.75,,104.75,,,
1847-09-25,,105.25,105.0,105.375,,,
1847-10-02,98.25,105.0,103.25,104.5,,,
1847-10-09,,103.25,,102.75,,,
1847-10-16,,103.25,,103.25,,,
1847-10-23,93.0,102.75,101.5,103.0625,,,
1847-10-30,93.0,102.5,,102.875,,,
1847-11-06,93.0,102.75,,102.875,,,
1847-11-13,,102.0,101.5,102.375,,,
1847-11-20,,,,,,,
1847-11-27,,103.0,,102.5,,,
1847-12-04,,98.625,100.0,99.25,,,
1847-12-11,,98.75,99.0,99.5,,,
1847-12-18,,98.5,,,,,
1847-12-27,,99.25,,99.3125,,,
1848-01-03,,98.5,98.5,98.5,,,
1848-01-08,91.5,98.875,98.25,99.25,,,
1848-01-15,,98.375,,98.4375,,,
1848-01-22,87.625,97.5,96.375,98.375,,,
1848-01-29,87.5,97.0,96.0,99.125,,,
1848-02-05,89.25,98.0,97.125,100,,,
1848-02-12,91.25,100.25,98.25,101,,,
1848-02-19,,100.125,99.5,101,,,
1848-02-26,95.0,103.5,103.75,104,,,
1848-03-04,93.0,102.25,100.5,103,,,
1848-03-11,93.0,102.75,101.0,103.625,,,
1848-03-18,94.375,102.75,102.1875,103.25,,,
1848-03-25,92.25,102.25,101.75,102.25,,,
1848-04-01,92.0,102.75,102.0625,102.75,,,
1848-04-08,93.5,103.375,,103.625,,,
1848-04-15,94.0,104.0,103.125,104.125,,,
1848-04-23,93.0,103.0,103.0,104.25,,,
1848-04-29,,104.0625,102.625,104.5,,,
1848-05-06,93.0,,102.4375,104.5,,,
1848-05-13,94.5,103.25,102.5,104.3125,,,
1848-05-20,95.375,,102.5625,104.75,,,
1848-05-27,95.0,104.125,103.75,104.625,,,
1848-06-03,93.5,101.75,100.375,102.125,,,
1848-06-10,93.5,102.25,101.625,102.75,,,
1848-06-17,94.0,102.0,101.0,103,,,
1848-06-24,94.0,103.0,102.75,104.125,,,
1848-07-01,95.0,104.25,102.5,104.5,,,
1848-07-08,,104.375,103.0,104.75,,,
1848-07-15,,103.8125,103.0625,104.375,,,
1848-07-22,93.5,103.375,103.0,104.25,,,
1848-07-29,94.0,103.75,103.0,104,,,
1848-08-05,93.25,,102.0,103.5,,,
1848-08-12,93.375,103.5,102.0,104.375,,,
1848-08-19,93.125,103.125,102.25,104.4375,,,
1848-08-26,93.375,103.125,102.875,104.25,,,
1848-09-02,93.5,,102.0,104,,,
1848-09-09,93.375,103.25,102.5,104,,,
1848-09-16,94.0,103.4375,103.375,104.25,,,
1848-09-23,93.75,102.875,101.0,104,,,
1848-09-30,93.375,103.5,102.75,104.125,,,
1848-10-07,93.0,103.0,103.0,104,,,
1848-10-14,93.375,103.25,102.5,104.375,,,
1848-10-21,93.9375,103.0,102.75,104.5625,,,
1848-10-28,94.125,103.75,103.0,104.375,,,
1848-11-04,94.375,104.0,103.1875,105,,,
1848-11-11,,104.0,103.375,105.375,,,
1848-11-18,95.75,104.75,103.875,105.625,,,
1848-11-25,98.0,107.25,104.75,107.5625,108.125,,
1848-12-02,96.75,104.75,102.5,,105.75,,
1848-12-09,97.0,,103.125,106.375,107.0,,
1848-12-16,97.5,106.0,103.5625,107.6875,108.5,,
1848-12-23,97.875,106.625,103.75,107.625,107.875,,
1848-12-30,,104.625,103.625,107,107.0,,
1849-01-06,,107.0,104.5,108.125,108.4375,,
1849-01-13,,107.25,104.75,108,109.0,,
1849-01-20,99.25,107.75,105.0,108.875,109.625,,
1849-01-27,99.75,,105.0625,109.375,109.8125,,
1849-02-03,99.5,,,108.25,109.5,,
1849-02-10,97.75,106.75,103.75,108.5,109.25,,
1849-02-17,99.0,107.5,,110.125,111.25,,
1849-02-24,99.5,109.0,105.625,111.75,113.0,,
1849-03-03,99.5,109.125,105.125,111.625,112.75,,
1849-03-10,99.25,109.5,105.25,111.875,112.75,,
1849-03-17,99.25,108.0,,110.5,112.5,,
1849-03-24,,,,,,,
1849-03-31,,,,,,,
1849-04-07,97.625,107.75,104.5,109.875,,,
1849-04-14,98.125,107.5,104.75,110.5,110.75,,
1849-04-21,99.0,,105.5,110.625,111.75,,
1849-04-28,,108.625,106.125,111.125,111.75,,
1849-05-05,99.25,109.25,106.75,111.875,112.25,,
1849-05-12,100.0,109.25,107.0,112.5,,,
1849-05-19,100.25,109.5,106.75,112.5,113.25,,
1849-05-25,101.5,105.125,107.0,113.5,114.5,,
1849-06-02,97.5,108.0,106.0,111,111.875,,
1849-06-09,100.125,110.25,106.0,113.875,114.75,,
1849-06-16,100.0,111.0,107.5,116.5,117.5,,
1849-06-23,101.25,111.5,107.5,117,117.5,,
1849-06-30,101.375,111.75,107.5,116.9375,,,
1849-07-07,101.75,111.875,107.5,116.875,117.0,,
1849-07-14,101.5,111.375,107.125,116.5,116.375,,
1849-07-21,101.375,111.25,107.1875,116.6875,116.9375,,
1849-07-28,101.375,111.375,106.8125,116.1875,116.25,,
1849-08-04,101.375,111.625,107.0,115.4375,115.375,,
1849-08-11,101.375,111.375,107.0625,115.1875,115.125,,
1849-08-18,101.375,111.5,107.1875,114.5,114.4375,,
1849-08-25,,111.125,107.0,114.5,114.875,,
1849-09-01,101.0,111.0,107.1875,113.625,114.25,,
1849-09-08,,110.0,107.25,113.25,118.25,,
1849-09-15,100.125,109.625,107.0,112.375,112.75,,
1849-09-22,,108.75,106.5,111.5,111.5,,
1849-09-29,,109.5,106.0,111.25,111.375,,
1849-10-06,,109.0,106.0,110,110.5,,
1849-10-13,,109.0,107.0625,,,,
1849-10-20,,109.5,107.0,112.25,112.5625,,
1849-10-27,,110.0,108.0,113.5,113.5625,,
1849-11-03,,,,,,,
1849-11-10,,,,,,,
1849-11-17,,,,114,,,
1849-11-24,102.125,111.0,108.5,114.125,,,
1849-12-01,,111.5,110.0,114.0625,114.3125,,
1849-12-08,100.0625,108.5,106.75,110.625,111.0,,
1849-12-15,100.0625,108.25,106.5,111.125,111.25,,
1849-12-22,100.125,108.625,106.75,110.5,110.75,,
1849-12-29,100.125,108.5,105.875,111,111.125,,
1850-01-05,100.5,,106.125,111.375,,,
1850-01-12,100.5,108.75,106.0,111.375,,,
1850-01-19,100.875,108.75,105.5625,111.6875,,,
1850-01-26,100.6875,108.75,106.0,111.9375,112.75,,
1850-02-02,100.875,109.5,106.0,112.25,,,
1850-02-09,,109.875,106.625,112.5,112.75,,
1850-02-16,,110.3125,106.8125,113.625,113.6875,,
1850-02-23,103.375,110.375,107.125,113,114.625,,
1850-03-02,101.5,110.3125,107.0,113.5,114.25,,
1850-03-09,,,,,,,
1850-03-16,101.75,110.5625,107.125,115.1875,115.25,,
1850-03-23,101.625,111.0,107.125,114.375,114.75,,
1850-03-30,,,,,,,
1850-04-06,103.0,111.75,108.75,115.5,115.875,,
1850-04-13,103.75,113.0,109.25,117,,,
1850-04-20,,113.0,109.25,117.125,117.25,,
1850-04-27,103.0,114.5,109.375,118.3125,118.375,,
1850-05-04,103.125,114.75,109.625,119.0625,119.25,,
1850-05-11,103.25,114.625,110.0,118.9375,119.25,,
1850-05-18,103.25,114.125,,118.6875,118.8125,,
1850-05-25,103.625,115.0,109.9375,118.9375,119.125,,
1850-06-01,103.75,116.25,110.125,119.5625,119.875,,
1850-06-08,,113.0,,116.5,,,
1850-06-15,104.375,111.875,106.875,115.875,,,
1850-06-22,,112.0,106.875,115.625,,,
1850-06-29,,,107.0,115.375,,,
1850-07-06,,112.125,,115.3125,116.1875,,
1850-07-13,,,107.125,114.875,115.375,,
1850-07-20,,111.125,,114.5625,115.25,,
1850-07-27,,,,114.25,114.625,,
1850-08-03,,111.25,,114.0625,114.625,,
1850-08-10,102.0,111.4375,107.375,114.6875,115.0,,
1850-08-17,102.0,111.4375,107.375,114.6875,116.0,,
1850-08-24,101.8125,112.75,107.5,115.9375,,,
1850-08-31,,,,,,,
1850-09-07,101.8125,112.5,107.375,115.675,116.0,,
1850-09-14,102.5625,112.0,108.0,116.3125,116.25,,
1850-09-21,102.875,112.0,108.75,116.125,116.25,,
1850-09-28,102.875,112.0,108.75,117.3125,117.3125,,
1850-10-05,,,109.375,117.4375,117.375,,
1850-10-12,103.625,114.125,109.375,117.375,117.5,,
1850-10-19,104.0,114.25,109.5,117.375,117.5,,
1850-10-26,104.0,113.75,109.75,117.125,117.5,,
1850-11-02,104.875,113.75,109.6875,116.9375,117.0,,
1850-11-09,104.875,113.75,109.75,117.0625,117.125,,
1850-11-16,104.5,113.75,109.0,117.75,,,
1850-11-23,104.5,113.75,109.5625,116.75,117.0,,
1850-11-30,104.0,113.5,109.125,116.75,116.875,,
1850-12-07,101.5,110.6875,106.0,113.625,,,
1850-12-14,101.5,110.75,106.125,114,,,
1850-12-21,101.1875,110.0,106.25,114.125,114.125,,
1850-12-28,101.1875,110.0,106.5,114.75,,,
1851-01-04,,111.5,107.0,115.75,116.125,,
1851-01-11,,,,116,116.5625,,
1851-01-18,101.875,112.25,107.5,116.25,116.5,,
1851-01-25,102.0,113.0,107.5,116,116.0,,
1851-02-01,102.0,113.0,106.0,115.625,115.125,,
1851-02-08,102.0,,107.125,115.1875,115.5,,
1851-02-15,102.0,111.375,107.5,115.125,115.5,,
1851-02-22,101.9375,111.375,107.5,115.3125,115.625,,
1851-03-01,102.0,111.5,107.5,115.3125,115.375,,
1851-03-08,101.75,111.875,107.75,115.375,115.625,,
1851-03-15,,,108.125,115.5,116.25,,
1851-03-22,102.25,112.75,108.6875,115.9375,116.0,,
1851-03-29,102.25,112.9375,109.0,115.875,116.0,,
1851-04-05,102.5,112.5,108.5,115.9375,116.25,,
1851-04-12,102.75,113.5,,116.25,116.8125,,
1851-04-19,,,,,,,
1851-04-26,,113.25,108.875,117,,,
1851-05-03,103.5,113.25,,117.5,117.75,,
1851-05-10,,113.25,108.875,117.25,117.75,,
1851-05-17,103.5,112.75,108.25,117.125,117.25,,
1851-05-24,103.0,112.5,108.625,117.5,117.75,,
1851-05-31,103.125,113.875,109.25,119.25,119.5,,
1851-06-07,100.625,110.375,106.125,116.625,,,
1851-06-14,101.0,110.625,106.25,116.4375,116.5,,
1851-06-21,101.0,110.625,106.25,116.5,116.75,,
1851-06-28,101.375,111.0,106.25,116.875,116.75,,
1851-07-05,,,,,,,
1851-07-12,101.25,110.875,106.25,116.375,116.625,,
1851-07-19,101.0,,106.0,116.25,116.625,,
1851-07-26,101.375,110.5,106.25,115.75,,,
1851-08-02,,110.0,105.875,114.5,,,
1851-08-09,100.5,109.75,105.5,114.75,114.5,,
1851-08-16,,110.375,,114.875,115.75,,
1851-08-23,,,105.0,114.875,116.125,,
1851-08-30,,109.5,105.625,114.875,115.5,,
1851-09-06,100.625,109.0,105.25,115,115.5,,
1851-09-13,101.375,110.5,105.125,115,116.375,,
1851-09-20,101.375,110.25,105.125,115,116.625,,
1851-09-27,101.375,109.75,105.25,115,116.25,,
1851-10-04,,,,,,,
1851-10-11,,112.5,104.5,,116.25,,
1851-10-18,100.75,109.5,105.5,116,116.5,,
1851-10-25,101.5,110.0,105.75,115.75,,,
1851-11-01,101.5,109.5,105.75,115.75,,,
1851-11-08,101.625,109.5,106.5,115.75,116.125,,
1851-11-15,101.625,110.625,106.5,116.0625,116.125,,
1851-11-22,101.0,109.875,106.0,116.5,116.5,,
1851-11-29,101.0,110.5,106.5,118.5,118.5,,
1851-12-06,101.0,108.0,103.5,115,118.5,,
1851-12-13,101.875,110.5,103.5,116,116.25,,
1851-12-20,100.25,111.0,104.5,116.5,116.25,,
1851-12-27,101.0,111.125,106.0,116.625,116.75,,
1852-01-03,101.0,111.0,106.0,116.5,116.625,,
1852-01-10,101.0,112.125,106.0,117,116.625,,
1852-01-17,100.25,112.125,104.375,117,116.375,,
1852-01-24,100.25,111.25,105.0,116.375,116.625,,
1852-01-31,100.25,111.25,105.0,116.375,116.625,,
1852-02-07,100.25,111.0,105.375,116.3125,116.625,,
1852-02-14,100.25,111.0,106.0,116.25,116.0,,
1852-02-21,100.25,111.5,105.375,115.75,116.0,,
1852-02-28,101.25,111.9375,105.5,116.5,116.5,,
1852-03-06,101.25,111.9375,105.5,117.25,117.25,,
1852-03-13,101.25,111.9375,106.0,118.125,117.25,,
1852-03-20,101.25,112.5,106.5,117.5625,117.75,,
1852-03-27,101.25,112.0,106.375,117.375,117.5,,
1852-04-03,101.75,112.0,106.875,117.6875,117.5,,
1852-04-10,101.75,113.25,107.0,118,118.0,,
1852-04-17,102.25,115.0,108.5,118.25,118.375,,
1852-04-24,102.25,113.5,108.75,118.25,118.375,106.25,
1852-05-01,102.875,114.0,108.625,118.125,118.375,106.25,
1852-05-08,102.875,114.0,108.75,118,118.75,106.75,
1852-05-15,103.0,114.125,108.75,118.1875,118.25,106.625,
1852-05-22,103.0,114.125,108.0,118.5,118.5,106.75,
1852-05-29,103.25,114.25,109.125,118.625,118.5,106.75,
1852-06-05,101.0,111.75,106.5,115.6875,118.5,104.75,
1852-06-12,101.0,112.0,106.25,115.75,115.75,104.75,
1852-06-19,101.0,112.0,106.75,116.375,116.0,105.125,
1852-06-26,101.0,112.25,106.75,118.625,118.5,105.75,
1852-07-03,101.4375,113.5,106.75,118,118.25,106.0,
1852-07-10,101.4375,114.0,107.0,117.9375,118.5,106.3125,
1852-07-17,101.75,114.0,107.625,118.1875,118.5,108.0,
1852-07-24,101.75,115.0,108.0,118.125,118.5,107.9375,
1852-07-31,101.75,115.0,108.0,118.375,118.125,107.9375,
1852-08-07,101.875,115.0,108.125,118.125,118.5,108.0,
1852-08-14,101.75,115.0,108.375,118.3125,118.5,108.5,
1852-08-21,101.75,115.25,108.5,118.375,118.625,108.5,
1852-08-28,101.75,114.75,108.5,118.375,118.125,108.125,
1852-09-04,102.0,114.75,108.75,118.625,119.25,108.125,
1852-09-11,102.0,114.75,108.75,118.625,119.25,108.125,
1852-09-18,101.875,114.75,108.625,118.625,118.75,108.125,
1852-09-25,102.5,116.0,108.875,118.6875,118.875,108.375,
1852-10-02,102.5,116.0,109.0,118.75,118.75,108.25,
1852-10-09,102.0,116.0,108.875,118.875,118.75,109.0,
1852-10-16,102.0,116.0,108.875,118.875,118.75,109.0,
1852-10-23,102.5,115.875,109.25,119,119.5,108.625,
1852-10-30,102.5,115.875,109.25,119.1875,119.5,108.625,
1852-11-06,102.5,115.25,109.75,119,119.4375,108.625,
1852-11-13,102.75,115.75,109.875,119.75,119.4375,108.625,
1852-11-20,102.75,115.875,109.875,119.75,119.4375,108.625,
1852-11-27,103.0,116.0,110.4375,120.5,119.4375,108.625,
1852-12-04,103.0,114.5,108.0,119,119.4375,108.625,
1852-12-11,103.0,114.0,108.25,119.1875,119.125,107.625,
1852-12-18,100.5,114.0,108.125,120,120.0,107.75,
1852-12-25,,,,,,,
1853-01-01,,,,,,,
1853-01-08,100.25,114.25,109.0,119.5,119.6875,107.875,
1853-01-15,100.25,114.25,109.0,119.875,119.875,107.875,
1853-01-22,100.4375,114.5,108.375,119.9375,119.875,107.875,
1853-01-29,100.4375,115.0,108.0,119.9375,120.125,107.875,
1853-02-05,100.4375,115.0,108.5,120.0625,120.0,107.875,
1853-02-12,100.25,115.0,108.0,120.25,120.25,106.0,
1853-02-19,100.5,115.5,108.0,120.25,120.0625,107.0,
1853-02-26,100.5,115.5,108.0,120,120.0625,107.0,
1853-03-05,100.5,115.0,107.0,120,120.75,107.0,
1853-03-12,100.5,115.875,107.5,119.75,120.75,107.0,
1853-03-19,100.5,115.0,107.5,119.75,120.75,107.0,
1853-03-26,100.5,114.625,107.0,119.75,120.75,107.0,
1853-04-02,100.5,114.625,108.0,120,120.75,107.0,
1853-04-09,100.5,114.375,108.0,119.9375,120.0,107.0,
1853-04-16,100.5,114.5,108.0,119.9375,120.0,107.0,
1853-04-23,100.5,113.0,107.0,119.5,120.0,107.0,
1853-04-30,100.5,114.0,108.0,119.8125,119.9375,107.0,
1853-05-07,100.5,115.0,108.875,119.8125,120.0,107.0,
1853-05-14,100.5,115.375,109.125,120,120.0,109.0,
1853-05-21,,,,,,,
1853-05-28,100.5,116.25,109.25,121,121.5,109.0,
1853-06-04,100.5,113.5,107.25,119.5,120.0,109.0,
1853-06-11,100.5,114.75,107.75,120.625,120.0,108.0,
1853-06-18,100.5,114.75,107.75,121,120.9375,108.0,
1853-06-25,100.5,115.25,107.6875,121.125,120.9375,108.0,
1853-07-02,100.5,115.75,108.125,122.375,120.9375,108.0,
1853-07-09,100.5,116.0,108.125,122.125,122.0,108.625,
1853-07-16,,,,,,,
1853-07-23,,116.375,109.0,121,120.75,108.0,
1853-07-30,,116.375,109.25,120.875,120.875,108.0,
1853-08-06,,116.5,109.25,121.375,121.25,108.75,
1853-08-13,,116.0,109.0,121.5,121.5,108.75,
1853-08-20,,117.0,109.5,121.875,121.5,108.75,
1853-08-27,,117.125,109.0,122.125,122.0,109.5,
1853-09-03,,117.125,109.0,122.125,122.25,109.5,
1853-09-10,,117.5,109.25,122.1875,122.375,109.5,
1853-09-17,,117.5,109.25,122.375,122.5,109.5,
1853-09-24,,117.5,109.5,122.375,122.5,109.5,
1853-10-01,,117.625,109.25,122.5,122.625,110.0,
1853-10-08,,117.875,109.625,122.5,122.625,110.0,
1853-10-15,,117.875,109.625,122.375,122.75,110.0,
1853-10-22,,118.0,110.0,123,123.0,110.0,
1853-10-29,,117.75,110.0,123,123.125,110.0,
1853-11-05,,117.75,110.0,123.25,123.125,110.0,
1853-11-12,,118.0,110.0,123.125,123.0,110.0,
1853-11-19,,,,,,,
1853-11-26,,118.25,110.0,123.125,123.0,110.0,
1853-12-03,,118.25,110.5,121.5,123.0,110.0,
1853-12-10,,,,,,,
1853-12-17,,118.25,107.0,120.5,123.0,110.0,
1853-12-24,,118.25,107.0,120.6875,123.0,110.0,
1853-12-31,,118.25,107.5,120.6875,120.75,110.0,
1854-01-07,,,,,,,
1854-01-14,,118.25,106.0,121.25,121.25,110.0,
1854-01-21,,118.25,106.0,121.25,121.25,110.0,
1854-01-28,,118.25,106.5,121.5,121.25,110.0,
1854-02-04,,118.25,106.25,121.5,122.0,110.0,
1854-02-11,,116.5,106.5,,121.75,,
1854-02-18,,116.875,107.5,,122.0,,
1854-02-25,,117.5,106.75,120.25,122.25,,
1854-03-04,,117.5,107.0,121.75,121.75,,
1854-03-11,,117.5,107.0,121.75,121.5,,
1854-03-18,,116.0,107.0,121.75,121.5,,
1854-03-25,,116.0,107.25,121.75,122.25,111.0,
1854-04-01,,116.0,107.0,122,122.25,111.0,
1854-04-08,,116.0,107.0,122,122.25,111.0,
1854-04-15,,116.0,107.0,122,122.25,111.0,
1854-04-22,,116.0,107.0,122,122.25,111.0,
1854-04-29,,116.0,107.5,122,122.25,111.0,
1854-05-06,,,,,,,
1854-05-13,,,,,,,
1854-05-20,,116.0,108.0,123.125,123.0,111.0,
1854-05-27,,116.0,108.0,123.125,123.0,112.0,
1854-06-03,,116.0,108.0,123.125,123.0,112.0,
1854-06-10,,116.0,108.5,123.125,123.0,112.0,
1854-06-17,,116.0,108.5,123.125,123.0,112.0,
1854-06-24,,116.0,108.5,123.125,123.0,112.0,
1854-07-01,,116.0,108.5,123.125,123.0,112.0,
1854-07-08,,116.0,108.5,123.125,123.0,112.0,
1854-07-15,,116.0,108.5,120.5,123.0,112.0,
1854-07-22,,116.0,102.5,120,123.0,112.0,
1854-07-29,,113.5,102.5,119,119.0,112.0,
1854-08-05,,113.5,102.5,119,119.0,112.0,
1854-08-12,,110.0,102.5,119,119.0,101.5,
1854-08-19,,110.0,102.5,116.75,119.0,101.5,
1854-08-26,,110.0,103.25,116.5,116.5,101.5,
1854-09-02,,110.0,103.25,116.75,116.5,101.5,
1854-09-09,,110.0,103.75,116,116.5,101.5,
1854-09-16,,110.0,103.75,116,116.5,101.5,
1854-09-23,,110.0,103.75,117.5,116.5,101.5,
1854-09-30,,110.0,103.75,117.75,118.0,101.5,
1854-10-07,,110.0,104.0,117.5,118.0,101.5,
1854-10-14,,110.0,104.0,117.5,118.0,101.5,
1854-10-21,,110.0,104.0,117.875,118.0,101.5,
1854-10-28,,110.0,104.0,117.875,118.0,101.5,
1854-11-04,,110.0,104.0,117.875,118.0,101.5,
1854-11-11,,110.0,104.0,117.875,118.0,101.5,
1854-11-18,,110.0,104.0,118,118.0,101.5,
1854-11-25,,110.0,104.0,118,118.0,101.5,
1854-12-02,,110.0,104.0,118,118.0,101.5,
1854-12-09,,110.0,104.0,118,118.0,101.5,
1854-12-16,,110.0,104.0,118,118.0,101.5,
1854-12-23,,110.0,104.0,118,118.0,101.5,
1854-12-30,,,,,,,
1855-01-06,,,,119,,101.5,
1855-01-13,,,,,,,
1855-01-20,,,,116,,101.5,
1855-01-27,,,,116.625,,101.5,
1855-02-03,,,,116.625,,101.5,
1855-02-10,,,,116.625,,101.5,
1855-02-17,,,,116.5,,101.5,
1855-02-24,,,,117.125,,101.5,
1855-03-03,,,,117.125,,101.5,
1855-03-10,,,,116.125,,101.5,
1855-03-17,,,,116.125,,101.5,
1855-03-24,,,,116.125,117.5,101.5,
1855-03-31,,,,116.125,117.5,101.5,
1855-04-07,,,,116.125,117.5,101.5,
1855-04-14,,,,116.125,117.5,101.5,
1855-04-21,,,,117.5,117.5,101.5,
1855-04-28,,,,117.5,118.0,101.5,
1855-05-05,,,,117.5,118.0,101.5,
1855-05-12,,,,117.5,118.0,101.5,
1855-05-19,,,,117.5,118.0,101.5,
1855-05-26,,,,117.5,118.0,101.5,
1855-06-02,,,,117.5,118.0,101.5,
1855-06-09,,,,116.625,118.0,101.5,
1855-06-16,,,,116,118.125,101.5,
1855-06-23,,110.5,,117.75,118.625,101.5,
1855-06-30,,110.5,,119.75,118.625,101.5,
1855-07-07,,110.5,103.25,120.25,118.625,101.5,
1855-07-14,,110.5,103.25,,120.25,101.5,
1855-07-21,,110.5,103.375,120.25,120.25,101.5,
1855-07-28,,112.0,103.5,120.25,120.25,101.5,
1855-08-04,,112.0,103.5,120.25,120.25,101.5,
1855-08-11,,112.0,103.5,120.25,118.0,101.5,
1855-08-18,,112.0,103.5,118,119.0,101.5,
1855-08-25,,111.75,103.5,118,119.0,101.5,
1855-09-01,,111.75,103.5,117.875,117.75,101.5,
1855-09-08,,111.75,103.5,117.875,117.75,101.5,
1855-09-15,,111.75,103.5,117.625,117.5625,101.5,
1855-09-22,,111.5,104.0,117.25,117.75,101.5,
1855-09-29,,112.0,103.5,117.25,117.75,101.5,
1855-10-06,,112.0,103.5,118,117.875,101.5,
1855-10-13,,112.25,103.5,117.75,118.0,101.5,
1855-10-20,,,,,,,
1855-10-27,,,,,,,
1855-11-03,,,,,,107.25,
1855-11-10,,,,,,,
1855-11-17,,,,,,107.25,
1855-11-24,,,,,,107.25,
1855-12-01,,,,,,,
1855-12-08,,,,,,,
1855-12-15,,,,118.5,,107.25,
1855-12-22,,,,,,,
1855-12-29,,,,116,,,
1856-01-05,,,,116,,,
1856-01-12,,,,116,,,
1856-01-19,,,,116,,,
1856-01-26,,,,116.5,116.5,,
1856-02-02,,,,116.5,116.5,,
1856-02-09,,,,116.6,116.5,,
1856-02-16,,,,117,116.5,,
1856-02-23,,110.75,,117.25,117.25,,
1856-03-01,,110.75,,117.25,117.25,,
1856-03-08,,110.75,,117.25,117.0,,
1856-03-15,,110.75,,117.25,117.0,,
1856-03-22,,110.75,,117.25,117.75,,
1856-03-29,,110.75,,117.5,117.75,,
1856-04-05,,110.75,,122.5625,117.75,,
1856-04-12,,110.75,,122.5625,117.75,,
1856-04-19,,110.75,,122.5625,117.75,,
1856-04-26,,110.75,,110.25,117.75,,
1856-05-03,,110.75,,110.25,117.75,,
1856-05-10,,110.75,,110.25,117.75,,
1856-05-17,,110.75,,110.25,117.75,,
1856-05-24,,110.75,,110.25,117.75,,
1856-05-31,,110.75,,110.25,118.5,,
1856-06-07,,110.75,,110.25,118.5,,
1856-06-14,,110.75,,110.25,118.5,,
1856-06-21,,110.75,,110.25,118.5,,
1856-06-28,,110.75,,110.25,118.5,,
1856-07-05,,110.75,,110.25,118.5,,
1856-07-12,,110.75,,110.25,118.5,,
1856-07-19,,110.75,,110.25,118.5,,
1856-07-26,,110.75,,110.25,118.5,,
1856-08-02,,110.75,,110.25,118.5,,
1856-08-09,,110.75,,110.25,118.5,,
1856-08-16,,111.5,,117,118.5,,
1856-08-23,,111.5,,117,118.5,,
1856-08-30,,111.5,,117.375,118.5,,
1856-09-06,,111.5,,117.5,118.5,,
1856-09-13,,110.0,,117.5,118.5,,
1856-09-20,,110.0,,117.5,118.5,,
1856-09-27,,110.0,,117.5,118.5,,
1856-10-04,,110.0,,117.5,118.5,,
1856-10-11,,110.0,,117.5,118.5,,
1856-10-18,,110.0,,117.5,118.25,,
1856-10-25,,110.0,,117.5,118.25,,
1856-11-01,,110.0,,117.5,118.0,,
1856-11-08,,110.0,,117.5,118.0,,
1856-11-15,,110.0,,117.5,118.0,,
1856-11-22,,110.0,,117.5,118.0,,
1856-11-29,,110.0,,117.5,118.0,,
1856-12-06,,110.0,,117.5,118.0,,
1856-12-13,,110.0,,117.5,118.0,,
1856-12-20,,110.0,,117.5,118.0,,
1856-12-27,,110.0,,117.5,118.0,,
1857-01-03,,110.0,,117.5,118.0,,
1857-01-10,,110.0,,117.5,118.0,,
1857-01-17,,,,,,,
1857-01-24,,110.0,,117.5,118.0,,
1857-01-31,,110.0,,117.5,118.0,,
1857-02-07,,110.0,,117.5,118.0,,
1857-02-14,,110.0,,117.5,118.0,,
1857-02-21,,110.0,,117.5,118.0,,
1857-02-28,,110.0,,117.5,118.0,,
1857-03-07,,110.0,,117.5,118.0,,
1857-03-14,,110.0,,117.5,118.0,,
1857-03-21,,110.0,,117.5,118.0,,
1857-03-28,,110.0,,117.5,118.0,,
1857-04-04,,110.0,,117.5,118.0,,
1857-04-11,,110.0,,117.5,118.0,,
1857-04-18,,110.0,,117.5,118.0,,
1857-04-25,,110.0,,117.5,118.0,,
1857-05-02,,110.0,,117.5,118.0,,
1857-05-09,,110.0,,117.5,118.0,,
1857-05-16,,110.0,,117.5,118.0,,
1857-05-23,,110.0,,117.5,118.0,,
1857-05-30,,110.0,,117.5,118.0,,
1857-06-06,,110.0,,117.5,118.0,,
1857-06-13,,110.0,,117.5,118.0,,
1857-06-20,,,,,,,
1857-06-27,,110.0,,117.5,118.0,,
1857-07-03,,110.0,,117.5,118.0,,
1857-07-11,,110.0,,117.5,118.0,,
1857-07-18,,110.0,,117.5,118.0,,
1857-07-25,,110.0,,117.5,118.0,,
1857-08-01,,110.0,,117.5,118.0,,
1857-08-08,,110.0,,117.5,118.0,,
1857-08-15,,110.0,,117.5,118.0,,
1857-08-22,,110.0,,117.5,118.0,,
1857-08-29,,110.0,,117.5,118.0,,
1857-09-05,,110.0,,117.5,118.0,,
1857-09-12,,110.0,,117.5,118.0,,
1857-09-19,,110.0,,117.5,118.0,,
1857-09-26,,110.0,,117.5,118.0,,
1857-10-03,,,,,,,
1857-10-10,,,,,,,
1857-10-17,,,,,,,
1857-10-24,,,,,,,
1857-10-31,,,,,,,
1857-11-07,,,,,,,
1857-11-14,,,,,,,
1857-11-21,,,,,,,
1857-11-28,,,,,,,
1857-12-05,,,,,,,
1857-12-12,,110.0,,111,112.0,,
1857-12-19,,110.0,,111,112.0,,
1857-12-26,,110.0,,111,112.0,,
1858-01-02,,110.0,,111,112.0,,
1858-01-09,,110.0,,112,112.0,,
1858-01-16,,105.5,,112.625,112.0,,
1858-01-23,,105.5,,112.625,112.0,,
1858-01-30,,105.5,,112.625,114.0,,
1858-02-06,,105.5,,115,114.0,103.5,
1858-02-13,,105.5,,116.25,114.0,103.5,
1858-02-20,,105.5,,115.25,115.25,103.5,
1858-02-27,,,,,,,
1858-03-06,,105.5,,115.25,115.25,103.5,
1858-03-13,,105.5,,115.25,115.25,103.5,
1858-03-20,,105.5,,115.25,115.25,103.5,
1858-03-27,,105.5,,115.25,115.25,103.5,
1858-04-03,,105.5,,115.25,115.25,103.5,
1858-04-10,,105.5,,115.25,115.25,103.5,
1858-04-17,,105.5,,115.25,115.25,103.5,
1858-04-24,,105.5,,115.25,115.25,102.5,
1858-05-01,,105.5,,115.25,115.25,102.75,
1858-05-08,,105.5,,115,115.0,102.75,
1858-05-15,,105.5,,115,115.0,102.75,
1858-05-22,,105.5,,115,115.0,102.75,
1858-05-29,,105.5,,115,115.0,102.75,
1858-06-05,,105.5,,115,115.0,102.75,
1858-06-12,,105.5,,115.5,115.0,102.875,
1858-06-19,,103.0,,115.5,115.0,102.875,
1858-06-26,,103.0,,115.5,115.0,103.0,
1858-07-03,,103.0,,114.5,115.0,103.0,
1858-07-10,,103.0,,113.5,114.0,101.625,
1858-07-17,,103.0,,113.5,113.0,102.25,
1858-07-24,,105.0,,113.5,113.0,102.5,
1858-07-31,,103.0,,114.75,113.0,102.5,
1858-08-07,,105.0,,116,113.0,102.5,
1858-08-14,,105.0,,115,113.0,103.125,
1858-08-21,,105.0,,115,113.0,103.0,103.875
1858-08-28,,105.0,,115,113.0,103.0,103.6875
1858-09-04,,105.0,,115,113.0,103.25,103.6875
1858-09-11,,105.0,,114.25,113.0,103.25,103.25
1858-09-18,,,,,,,
1858-09-25,,105.75,,114,113.0,103.125,103.375
1858-10-02,,105.75,,114,113.0,103.0,103.625
1858-10-09,,105.75,,113.5,113.0,103.0,103.625
1858-10-16,,,,,,,
1858-10-23,,105.75,,114.25,114.0,103.0,104.4375
1858-10-30,,105.75,,114.5,114.0,104.75,104.75
1858-11-06,,105.75,,114.5,114.0,104.25,104.625
1858-11-13,,,,,,,
1858-11-20,,105.75,,115.0625,114.75,104.125,104.875
1858-11-27,,105.75,,114,114.75,105.0,104.875
1858-12-04,,105.75,,114,114.0,104.375,104.625
1858-12-11,,105.75,,114,114.0,104.375,104.5625
1858-12-18,,105.75,,114,114.0,104.875,104.5625
1858-12-24,,105.75,,112,114.0,104.5,104.5625
1858-12-31,,105.75,,112,114.0,104.5,104.5625
1859-01-08,,105.75,,111.75,111.5,102.5,104.5
1859-01-15,,104.0,,111.75,111.5,102.5,104.375
1859-01-22,,104.0,,111.75,108.5,101.875,104.375
1859-01-29,,104.0,,109,109.0,101.875,102.875
1859-02-05,,104.0,,109,109.0,101.875,102.625
1859-02-12,,104.0,,109,109.0,101.875,102.6875
1859-02-19,,104.0,,110,109.0,101.5,102.625
1859-02-26,,104.5,,108.5,109.0,101.5,102.6875
1859-03-05,,104.5,,109,109.0,101.75,103.1875
1859-03-12,,104.5,,109,109.0,101.75,103.6875
1859-03-19,,102.5,,109.25,109.0,101.75,103.9375
1859-03-26,,102.5,,109.25,109.0,102.25,104.125
1859-04-02,,102.5,,110,109.25,102.125,104.375
1859-04-09,,102.5,,110,109.25,102.3125,104.125
1859-04-16,,102.5,,110,109.25,102.3125,104.1875
1859-04-23,,102.5,,109.5,109.25,102.3125,104.1875
1859-04-30,,,,,,,
1859-05-07,,102.5,,109.125,109.5,102.5,104.1875
1859-05-14,,102.5,,108.5,109.5,102.5,104.1875
1859-05-21,,102.5,,108.5,109.5,102.625,104.25
1859-05-28,,102.5,,109,109.5,102.625,104.25
1859-06-04,,100.5,,109,109.5,102.0,104.0
1859-06-11,,100.5,,108,106.0,102.3125,103.9375
1859-06-18,,100.5,,108,106.0,102.3125,104.125
1859-06-25,,100.5,,107,107.0,102.3125,101.5
1859-07-02,,100.5,,107.75,107.0,102.0,104.5
1859-07-09,,100.5,,107.5,107.0,101.625,101.5
1859-07-16,,100.5,,107.5,107.0,101.625,101.625
1859-07-23,,100.5,,106.5,106.5,100.5,101.5
1859-07-30,,100.5,,106.5,106.5,100.5,101.625
1859-08-06,,100.5,,107.5,106.5,100.375,102.0
1859-08-13,,100.5,,107.5,106.5,100.375,101.5
1859-08-20,,100.5,,107.5,106.5,100.375,
1859-08-27,,100.5,,107.5,106.5,100.375,101.75
1859-09-03,,100.5,,107.75,108.5,100.75,103.125
1859-09-10,,100.5,,107.75,108.5,100.75,103.125
1859-09-17,,101.0,,107.25,108.5,101.125,104.0
1859-09-24,,102.0,,107.25,108.5,101.25,103.25
1859-10-01,,102.0,,107.5,108.125,101.25,103.625
