ID2020,Bank,Insurance,Mining,Other,Transport,Trust,Unclassified,Utility
1815-01-01,5,2,0,0,0,0,0,0
1815-02-01,5,2,0,0,0,0,0,0
1815-03-01,5,3,0,0,0,0,0,0
1815-04-01,5,3,0,0,0,0,0,0
1815-05-01,5,3,0,0,0,0,0,0
1815-06-01,5,3,0,0,0,0,0,0
1815-07-01,5,3,0,0,0,0,0,0
1815-08-01,5,3,0,0,0,0,0,0
1815-09-01,5,3,0,0,0,0,0,0
1815-10-01,5,3,0,0,0,0,0,0
1815-11-01,5,3,0,0,0,0,0,0
1815-12-01,5,4,0,0,0,0,0,0
1816-01-01,5,3,0,0,0,0,0,0
1816-02-01,5,3,0,0,0,0,0,0
1816-03-01,5,3,0,0,0,0,0,0
1816-04-01,5,3,0,0,0,0,0,0
1816-05-01,5,3,0,0,0,0,0,0
1816-06-01,5,3,0,0,0,0,0,0
1816-07-01,5,3,0,0,0,0,0,0
1816-08-01,5,3,0,0,0,0,0,0
1816-09-01,5,3,0,0,0,0,0,0
1816-10-01,5,3,0,0,0,0,0,0
1816-11-01,5,3,0,0,0,0,0,0
1816-12-01,5,4,0,0,0,0,0,0
1817-01-01,5,3,0,0,0,0,0,0
1817-02-01,5,3,0,0,0,0,0,0
1817-03-01,0,0,0,0,0,0,0,0
1817-04-01,0,0,0,0,0,0,0,0
1817-05-01,5,3,0,0,0,0,0,0
1817-06-01,5,3,0,0,0,0,0,0
1817-07-01,5,3,0,0,0,0,0,0
1817-08-01,5,3,0,0,0,0,0,0
1817-09-01,5,3,0,0,0,0,0,0
1817-10-01,5,3,0,0,0,0,0,0
1817-11-01,5,3,0,0,0,0,0,0
1817-12-01,5,5,0,0,0,0,0,0
1818-01-01,5,5,0,0,0,0,0,0
1818-02-01,5,5,0,0,0,0,0,0
1818-03-01,5,5,0,0,0,0,0,0
1818-04-01,5,7,0,0,0,0,0,0
1818-05-01,5,7,0,0,0,0,0,0
1818-06-01,6,7,0,0,0,0,0,0
1818-07-01,6,7,0,0,0,0,0,0
1818-08-01,6,7,0,0,0,0,0,0
1818-09-01,6,7,0,0,0,0,0,0
1818-10-01,6,7,0,0,0,0,0,0
1818-11-01,6,7,0,0,0,0,0,0
1818-12-01,6,8,0,0,0,0,0,0
1819-01-01,6,7,0,0,0,0,0,0
1819-02-01,6,7,0,0,0,0,0,0
1819-03-01,6,7,0,0,0,0,0,0
1819-04-01,6,7,0,0,0,0,0,0
1819-05-01,6,7,0,0,0,0,0,0
1819-06-01,6,9,0,0,0,0,0,0
1819-07-01,6,9,0,0,0,0,0,0
1819-08-01,6,9,0,0,0,0,0,0
1819-09-01,6,8,0,0,0,0,0,0
1819-10-01,6,7,0,0,0,0,0,0
1819-11-01,6,8,0,0,0,0,0,0
1819-12-01,6,9,0,0,0,0,0,0
1820-01-01,6,8,0,0,0,0,0,0
1820-02-01,6,8,0,0,0,0,0,0
1820-03-01,6,9,0,0,0,0,0,0
1820-04-01,6,9,0,0,0,0,0,0
1820-05-01,6,8,0,0,0,0,0,0
1820-06-01,6,8,0,0,0,0,0,0
1820-07-01,6,5,0,0,0,0,0,0
1820-08-01,5,6,0,0,0,0,0,0
1820-09-01,6,6,0,0,0,0,0,0
1820-10-01,6,5,0,0,0,0,0,0
1820-11-01,6,7,0,0,0,0,0,0
1820-12-01,6,9,0,0,0,0,0,0
1821-01-01,6,7,0,0,0,0,0,0
1821-02-01,5,7,0,0,0,0,0,0
1821-03-01,6,7,0,0,0,0,0,0
1821-04-01,6,5,0,0,0,0,0,0
1821-05-01,5,6,0,0,0,0,0,0
1821-06-01,6,5,0,0,0,0,0,0
1821-07-01,6,7,0,0,0,0,0,0
1821-08-01,6,7,0,0,0,0,0,0
1821-09-01,4,6,0,0,0,0,0,0
1821-10-01,5,7,0,0,0,0,0,0
1821-11-01,5,7,0,0,0,0,0,0
1821-12-01,6,0,0,0,0,0,0,0
1822-01-01,0,0,0,0,0,0,0,0
1822-02-01,0,0,0,0,0,0,0,0
1822-03-01,0,0,0,0,0,0,0,0
1822-04-01,0,0,0,0,0,0,0,0
1822-05-01,0,0,0,0,0,0,0,0
1822-06-01,0,0,0,0,0,0,0,0
1822-07-01,0,0,0,0,0,0,0,0
1822-08-01,0,0,0,0,0,0,0,0
1822-09-01,0,0,0,0,0,0,0,0
1822-10-01,0,0,0,0,0,0,0,0
1822-11-01,0,0,0,0,0,0,0,0
1822-12-01,6,13,0,0,0,0,0,0
1823-01-01,6,10,0,0,0,0,0,0
1823-02-01,5,8,0,0,0,0,0,0
1823-03-01,5,8,0,0,0,0,0,0
1823-04-01,6,11,0,0,0,0,0,0
1823-05-01,6,13,0,0,0,0,0,0
1823-06-01,4,11,0,0,0,0,0,0
1823-07-01,4,10,0,0,0,0,0,0
1823-08-01,6,10,0,0,0,0,0,0
1823-09-01,4,9,0,0,0,0,0,0
1823-10-01,5,13,0,0,0,0,0,1
1823-11-01,5,12,0,0,0,0,0,1
1823-12-01,6,16,0,0,0,0,0,1
1824-01-01,5,14,0,0,0,0,0,1
1824-02-01,6,13,0,0,0,0,0,1
1824-03-01,7,13,0,0,0,0,0,1
1824-04-01,7,19,0,0,0,0,0,0
1824-05-01,8,19,0,0,0,0,0,0
1824-06-01,8,17,0,0,0,0,0,0
1824-07-01,8,16,0,0,0,0,0,0
1824-08-01,8,19,0,0,0,0,0,0
1824-09-01,8,16,0,0,0,0,0,0
1824-10-01,7,17,0,0,0,0,0,0
1824-11-01,7,13,0,0,0,0,0,0
1824-12-01,9,23,0,0,1,0,0,0
1825-01-01,8,17,0,0,1,0,0,0
1825-02-01,8,16,0,0,1,0,0,0
1825-03-01,7,16,0,0,1,0,0,0
1825-04-01,7,15,0,0,1,0,0,0
1825-05-01,9,9,0,0,1,0,0,0
1825-06-01,7,13,0,0,1,0,0,1
1825-07-01,9,12,0,0,0,0,0,0
1825-08-01,8,13,0,0,1,0,0,0
1825-09-01,8,9,0,0,1,0,0,0
1825-10-01,10,13,0,0,1,0,0,0
1825-11-01,6,10,0,0,1,0,0,0
1825-12-01,11,19,0,0,1,0,0,0
1826-01-01,9,19,0,0,1,0,0,0
1826-02-01,9,13,0,0,1,0,0,0
1826-03-01,8,11,0,0,1,0,0,0
1826-04-01,10,19,0,0,1,0,0,1
1826-05-01,9,14,0,0,1,0,0,0
1826-06-01,9,17,0,1,1,0,0,1
1826-07-01,8,8,0,0,1,0,0,1
1826-08-01,8,11,0,0,1,0,0,0
1826-09-01,7,10,0,1,1,0,0,0
1826-10-01,8,12,0,1,1,0,0,0
1826-11-01,8,11,0,1,1,0,0,0
1826-12-01,10,19,0,1,1,0,0,0
1827-01-01,7,10,0,1,1,0,0,0
1827-02-01,7,9,0,1,1,0,0,0
1827-03-01,9,15,0,1,1,0,0,0
1827-04-01,8,10,0,1,1,0,0,0
1827-05-01,8,12,0,1,1,0,2,0
1827-06-01,7,9,0,1,1,0,0,0
1827-07-01,8,9,0,1,1,0,2,0
1827-08-01,7,10,0,1,1,0,2,0
1827-09-01,7,11,0,1,1,0,0,0
1827-10-01,8,7,0,1,1,0,1,0
1827-11-01,8,10,0,0,1,0,0,0
1827-12-01,9,16,0,1,1,0,1,1
1828-01-01,5,11,0,1,1,0,1,0
1828-02-01,4,9,0,0,1,0,1,0
1828-03-01,6,4,0,0,1,0,1,0
1828-04-01,5,8,0,0,0,0,1,0
1828-05-01,5,9,0,1,1,0,1,0
1828-06-01,6,7,0,1,1,0,0,0
1828-07-01,6,6,0,1,0,0,0,0
1828-08-01,4,9,0,1,1,0,1,0
1828-09-01,7,6,0,0,1,0,0,0
1828-10-01,8,10,0,0,1,0,1,0
1828-11-01,8,7,0,0,1,0,0,1
1828-12-01,9,17,0,1,1,0,1,1
1829-01-01,9,10,0,0,1,0,0,0
1829-02-01,7,8,0,1,1,0,0,0
1829-03-01,5,10,0,1,1,0,1,0
1829-04-01,6,10,0,0,1,0,0,0
1829-05-01,8,11,0,0,1,0,1,0
1829-06-01,9,9,0,1,1,0,0,0
1829-07-01,8,8,0,1,1,0,0,0
1829-08-01,8,12,0,1,1,0,1,0
1829-09-01,7,11,0,0,1,0,1,0
1829-10-01,9,11,0,1,1,0,1,0
1829-11-01,10,10,0,1,1,0,1,0
1829-12-01,9,19,0,0,1,0,1,0
1830-01-01,8,12,0,1,1,0,1,0
1830-02-01,10,12,0,1,1,0,0,0
1830-03-01,9,15,0,1,1,0,1,0
1830-04-01,9,16,0,1,1,0,1,0
1830-05-01,10,10,0,1,1,0,1,0
1830-06-01,10,14,0,1,1,0,1,0
1830-07-01,9,10,0,1,1,0,1,0
1830-08-01,9,13,0,1,1,0,1,0
1830-09-01,10,14,0,1,1,0,1,0
1830-10-01,10,15,0,1,1,0,0,0
1830-11-01,7,13,0,1,1,0,0,0
1830-12-01,14,17,0,1,2,0,0,0
1831-01-01,7,12,0,0,1,0,1,0
1831-02-01,12,8,0,1,3,0,1,0
1831-03-01,12,8,0,0,3,0,1,0
1831-04-01,13,6,0,0,3,0,1,0
1831-05-01,11,10,0,1,3,0,1,0
1831-06-01,14,12,0,1,3,0,1,1
1831-07-01,13,10,0,1,4,0,1,0
1831-08-01,13,11,0,1,3,0,1,0
1831-09-01,10,10,0,1,3,0,1,0
1831-10-01,14,11,0,0,4,0,1,0
1831-11-01,14,7,0,0,3,0,0,0
1831-12-01,14,17,0,1,3,0,0,0
1832-01-01,12,13,0,0,2,0,0,0
1832-02-01,14,9,0,0,4,0,1,0
1832-03-01,12,14,0,1,4,0,1,0
1832-04-01,13,11,0,1,3,0,1,0
1832-05-01,14,11,0,1,3,0,0,0
1832-06-01,11,7,0,0,3,0,0,0
1832-07-01,9,6,0,0,2,0,0,0
1832-08-01,12,12,0,1,2,0,0,0
1832-09-01,13,13,0,1,2,0,1,0
1832-10-01,14,11,0,1,4,0,1,0
1832-11-01,14,14,0,1,3,0,1,0
1832-12-01,14,18,0,1,5,0,1,0
1833-01-01,11,9,0,1,4,0,1,0
1833-02-01,13,9,0,1,3,0,0,0
1833-03-01,12,15,0,1,4,0,1,0
1833-04-01,16,15,0,1,6,0,1,1
1833-05-01,12,15,0,1,5,0,1,0
1833-06-01,15,18,0,0,5,0,1,1
1833-07-01,16,19,0,0,7,0,1,1
1833-08-01,15,21,0,0,6,0,2,1
1833-09-01,15,18,0,0,4,0,2,1
1833-10-01,15,19,0,1,6,0,2,1
1833-11-01,12,13,0,0,3,0,2,1
1833-12-01,11,21,0,0,6,0,0,1
1834-01-01,10,10,0,0,4,0,0,1
1834-02-01,16,18,0,0,5,0,2,1
1834-03-01,14,15,0,0,5,0,2,1
1834-04-01,12,18,0,1,1,0,2,1
1834-05-01,11,15,0,0,4,0,2,1
1834-06-01,17,17,0,0,5,0,2,1
1834-07-01,9,11,0,0,3,0,2,1
1834-08-01,14,13,0,0,4,0,2,1
1834-09-01,16,16,0,1,5,0,1,1
1834-10-01,16,14,0,1,5,0,2,1
1834-11-01,15,8,0,0,5,0,2,1
1834-12-01,14,21,0,1,6,0,1,1
1835-01-01,12,11,0,0,6,0,1,1
1835-02-01,17,11,0,0,6,0,1,1
1835-03-01,12,18,0,0,4,0,1,1
1835-04-01,12,13,0,0,5,0,1,1
1835-05-01,14,11,0,1,9,0,0,1
1835-06-01,14,9,0,1,3,0,0,0
1835-07-01,18,8,0,0,8,1,1,1
1835-08-01,19,10,0,0,6,1,0,0
1835-09-01,21,16,0,1,10,1,0,1
1835-10-01,21,6,0,0,6,1,0,1
1835-11-01,18,13,0,1,10,1,0,1
1835-12-01,19,9,0,1,5,1,0,1
1836-01-01,20,7,0,0,4,1,1,1
1836-02-01,14,6,0,0,6,1,0,1
1836-03-01,14,6,0,0,7,1,0,1
1836-04-01,16,12,0,0,7,1,0,1
1836-05-01,17,6,0,0,4,1,1,0
1836-06-01,17,11,0,0,7,1,0,1
1836-07-01,15,6,0,0,6,1,0,1
1836-08-01,16,9,0,1,7,1,0,1
1836-09-01,11,5,0,0,3,1,1,0
1836-10-01,12,8,0,1,5,1,0,0
1836-11-01,17,14,0,1,7,1,0,1
1836-12-01,16,11,0,0,6,1,0,0
1837-01-01,16,11,0,0,6,1,0,1
1837-02-01,14,11,0,0,6,1,0,1
1837-03-01,12,11,0,0,6,1,0,0
1837-04-01,10,9,0,0,1,1,0,1
1837-05-01,20,12,0,0,7,1,0,1
1837-06-01,15,9,0,1,7,1,0,1
1837-07-01,11,10,0,1,6,1,0,1
1837-08-01,16,10,0,1,6,0,0,1
1837-09-01,14,12,0,1,6,1,0,1
1837-10-01,18,16,0,1,5,1,0,1
1837-11-01,15,15,0,1,8,1,0,1
1837-12-01,13,12,0,1,6,1,0,1
1838-01-01,11,13,0,0,5,1,0,1
1838-02-01,12,12,0,0,6,1,0,1
1838-03-01,15,15,0,0,6,1,0,1
1838-04-01,19,15,0,1,6,1,0,0
1838-05-01,16,13,0,0,6,1,0,1
1838-06-01,17,10,0,1,6,1,0,0
1838-07-01,18,1,0,1,5,1,0,1
1838-08-01,18,12,0,0,6,1,0,1
1838-09-01,12,13,0,1,6,1,0,1
1838-10-01,14,13,0,1,6,1,0,1
1838-11-01,21,16,0,1,8,1,0,1
1838-12-01,15,15,0,1,6,1,0,2
1839-01-01,22,15,0,1,5,1,0,1
1839-02-01,17,12,0,0,6,1,0,1
1839-03-01,9,17,0,0,5,0,0,0
1839-04-01,20,13,0,1,6,1,0,1
1839-05-01,21,16,0,1,5,1,0,1
1839-06-01,21,10,0,1,5,1,0,1
1839-07-01,11,6,0,1,4,1,0,0
1839-08-01,19,13,0,1,5,0,0,1
1839-09-01,15,13,0,1,6,0,0,0
1839-10-01,17,9,0,0,7,0,0,1
1839-11-01,24,14,0,1,7,0,0,1
1839-12-01,19,9,0,1,5,0,1,0
1840-01-01,23,12,0,1,6,0,0,1
1840-02-01,19,7,0,1,5,1,0,1
1840-03-01,18,6,0,1,7,1,1,1
1840-04-01,22,13,0,0,5,0,0,0
1840-05-01,22,9,0,1,5,0,0,0
1840-06-01,22,9,0,1,6,0,0,1
1840-07-01,20,13,0,1,6,1,0,1
1840-08-01,20,15,0,1,6,1,0,0
1840-09-01,21,16,0,1,6,1,0,1
1840-10-01,13,11,0,0,7,0,0,1
1840-11-01,20,18,0,1,6,0,0,1
1840-12-01,16,4,0,1,6,0,0,1
1841-01-01,16,5,0,0,3,0,0,1
1841-02-01,21,9,0,1,5,0,0,1
1841-03-01,20,9,0,1,6,0,0,1
1841-04-01,17,12,0,1,5,0,0,1
1841-05-01,14,5,0,1,6,0,0,1
1841-06-01,15,3,0,1,6,0,1,0
1841-07-01,14,6,0,1,7,0,0,1
1841-08-01,13,7,0,1,7,0,0,1
1841-09-01,16,7,0,1,7,0,0,1
1841-10-01,15,5,0,0,6,0,1,1
1841-11-01,17,14,0,1,6,0,1,1
1841-12-01,14,7,0,0,3,0,1,1
1842-01-01,15,10,0,1,7,0,0,1
1842-02-01,11,4,0,0,2,0,0,0
1842-03-01,16,5,0,1,4,0,0,0
1842-04-01,15,9,0,0,6,0,0,1
1842-05-01,15,10,0,1,7,0,1,1
1842-06-01,13,3,0,0,7,0,0,0
1842-07-01,24,14,0,0,7,0,0,1
1842-08-01,19,12,0,1,7,0,0,1
1842-09-01,13,7,0,0,4,0,0,1
1842-10-01,19,6,0,0,7,0,0,0
1842-11-01,20,14,0,1,6,0,0,1
1842-12-01,18,13,0,0,7,0,0,1
1843-01-01,13,6,0,0,6,0,0,1
1843-02-01,18,6,0,0,6,0,1,0
1843-03-01,13,13,0,1,6,0,0,1
1843-04-01,19,16,0,1,6,0,0,0
1843-05-01,14,12,0,1,7,0,0,1
1843-06-01,10,9,0,0,7,0,0,0
1843-07-01,13,3,0,0,4,0,0,1
1843-08-01,17,11,0,0,5,0,0,1
1843-09-01,16,10,0,1,5,0,0,1
1843-10-01,17,8,0,1,6,0,0,0
1843-11-01,21,18,0,1,8,0,0,1
1843-12-01,13,5,0,0,2,0,0,1
1844-01-01,14,11,0,1,7,0,0,1
1844-02-01,21,9,0,1,5,0,0,1
1844-03-01,9,4,0,1,5,0,0,1
1844-04-01,18,7,0,0,6,0,0,1
1844-05-01,11,5,0,1,5,0,0,1
1844-06-01,17,7,0,1,7,0,0,1
1844-07-01,12,2,0,0,5,0,0,0
1844-08-01,12,10,0,1,3,0,0,1
1844-09-01,15,10,0,0,5,0,0,1
1844-10-01,13,4,0,1,6,0,1,1
1844-11-01,19,11,0,1,8,0,1,1
1844-12-01,16,13,0,1,4,0,1,1
1845-01-01,12,4,0,1,5,0,0,1
1845-02-01,10,4,0,0,5,0,1,1
1845-03-01,12,0,0,1,6,0,0,1
1845-04-01,12,4,0,0,4,0,1,1
1845-05-01,14,3,0,0,5,0,1,1
1845-06-01,11,11,0,1,4,0,1,1
1845-07-01,9,3,0,0,5,1,1,1
1845-08-01,12,0,0,1,6,0,1,1
1845-09-01,12,0,0,0,4,0,0,1
1845-10-01,7,1,0,1,5,0,0,0
1845-11-01,12,1,0,0,6,0,2,1
1845-12-01,9,0,0,0,6,0,1,1
1846-01-01,12,0,0,0,7,0,0,0
1846-02-01,8,0,0,1,7,0,1,0
1846-03-01,10,1,0,0,5,0,0,1
1846-04-01,14,3,0,1,8,0,1,0
1846-05-01,7,0,0,0,5,0,0,0
1846-06-01,3,2,0,0,3,0,1,0
1846-07-01,9,0,0,1,5,0,0,0
1846-08-01,8,2,0,0,3,0,1,0
1846-09-01,11,1,0,0,2,0,1,0
1846-10-01,10,0,0,0,3,0,1,1
1846-11-01,14,3,0,1,6,0,0,1
1846-12-01,3,1,0,1,3,0,1,1
1847-01-01,10,0,0,0,7,0,0,0
1847-02-01,8,0,0,0,4,0,1,0
1847-03-01,9,0,0,0,5,0,1,0
1847-04-01,14,1,0,0,4,1,0,1
1847-05-01,5,1,0,0,6,0,1,1
1847-06-01,10,0,0,0,4,0,1,0
1847-07-01,5,1,0,1,4,0,0,0
1847-08-01,5,1,0,0,6,0,0,1
1847-09-01,12,1,0,0,7,0,1,2
1847-10-01,7,1,0,0,6,0,1,2
1847-11-01,12,9,0,0,7,0,0,2
1847-12-01,13,6,0,0,7,0,0,1
1848-01-01,7,4,0,0,4,0,0,0
1848-02-01,12,3,0,0,5,0,0,2
1848-03-01,0,0,0,0,0,0,0,0
1848-04-01,0,0,0,0,0,0,0,0
1848-05-01,0,0,0,0,0,0,0,0
1848-06-01,0,0,0,0,0,0,0,0
1848-07-01,0,0,0,0,0,0,0,0
1848-08-01,0,0,0,0,0,0,0,0
1848-09-01,0,0,0,0,0,0,0,0
1848-10-01,0,0,0,0,0,0,0,0
1848-11-01,0,0,0,0,0,0,0,0
1848-12-01,0,0,0,0,0,0,0,0
1849-01-01,17,7,0,1,23,2,0,0
1849-02-01,20,4,0,1,21,2,1,1
1849-03-01,17,4,0,1,20,2,0,1
1849-04-01,16,4,0,0,21,2,0,1
1849-05-01,15,3,0,2,19,2,0,2
1849-06-01,18,4,1,1,24,2,0,0
1849-07-01,18,6,0,0,18,1,0,0
1849-08-01,16,4,0,0,18,2,0,1
1849-09-01,14,5,0,0,19,2,0,0
1849-10-01,17,5,0,0,19,2,0,0
1849-11-01,15,6,0,0,21,2,0,1
1849-12-01,16,8,0,0,26,3,0,0
1850-01-01,16,6,0,0,22,2,0,0
1850-02-01,20,3,0,0,19,2,0,1
1850-03-01,18,7,0,0,21,2,0,0
1850-04-01,14,7,0,0,21,3,0,1
1850-05-01,20,6,0,1,22,2,0,1
1850-06-01,17,5,0,0,27,3,0,1
1850-07-01,14,5,0,0,26,2,0,0
1850-08-01,14,4,0,0,25,2,0,1
1850-09-01,11,8,0,0,28,2,0,1
1850-10-01,16,9,0,1,23,3,0,1
1850-11-01,17,4,0,1,23,2,0,1
1850-12-01,13,3,0,0,26,2,1,1
1851-01-01,15,5,0,2,24,2,1,1
1851-02-01,21,3,1,1,20,2,0,0
1851-03-01,17,3,1,2,23,1,1,1
1851-04-01,16,2,1,2,24,2,1,0
1851-05-01,20,5,1,1,26,2,0,1
1851-06-01,20,5,1,2,25,2,0,1
1851-07-01,20,3,1,1,23,2,0,0
1851-08-01,19,3,1,1,21,1,0,1
1851-09-01,21,2,2,1,21,1,0,0
1851-10-01,22,6,3,1,25,1,0,0
1851-11-01,25,7,3,1,24,2,0,0
1851-12-01,19,5,2,1,23,1,0,1
1852-01-01,20,3,5,1,18,2,0,0
1852-02-01,19,2,3,1,21,1,0,0
1852-03-01,21,7,5,1,21,0,0,0
1852-04-01,27,6,4,1,30,2,0,0
1852-05-01,20,5,5,1,32,3,0,0
1852-06-01,14,4,4,1,22,2,0,0
1852-07-01,23,3,6,1,25,2,0,1
1852-08-01,18,5,8,1,24,3,0,0
1852-09-01,17,3,7,2,23,1,0,0
1852-10-01,17,3,7,2,28,1,0,1
1852-11-01,16,4,8,3,25,2,0,1
1852-12-01,21,5,9,2,31,2,0,2
1853-01-01,17,5,10,4,30,0,0,2
1853-02-01,21,8,10,4,29,1,0,0
1853-03-01,24,7,10,5,25,0,0,1
1853-04-01,28,8,9,4,31,3,0,2
1853-05-01,23,9,8,4,29,3,1,0
1853-06-01,24,7,11,5,29,2,1,1
1853-07-01,29,6,8,6,24,2,1,1
1853-08-01,24,4,8,7,21,2,1,0
1853-09-01,20,5,8,7,26,1,1,1
1853-10-01,23,3,10,5,24,1,1,0
1853-11-01,20,3,9,6,29,0,1,0
1853-12-01,18,2,10,5,26,1,1,0
1854-01-01,15,1,12,4,23,0,1,0
1854-02-01,16,4,8,6,26,1,1,0
1854-03-01,20,2,9,9,22,0,1,0
1854-04-01,12,1,10,4,26,1,1,0
1854-05-01,17,2,7,7,24,1,1,1
1854-06-01,16,2,8,4,25,0,1,0
1854-07-01,15,1,9,3,21,0,0,1
1854-08-01,16,2,7,3,20,0,0,2
1854-09-01,16,3,7,1,24,0,0,0
1854-10-01,17,2,7,2,23,1,1,0
1854-11-01,18,1,6,3,24,1,1,3
1854-12-01,16,2,5,1,19,0,0,3
1855-01-01,18,3,4,1,22,0,1,0
1855-02-01,17,2,4,3,25,0,0,0
1855-03-01,22,5,6,1,27,0,1,2
1855-04-01,23,4,5,0,26,0,0,1
1855-05-01,17,3,3,0,19,1,1,1
1855-06-01,14,3,3,2,24,0,1,0
1855-07-01,15,3,3,1,19,1,1,1
1855-08-01,15,4,3,2,24,1,1,1
1855-09-01,16,0,5,1,19,0,1,0
1855-10-01,17,1,3,0,24,1,1,0
1855-11-01,15,1,3,0,23,0,1,0
1855-12-01,16,1,3,0,20,0,1,0
1856-01-01,15,3,4,2,22,0,0,0
1856-02-01,15,3,3,2,25,0,1,0
1856-03-01,21,5,4,1,22,1,1,0
1856-04-01,19,3,3,1,28,1,0,1
1856-05-01,17,2,2,1,24,1,1,1
1856-06-01,17,3,2,1,24,0,1,1
1856-07-01,17,2,2,1,27,0,0,1
1856-08-01,16,4,4,1,26,1,1,1
1856-09-01,19,5,4,1,28,0,1,0
1856-10-01,20,7,4,1,29,0,1,0
1856-11-01,22,1,4,3,27,0,0,1
1856-12-01,22,3,3,1,24,0,0,1
1857-01-01,23,2,4,2,28,0,0,0
1857-02-01,27,6,4,1,29,0,0,1
1857-03-01,25,5,4,2,30,0,1,0
1857-04-01,27,4,3,1,30,1,1,0
1857-05-01,25,3,2,1,29,1,1,1
1857-06-01,25,3,2,1,25,0,1,0
1857-07-01,21,3,2,1,27,0,0,0
1857-08-01,22,3,6,0,27,0,0,0
1857-09-01,22,3,5,0,24,0,1,0
1857-10-01,17,3,2,0,23,1,1,1
1857-11-01,26,2,1,1,23,0,1,2
1857-12-01,25,3,2,0,23,0,1,1
1858-01-01,30,3,2,2,25,2,1,0
1858-02-01,23,2,1,2,26,1,0,0
1858-03-01,26,5,2,2,26,0,1,2
1858-04-01,28,2,2,1,28,1,0,0
1858-05-01,27,2,3,1,28,1,0,0
1858-06-01,22,3,3,1,25,1,0,0
1858-07-01,21,3,3,1,27,2,0,0
1858-08-01,25,3,3,1,25,1,1,2
1858-09-01,24,3,3,1,26,1,0,0
1858-10-01,28,3,2,4,32,2,0,1
1858-11-01,21,2,3,4,27,1,0,1
1858-12-01,0,0,0,0,0,0,0,0
1859-01-01,20,2,3,3,26,0,0,0
1859-02-01,23,3,2,3,24,0,0,1
1859-03-01,22,2,2,0,22,0,0,0
1859-04-01,17,1,3,0,20,0,0,0
1859-05-01,19,2,1,1,20,0,0,1
1859-06-01,14,0,2,0,24,0,0,1
1859-07-01,14,2,2,0,21,0,0,0
1859-08-01,14,2,1,0,20,0,0,0
1859-09-01,14,3,2,0,28,0,0,0
1859-10-01,13,2,2,1,25,1,0,0
1859-11-01,16,1,1,1,25,1,0,0
1859-12-01,14,4,3,0,21,0,1,0
1860-01-01,19,1,3,0,21,0,0,0
1860-02-01,21,2,2,0,22,0,0,0
1860-03-01,19,2,1,2,26,0,0,1
1860-04-01,16,2,2,0,22,0,0,0
1860-05-01,15,2,3,0,23,0,1,1
1860-06-01,15,1,2,0,26,0,0,1
1860-07-01,14,2,3,1,23,0,0,0
1860-08-01,16,1,2,1,23,0,0,0
1860-09-01,15,3,3,1,31,0,0,0
1860-10-01,12,2,4,1,23,1,0,0
1860-11-01,16,1,4,0,24,0,0,0
1860-12-01,11,2,3,1,20,0,0,0
1861-01-01,10,2,3,0,17,0,0,0
1861-02-01,9,1,2,0,21,0,0,0
1861-03-01,12,2,3,0,19,0,0,0
1861-04-01,9,2,2,0,22,0,0,0
1861-05-01,11,1,0,0,24,0,0,1
1861-06-01,11,1,3,0,23,0,0,0
1861-07-01,13,2,3,0,19,0,1,0
1861-08-01,15,2,2,0,18,0,1,0
1861-09-01,14,1,3,0,21,0,0,1
1861-10-01,13,2,1,0,23,0,0,0
1861-11-01,12,1,3,0,25,0,0,0
1861-12-01,11,0,0,0,27,0,0,0
1862-01-01,9,1,3,0,23,0,0,0
1862-02-01,14,1,3,0,20,0,0,0
1862-03-01,14,1,2,0,27,0,0,0
1862-04-01,13,1,1,0,21,0,0,0
1862-05-01,20,1,2,1,25,0,1,1
1862-06-01,19,2,3,1,25,0,0,0
1862-07-01,15,2,3,0,23,0,0,0
1862-08-01,9,1,2,0,29,0,0,0
1862-09-01,11,1,5,0,27,0,0,0
1862-10-01,24,3,5,0,30,0,0,0
1862-11-01,15,3,3,0,32,0,0,0
1862-12-01,15,0,5,0,27,0,0,1
1863-01-01,17,2,4,2,27,0,0,1
1863-02-01,21,2,5,2,30,0,0,1
1863-03-01,27,2,8,3,32,0,0,1
1863-04-01,15,1,7,1,30,0,0,1
1863-05-01,21,0,6,2,35,0,0,2
1863-06-01,8,1,7,1,29,0,0,2
1863-07-01,7,0,7,2,34,0,0,0
1863-08-01,13,2,6,3,35,0,0,0
1863-09-01,13,1,8,3,31,0,0,0
1863-10-01,11,1,7,3,28,0,0,3
1863-11-01,11,0,5,3,23,0,0,0
1863-12-01,8,1,6,2,32,0,0,0
1864-01-01,14,2,7,3,29,0,0,1
1864-02-01,10,1,9,3,37,0,0,2
1864-03-01,21,1,16,5,42,0,0,1
1864-04-01,14,1,14,3,36,0,0,0
1864-05-01,14,0,13,2,34,0,0,1
1864-06-01,5,1,11,2,32,0,0,0
1864-07-01,10,1,10,3,29,0,0,1
1864-08-01,8,0,9,3,31,0,0,1
1864-09-01,7,1,7,2,25,0,0,0
1864-10-01,8,0,7,5,28,0,0,1
1864-11-01,16,0,6,2,28,0,0,0
1864-12-01,20,1,10,3,29,0,0,1
1865-01-01,13,1,8,3,28,0,0,1
1865-02-01,15,0,9,2,28,0,0,1
1865-03-01,17,0,7,2,28,0,0,1
1865-04-01,12,1,6,3,24,0,0,0
1865-05-01,17,0,5,3,21,0,0,1
1865-06-01,16,0,5,5,20,0,0,0
1865-07-01,11,0,3,6,25,0,0,1
1865-08-01,16,0,4,4,23,0,0,0
1865-09-01,18,1,7,8,29,0,0,1
1865-10-01,11,1,8,6,27,0,0,0
1865-11-01,11,1,9,7,35,0,0,1
1865-12-01,9,2,12,6,32,0,0,0
1866-01-01,0,0,4,6,35,0,2,0
1866-02-01,0,0,4,5,18,0,2,0
1866-03-01,23,2,7,7,32,1,0,0
1866-04-01,17,2,5,10,32,0,0,1
1866-05-01,19,1,7,8,29,0,0,1
1866-06-01,14,1,4,8,29,0,0,2
1866-07-01,14,1,8,5,34,1,0,1
1866-08-01,16,2,6,4,30,1,0,1
1866-09-01,15,0,9,8,30,0,0,1
1866-10-01,17,1,9,10,30,0,0,1
1866-11-01,16,0,5,7,33,0,0,2
1866-12-01,17,0,5,6,32,0,0,1
1867-01-01,1,0,2,7,23,0,4,1
1867-02-01,2,0,1,5,19,0,2,1
1867-03-01,2,0,2,7,28,0,3,1
1867-04-01,1,0,2,5,17,0,4,2
1867-05-01,2,1,3,7,36,0,6,2
1867-06-01,3,0,5,7,30,1,6,3
1867-07-01,2,0,3,8,32,0,7,2
1867-08-01,2,0,2,7,35,1,5,1
1867-09-01,1,1,3,7,32,0,5,2
1867-10-01,1,1,0,8,14,1,6,0
1867-11-01,5,0,1,6,20,0,4,1
1867-12-01,3,0,2,5,19,0,4,0
1868-01-01,13,0,2,6,35,0,0,3
1868-02-01,15,1,5,7,38,0,0,0
1868-03-01,11,2,2,6,30,0,0,1
1868-04-01,17,1,2,9,34,0,0,1
1868-05-01,11,1,2,7,35,0,0,1
1868-06-01,12,0,2,8,36,0,0,1
1868-07-01,14,1,1,7,35,0,0,2
1868-08-01,16,0,2,7,35,0,0,1
1868-09-01,17,0,1,6,31,0,0,2
1868-10-01,11,0,2,7,31,0,0,0
1868-11-01,11,1,2,7,33,0,0,1
1868-12-01,12,0,2,6,36,0,0,1
1869-01-01,21,3,6,11,48,0,0,2
1869-02-01,21,2,4,8,45,0,0,2
1869-03-01,24,1,4,10,45,1,0,1
1869-04-01,22,1,4,11,41,0,0,1
1869-05-01,20,1,4,9,42,0,0,2
1869-06-01,17,1,5,10,39,0,0,2
1869-07-01,21,1,4,8,37,0,0,2
1869-08-01,23,3,2,9,40,1,0,1
1869-09-01,18,2,2,10,41,0,0,2
1869-10-01,20,1,3,8,40,0,0,1
1869-11-01,22,1,3,8,44,0,0,0
1869-12-01,18,1,4,7,38,0,0,1
1870-01-01,23,1,3,9,36,0,0,1
1870-02-01,28,2,5,9,45,0,0,1
1870-03-01,29,1,4,8,44,0,0,2
1870-04-01,28,2,5,8,45,0,0,1
1870-05-01,22,2,8,11,45,0,0,2
1870-06-01,22,1,4,10,43,0,0,1
1870-07-01,22,2,4,10,39,0,0,1
1870-08-01,19,2,3,8,42,0,0,0
1870-09-01,18,1,3,7,44,0,0,0
1870-10-01,24,0,2,11,46,0,0,1
1870-11-01,22,2,4,9,44,0,0,1
1870-12-01,21,2,4,10,47,0,0,1
1871-01-01,19,1,6,8,47,0,1,1
1871-02-01,19,2,5,10,45,0,0,1
1871-03-01,30,0,8,11,47,0,0,1
1871-04-01,21,2,7,12,49,0,0,0
1871-05-01,23,1,8,10,44,0,0,0
1871-06-01,14,1,9,11,41,0,0,0
1871-07-01,21,2,7,10,45,0,0,0
1871-08-01,19,2,6,10,45,0,0,0
1871-09-01,25,0,7,10,42,0,0,0
1871-10-01,21,1,6,11,42,0,0,0
1871-11-01,17,2,8,10,42,0,0,1
1871-12-01,20,2,5,8,43,0,0,1
1872-01-01,0,0,1,1,17,0,6,0
1872-02-01,0,0,0,1,16,0,6,0
1872-03-01,0,0,0,1,16,0,6,0
1872-04-01,0,0,1,1,15,0,6,0
1872-05-01,0,0,1,1,14,0,6,0
1872-06-01,0,0,0,1,14,0,6,0
1872-07-01,0,0,1,1,10,0,4,0
1872-08-01,0,0,0,1,11,0,4,0
1872-09-01,0,0,2,1,12,0,5,0
1872-10-01,0,0,2,1,13,0,6,0
1872-11-01,0,0,0,1,11,0,5,0
1872-12-01,0,0,1,1,14,0,6,0
1873-01-01,0,0,2,5,13,0,9,0
1873-02-01,0,0,1,5,16,0,9,0
1873-03-01,0,0,0,2,15,0,9,0
1873-04-01,0,0,0,4,16,0,9,0
1873-05-01,0,0,1,3,13,0,8,0
1873-06-01,0,0,1,1,15,0,8,0
1873-07-01,0,0,0,1,15,0,8,0
1873-08-01,0,0,0,2,15,0,8,0
1873-09-01,0,0,0,5,16,0,8,0
1873-10-01,0,0,2,1,14,0,6,0
1873-11-01,0,0,0,1,13,0,7,0
1873-12-01,0,0,0,5,17,0,8,0
1874-01-01,0,0,1,5,16,0,6,0
1874-02-01,0,0,2,1,16,0,6,0
1874-03-01,0,0,2,1,15,0,6,0
1874-04-01,0,0,0,1,16,0,6,0
1874-05-01,0,0,1,4,16,0,6,0
1874-06-01,0,0,0,1,16,0,6,0
1874-07-01,0,0,1,5,15,0,6,0
1874-08-01,0,0,2,5,16,0,6,0
1874-09-01,0,0,2,2,16,0,6,0
1874-10-01,0,0,0,4,16,0,6,0
1874-11-01,0,0,2,5,15,0,5,0
1874-12-01,0,0,2,5,17,0,6,0
1875-01-01,0,0,2,5,19,0,7,0
1875-02-01,0,0,2,5,19,0,7,0
1875-03-01,0,0,2,5,18,0,7,0
1875-04-01,0,0,1,5,19,0,8,1
1875-05-01,0,0,2,5,19,0,7,0
1875-06-01,0,0,2,5,18,0,7,0
1875-07-01,0,0,2,5,19,0,9,0
1875-08-01,0,0,2,5,18,0,9,0
1875-09-01,0,0,2,4,17,0,7,0
1875-10-01,0,0,2,5,20,0,8,0
1875-11-01,0,0,2,5,20,0,8,0
1875-12-01,0,0,2,5,20,0,9,1
1876-01-01,0,0,2,5,20,0,10,0
1876-02-01,0,0,2,5,20,0,9,0
1876-03-01,0,0,2,5,20,0,10,0
1876-04-01,0,0,2,5,20,0,11,0
1876-05-01,0,0,2,5,19,0,11,0
1876-06-01,0,0,2,5,20,0,11,0
1876-07-01,0,0,2,5,20,0,10,0
1876-08-01,0,0,2,5,20,0,10,0
1876-09-01,0,0,2,5,20,0,10,0
1876-10-01,0,0,2,5,20,0,10,0
1876-11-01,0,0,2,5,20,0,8,0
1876-12-01,0,0,2,5,18,0,9,0
1877-01-01,0,0,2,5,20,0,9,0
1877-02-01,0,0,2,5,22,0,9,0
1877-03-01,0,0,2,5,22,0,9,0
1877-04-01,0,0,2,5,22,0,9,0
1877-05-01,0,0,2,5,22,0,7,0
1877-06-01,0,0,2,5,21,0,7,0
1877-07-01,0,0,2,5,22,0,7,0
1877-08-01,0,0,2,5,22,0,7,0
1877-09-01,0,0,2,5,22,0,7,0
1877-10-01,0,0,2,5,23,0,7,0
1877-11-01,0,0,2,5,23,0,6,0
1877-12-01,0,0,2,5,23,0,6,0
1878-01-01,0,0,2,5,26,0,7,0
1878-02-01,0,0,3,5,24,0,10,0
1878-03-01,0,0,3,5,26,0,9,0
1878-04-01,0,0,3,5,26,0,12,0
1878-05-01,0,0,3,5,26,0,12,0
1878-06-01,0,0,3,5,26,0,10,0
1878-07-01,0,0,2,5,21,0,7,0
1878-08-01,0,0,2,5,23,0,6,0
1878-09-01,0,0,3,5,26,0,11,0
1878-10-01,0,0,3,5,27,0,11,0
1878-11-01,0,0,2,5,26,0,12,0
1878-12-01,0,0,3,5,26,0,12,0
1879-01-01,0,0,3,5,27,0,12,0
1879-02-01,0,0,3,5,27,0,10,0
1879-03-01,0,0,3,5,26,0,12,0
1879-04-01,0,0,3,5,26,0,11,0
1879-05-01,0,0,2,5,25,0,7,0
1879-06-01,0,0,2,5,25,0,7,0
1879-07-01,0,0,2,5,25,0,7,0
1879-08-01,0,0,2,5,25,0,7,0
1879-09-01,0,0,3,5,21,0,12,0
1879-10-01,0,0,3,5,25,0,12,0
1879-11-01,0,0,3,5,22,0,10,0
1879-12-01,0,0,3,5,25,0,11,0
1880-01-01,0,0,3,3,24,0,42,0
1880-02-01,0,0,3,4,17,0,24,0
1880-03-01,0,0,3,3,21,0,33,0
1880-04-01,0,0,3,5,21,0,38,0
1880-05-01,0,0,3,1,18,0,35,0
1880-06-01,0,0,3,5,21,0,32,0
1880-07-01,0,0,2,5,21,0,31,0
1880-08-01,0,0,3,5,20,0,33,0
1880-09-01,0,0,2,5,20,0,35,0
1880-10-01,0,0,2,5,21,0,33,0
1880-11-01,0,0,3,5,22,0,35,0
1880-12-01,0,0,3,5,22,0,32,0
1881-01-01,0,0,0,5,18,0,29,0
1881-02-01,0,0,2,5,22,0,34,0
1881-03-01,0,0,3,5,21,0,35,0
1881-04-01,0,0,3,5,17,0,27,0
1881-05-01,0,0,3,5,22,0,34,0
1881-06-01,0,0,2,5,20,0,34,0
1881-07-01,0,0,2,5,22,0,29,0
1881-08-01,0,0,2,5,20,0,31,0
1881-09-01,0,0,2,5,21,0,33,0
1881-10-01,0,0,2,5,21,0,31,0
1881-11-01,0,0,2,5,21,0,33,0
1881-12-01,0,0,2,5,22,0,31,0
1882-01-01,0,0,2,5,20,0,30,0
1882-02-01,0,0,2,5,16,0,20,0
1882-03-01,0,0,2,5,17,0,27,0
1882-04-01,0,0,1,5,19,0,27,0
1882-05-01,0,0,1,5,18,0,24,0
1882-06-01,0,0,2,5,17,0,25,0
1882-07-01,0,0,2,5,17,0,23,0
1882-08-01,0,0,2,5,17,0,25,0
1882-09-01,0,0,2,5,16,0,25,0
1882-10-01,0,0,2,5,18,0,25,0
1882-11-01,0,0,2,5,18,0,25,0
1882-12-01,0,0,2,5,18,0,26,0
1883-01-01,1,0,2,5,20,0,86,0
1883-02-01,1,0,2,5,21,0,85,0
1883-03-01,1,0,2,5,20,0,86,0
1883-04-01,1,0,2,5,21,0,88,0
1883-05-01,1,0,2,5,21,0,87,0
1883-06-01,1,0,2,5,20,0,85,0
1883-07-01,1,0,2,5,20,0,81,0
1883-08-01,1,0,2,5,21,0,84,0
1883-09-01,1,0,2,5,20,0,82,0
1883-10-01,1,0,2,5,19,0,79,0
1883-11-01,1,0,2,5,20,0,84,0
1883-12-01,1,0,2,5,20,0,86,0
1884-01-01,1,0,2,5,20,0,87,0
1884-02-01,1,0,2,5,20,0,85,0
1884-03-01,1,0,2,5,20,0,83,0
1884-04-01,1,0,2,5,19,0,85,0
1884-05-01,1,0,2,5,20,0,84,0
1884-06-01,1,0,2,5,19,0,78,0
1884-07-01,1,0,2,5,19,0,83,0
1884-08-01,0,0,2,5,17,0,78,0
1884-09-01,0,0,2,5,19,0,73,0
1884-10-01,0,0,0,3,12,0,34,0
1884-11-01,0,0,2,4,13,0,38,0
1884-12-01,0,0,0,2,12,0,28,0
1885-01-01,0,0,0,2,13,0,36,0
1885-02-01,0,0,0,2,14,0,42,0
1885-03-01,1,0,1,3,11,0,35,0
1885-04-01,0,0,0,5,12,0,35,0
1885-05-01,0,0,0,1,11,0,33,0
1885-06-01,0,0,0,2,12,0,28,0
1885-07-01,0,0,0,3,14,0,41,0
1885-08-01,0,0,0,3,13,0,43,0
1885-09-01,0,0,0,4,16,0,44,0
1885-10-01,0,0,0,4,9,0,60,0
1885-11-01,0,0,0,2,12,0,52,0
1885-12-01,0,0,0,1,13,0,53,0
1886-01-01,0,0,0,5,12,0,47,0
1886-02-01,0,0,0,4,13,0,41,0
1886-03-01,0,0,0,3,13,0,47,0
1886-04-01,0,0,0,1,11,0,44,0
1886-05-01,0,0,0,4,11,0,34,0
1886-06-01,0,0,0,2,14,0,41,0
1886-07-01,0,0,0,3,14,0,37,0
1886-08-01,0,0,0,2,12,0,37,0
1886-09-01,0,0,0,3,12,0,40,0
1886-10-01,0,0,0,5,13,0,47,0
1886-11-01,0,0,0,2,12,0,47,0
1886-12-01,0,0,0,1,12,0,46,0
1887-01-01,0,0,0,4,12,0,38,0
1887-02-01,0,0,0,4,12,0,43,0
1887-03-01,0,0,0,3,13,0,43,0
1887-04-01,0,0,0,3,13,0,40,0
1887-05-01,0,0,0,3,12,0,45,0
1887-06-01,0,0,0,2,12,0,42,0
1887-07-01,0,0,0,2,12,0,42,0
1887-08-01,0,0,0,3,13,0,46,0
1887-09-01,0,0,0,3,12,0,40,0
1887-10-01,1,0,0,2,12,0,35,0
1887-11-01,0,0,0,4,13,0,35,0
1887-12-01,0,0,0,2,13,0,31,0
1888-01-01,0,0,2,4,17,0,61,0
1888-02-01,0,0,2,5,17,0,61,0
1888-03-01,0,0,1,4,17,0,57,0
1888-04-01,0,0,2,4,16,0,66,0
1888-05-01,0,0,2,4,16,0,59,0
1888-06-01,0,0,2,5,17,0,55,0
1888-07-01,0,0,2,3,16,0,60,0
1888-08-01,0,0,2,5,16,0,58,0
1888-09-01,0,0,2,4,17,0,56,0
1888-10-01,0,0,2,5,16,0,62,0
1888-11-01,0,0,2,5,17,0,64,0
1888-12-01,0,0,2,5,16,0,61,0
1889-01-01,0,0,2,5,16,0,64,0
1889-02-01,0,0,2,5,17,0,58,0
1889-03-01,0,0,2,5,15,0,64,0
1889-04-01,0,0,2,4,11,0,53,0
1889-05-01,0,0,2,3,16,0,61,0
1889-06-01,0,0,2,5,14,0,64,0
1889-07-01,0,0,2,5,16,0,64,0
1889-08-01,0,0,2,5,14,0,64,0
1889-09-01,0,0,2,5,15,0,65,0
1889-10-01,0,0,2,5,15,0,64,0
1889-11-01,0,0,2,5,14,0,65,0
1889-12-01,0,0,2,5,15,0,61,0
1890-01-01,1,0,2,5,15,0,68,0
1890-02-01,0,0,2,5,15,0,62,0
1890-03-01,0,0,2,5,15,0,67,0
1890-04-01,0,0,2,5,15,0,56,0
1890-05-01,0,0,1,5,15,0,64,0
1890-06-01,0,0,2,4,15,0,64,0
1890-07-01,0,0,2,4,14,0,62,0
1890-08-01,0,0,2,5,13,0,65,0
1890-09-01,0,0,2,5,14,0,63,0
1890-10-01,0,0,2,5,15,0,60,0
1890-11-01,0,0,2,5,13,0,61,0
1890-12-01,0,0,2,5,14,0,63,0
1891-01-01,0,0,2,5,15,0,60,0
1891-02-01,0,0,2,3,14,0,58,0
1891-03-01,0,0,2,4,15,0,57,0
1891-04-01,0,0,2,5,15,0,58,0
1891-05-01,0,0,1,4,13,0,54,0
1891-06-01,0,0,1,5,15,0,56,0
1891-07-01,0,0,2,4,14,0,58,0
1891-08-01,0,0,2,4,14,0,58,0
1891-09-01,0,0,0,4,13,0,56,0
1891-10-01,0,0,2,5,15,0,59,0
1891-11-01,0,0,1,5,15,0,59,0
1891-12-01,0,0,2,5,15,0,58,0
1892-01-01,0,0,2,5,14,0,59,0
1892-02-01,0,0,2,5,15,0,58,0
1892-03-01,0,0,2,4,15,0,57,0
1892-04-01,0,0,2,2,14,0,56,0
1892-05-01,0,0,2,5,13,0,59,0
1892-06-01,0,0,2,4,14,0,54,0
1892-07-01,0,0,2,3,15,0,50,0
1892-08-01,0,0,2,5,15,0,56,0
1892-09-01,0,0,2,5,15,0,58,0
1892-10-01,0,0,2,5,15,0,58,0
1892-11-01,0,0,2,5,15,0,56,0
1892-12-01,0,0,2,5,15,0,56,0
1893-01-01,0,0,2,5,14,0,54,0
1893-02-01,0,0,2,5,14,0,50,0
1893-03-01,0,0,2,5,15,0,54,0
1893-04-01,0,0,2,5,14,0,54,0
1893-05-01,0,0,1,5,14,0,53,0
1893-06-01,0,0,1,5,15,0,51,0
1893-07-01,0,0,1,5,14,0,50,0
1893-08-01,0,0,1,5,13,0,50,0
1893-09-01,0,0,1,5,14,0,53,0
1893-10-01,0,0,1,5,14,0,51,0
1893-11-01,0,0,2,5,14,0,51,0
1893-12-01,1,0,0,1,13,0,32,0
1894-01-01,0,0,2,5,15,0,53,0
1894-02-01,0,0,1,5,15,0,51,0
1894-03-01,0,0,2,5,15,0,53,0
1894-04-01,0,0,0,4,11,0,24,0
1894-05-01,0,0,2,5,15,0,51,0
1894-06-01,0,0,2,5,14,0,51,0
1894-07-01,0,0,2,5,13,0,47,0
1894-08-01,0,0,0,5,12,0,28,0
1894-09-01,0,0,2,5,15,0,51,0
1894-10-01,0,0,0,4,12,0,26,0
1894-11-01,0,0,2,5,14,0,49,0
1894-12-01,0,0,2,5,14,0,46,0
1895-01-01,0,0,1,5,13,0,47,0
1895-02-01,0,0,2,5,14,0,47,0
1895-03-01,0,0,1,5,13,0,45,0
1895-04-01,0,0,2,5,13,0,36,0
1895-05-01,0,0,2,5,14,0,47,0
1895-06-01,0,0,2,5,13,0,49,0
1895-07-01,0,0,2,5,14,0,48,0
1895-08-01,0,0,2,5,14,0,49,0
1895-09-01,0,0,2,5,14,0,49,0
1895-10-01,0,0,2,5,14,0,37,0
1895-11-01,0,0,2,5,12,0,49,0
1895-12-01,0,0,2,5,14,0,46,0
1896-01-01,0,0,2,5,14,0,46,0
1896-02-01,0,0,2,5,13,0,46,0
1896-03-01,0,0,2,5,14,0,46,0
1896-04-01,0,0,2,5,13,0,48,0
1896-05-01,0,0,2,5,12,0,45,0
1896-06-01,0,0,2,4,11,0,42,0
1896-07-01,0,0,2,5,11,0,41,0
1896-08-01,0,0,2,5,14,0,38,0
1896-09-01,0,0,2,5,12,0,38,0
1896-10-01,0,0,2,3,12,0,42,0
1896-11-01,0,0,2,5,14,0,42,0
1896-12-01,0,0,2,5,14,0,42,0
1897-01-01,0,0,2,4,14,0,40,0
1897-02-01,0,0,2,5,13,0,43,0
1897-03-01,0,0,2,5,13,0,41,0
1897-04-01,0,0,2,5,13,0,40,0
1897-05-01,0,0,2,5,14,0,40,0
1897-06-01,0,0,2,5,13,0,43,0
1897-07-01,0,0,2,4,12,0,40,0
1897-08-01,0,0,2,5,13,0,39,0
1897-09-01,0,0,2,5,14,0,41,0
1897-10-01,0,0,2,4,12,0,39,0
1897-11-01,0,0,2,5,12,0,42,0
1897-12-01,0,0,0,0,13,0,27,0
1898-01-01,0,0,2,5,13,0,40,0
1898-02-01,0,0,2,5,13,0,41,0
1898-03-01,0,0,2,5,11,0,41,0
1898-04-01,0,0,2,5,13,0,41,0
1898-05-01,0,0,2,5,13,0,39,0
1898-06-01,0,0,2,5,12,0,37,0
1898-07-01,0,0,2,5,13,0,40,0
1898-08-01,0,0,2,5,12,0,40,0
1898-09-01,0,0,2,5,13,0,39,0
1898-10-01,0,0,2,5,13,0,39,0
1898-11-01,0,0,2,5,12,0,38,0
1898-12-01,0,0,2,5,12,0,40,0
1899-01-01,0,0,2,5,13,0,39,0
1899-02-01,0,0,2,5,12,0,38,0
1899-03-01,0,0,2,5,12,0,39,0
1899-04-01,0,0,2,5,12,0,35,0
1899-05-01,0,0,2,5,11,0,35,0
1899-06-01,0,0,2,5,12,0,37,0
1899-07-01,0,0,2,5,12,0,37,0
1899-08-01,0,0,2,5,12,0,37,0
1899-09-01,0,0,2,5,11,0,35,0
1899-10-01,0,0,0,4,8,0,21,0
1899-11-01,0,0,2,5,12,0,36,0
1899-12-01,0,0,2,5,12,0,34,0
1900-01-01,0,0,1,5,11,0,44,0
1900-02-01,0,0,2,5,12,0,48,0
1900-03-01,0,0,2,5,12,0,48,0
1900-04-01,0,0,0,5,13,0,45,0
1900-05-01,0,0,0,5,13,0,45,0
1900-06-01,0,0,2,5,12,0,43,0
1900-07-01,0,0,0,5,12,0,45,0
1900-08-01,0,0,1,5,10,0,42,0
1900-09-01,0,0,2,5,12,0,46,0
1900-10-01,0,0,1,5,12,0,47,0
1900-11-01,0,0,0,5,12,0,47,0
1900-12-01,0,0,0,5,12,0,46,0
1901-01-01,0,0,0,5,12,0,53,0
1901-02-01,0,0,1,5,12,0,52,0
1901-03-01,0,0,0,5,12,0,54,0
1901-04-01,0,0,2,4,12,0,50,0
1901-05-01,0,0,2,4,12,0,55,0
1901-06-01,0,0,2,5,11,0,53,0
1901-07-01,0,0,2,5,10,0,50,0
1901-08-01,0,0,2,5,9,0,49,0
1901-09-01,0,0,2,5,10,0,52,0
1901-10-01,0,0,2,5,10,0,51,0
1901-11-01,0,0,2,5,11,0,53,0
1901-12-01,0,0,2,5,11,0,53,0
1902-01-01,0,0,2,5,11,0,49,0
1902-02-01,0,0,2,5,10,0,52,0
1902-03-01,0,0,2,5,11,0,51,0
1902-04-01,0,0,2,5,11,0,54,0
1902-05-01,0,0,2,5,11,0,49,0
1902-06-01,0,0,2,5,11,0,52,0
1902-07-01,0,0,2,5,11,0,52,0
1902-08-01,0,0,2,5,11,0,53,0
1902-09-01,0,0,2,5,11,0,53,0
1902-10-01,0,0,2,5,10,0,58,0
1902-11-01,0,0,2,5,10,0,57,0
1902-12-01,0,0,2,5,10,0,56,0
1903-01-01,0,0,2,5,10,0,62,0
1903-02-01,0,0,2,5,10,0,61,0
1903-03-01,0,0,2,5,10,0,62,0
1903-04-01,0,0,2,5,10,0,59,0
1903-05-01,0,0,2,5,10,0,61,0
1903-06-01,0,0,2,5,10,0,61,0
1903-07-01,0,0,2,5,10,0,61,0
1903-08-01,0,0,2,5,9,0,60,0
1903-09-01,0,0,0,5,10,0,62,0
1903-10-01,0,0,0,5,10,0,62,0
1903-11-01,0,0,0,5,11,0,59,0
1903-12-01,0,0,0,5,10,0,59,0
1904-01-01,0,0,2,5,12,0,55,0
1904-02-01,0,0,2,5,12,0,57,0
1904-03-01,0,0,2,5,11,0,58,0
1904-04-01,0,0,2,5,12,0,59,0
1904-05-01,0,0,1,5,13,0,60,0
1904-06-01,0,0,2,5,13,0,60,0
1904-07-01,0,0,2,5,13,0,61,0
1904-08-01,0,0,2,3,13,0,56,0
1904-09-01,0,0,2,5,12,0,60,0
1904-10-01,0,0,2,3,13,0,55,0
1904-11-01,0,0,2,5,13,0,61,0
1904-12-01,0,0,2,5,13,0,59,0
1905-01-01,0,0,0,5,13,0,61,0
1905-02-01,0,0,2,5,12,0,61,0
1905-03-01,0,0,2,4,12,0,58,0
1905-04-01,0,0,2,4,11,0,56,0
1905-05-01,0,0,2,5,12,0,59,0
1905-06-01,0,0,2,5,13,0,57,0
1905-07-01,0,0,2,5,13,0,61,0
1905-08-01,0,0,2,5,11,0,56,0
1905-09-01,0,0,2,5,11,0,61,0
1905-10-01,0,0,2,4,11,0,61,0
1905-11-01,0,0,2,5,12,0,65,0
1905-12-01,0,0,2,5,13,0,65,0
1906-01-01,0,0,2,5,12,0,62,0
1906-02-01,0,0,2,4,12,0,60,0
1906-03-01,0,0,2,5,7,0,51,0
1906-04-01,0,0,2,3,12,0,61,0
1906-05-01,0,0,2,5,12,0,60,0
1906-06-01,0,0,2,5,10,0,68,0
1906-07-01,0,0,2,5,10,0,69,0
1906-08-01,26,3,0,3,14,2,43,0
1906-09-01,0,0,2,3,7,0,39,0
1906-10-01,0,0,2,5,11,0,68,0
1906-11-01,0,0,2,5,12,0,68,0
1906-12-01,0,0,2,5,12,0,70,0
1907-01-01,0,0,2,5,12,0,70,0
1907-02-01,0,0,2,4,12,0,70,0
1907-03-01,0,0,2,4,12,0,70,0
1907-04-01,0,0,2,5,12,0,67,0
1907-05-01,0,0,2,5,12,0,69,0
1907-06-01,0,0,2,4,11,0,67,0
1907-07-01,0,0,2,5,11,0,68,0
1907-08-01,0,0,2,5,10,0,66,0
1907-09-01,0,0,2,5,11,0,69,0
1907-10-01,0,0,2,4,10,0,66,0
1907-11-01,0,0,2,4,11,0,47,0
1907-12-01,0,0,2,5,12,0,68,0
1908-01-01,0,0,2,5,13,0,69,0
1908-02-01,0,0,2,5,13,0,70,0
1908-03-01,0,0,2,4,13,0,68,0
1908-04-01,0,0,2,5,12,0,70,0
1908-05-01,0,0,2,5,13,0,71,0
1908-06-01,0,0,2,5,12,0,69,0
1908-07-01,0,0,2,4,13,0,66,0
1908-08-01,0,0,2,4,12,0,60,0
1908-09-01,0,0,2,4,13,0,71,0
1908-10-01,0,0,2,5,13,0,68,0
1908-11-01,0,0,2,2,12,0,64,0
1908-12-01,0,0,2,5,13,0,68,0
1909-01-01,0,0,2,5,12,0,69,0
1909-02-01,0,0,2,5,13,0,70,0
1909-03-01,0,0,2,4,13,0,67,0
1909-04-01,0,0,2,5,12,0,68,0
1909-05-01,0,0,2,5,13,0,67,0
1909-06-01,0,0,2,5,12,0,66,0
1909-07-01,0,0,2,5,13,0,68,0
1909-08-01,0,0,2,5,13,0,68,0
1909-09-01,0,0,2,5,12,0,68,0
1909-10-01,0,0,2,5,11,0,49,0
1909-11-01,0,0,2,5,12,0,65,0
1909-12-01,0,0,1,5,12,0,62,0
1910-01-01,0,0,0,4,13,0,67,0
1910-02-01,0,0,0,4,13,0,69,0
1910-03-01,0,0,0,5,13,0,71,0
1910-04-01,0,0,0,3,11,0,60,0
1910-05-01,0,0,0,5,12,0,68,0
1910-06-01,0,0,0,5,12,0,68,0
1910-07-01,0,0,0,5,11,0,52,0
1910-08-01,0,0,0,5,12,0,62,0
1910-09-01,0,0,0,5,13,0,65,0
1910-10-01,0,0,0,5,12,0,60,0
1910-11-01,0,0,0,4,13,0,65,0
1910-12-01,0,0,0,5,9,0,61,0
1911-01-01,0,0,0,5,13,0,70,0
1911-02-01,0,0,0,4,12,0,69,0
1911-03-01,0,0,0,5,12,0,69,0
1911-04-01,0,0,0,5,12,0,70,0
1911-05-01,0,0,0,5,11,0,69,0
1911-06-01,0,0,0,4,13,0,68,0
1911-07-01,0,0,0,5,13,0,69,0
1911-08-01,0,0,0,5,13,0,66,0
1911-09-01,0,0,0,5,13,0,66,0
1911-10-01,0,0,0,4,8,0,52,0
1911-11-01,0,0,0,2,4,0,32,0
1911-12-01,0,0,0,4,13,0,64,0
1912-01-01,0,0,0,5,13,0,67,0
1912-02-01,0,0,0,5,12,0,68,0
1912-03-01,0,0,0,5,12,0,65,0
1912-04-01,0,0,0,5,12,0,66,0
1912-05-01,0,0,0,4,9,0,67,0
1912-06-01,0,0,0,5,13,0,69,0
1912-07-01,0,0,0,5,13,0,68,0
1912-08-01,0,0,0,5,13,0,65,0
1912-09-01,0,0,0,5,13,0,66,0
1912-10-01,0,0,0,5,12,0,67,0
1912-11-01,0,0,0,5,14,0,64,0
1912-12-01,0,0,0,5,12,0,65,0
1913-01-01,0,0,0,5,14,0,64,0
1913-02-01,0,0,0,5,12,0,62,0
1913-03-01,0,0,0,5,13,0,65,0
1913-04-01,0,0,0,5,10,0,65,0
1913-05-01,0,0,0,5,11,0,64,0
1913-06-01,0,0,0,4,13,0,64,0
1913-07-01,0,0,0,5,12,0,63,0
1913-08-01,0,0,0,5,13,0,67,0
1913-09-01,0,0,0,5,11,0,66,0
1913-10-01,0,0,0,5,12,0,63,0
1913-11-01,0,0,0,5,13,0,64,0
1913-12-01,0,1,0,1,12,0,42,0
1914-01-01,0,0,0,5,14,0,63,0
1914-02-01,0,0,0,5,13,0,64,0
1914-03-01,0,0,0,5,12,0,64,0
1914-04-01,0,0,0,5,12,0,65,0
1914-05-01,0,0,0,3,11,0,52,0
1914-06-01,0,0,0,4,9,0,52,0
1914-07-01,0,0,0,0,0,0,0,0
1914-08-01,0,0,0,0,0,0,0,0
1914-09-01,0,0,0,0,0,0,0,0
1914-10-01,0,0,0,0,0,0,0,0
1914-11-01,0,0,0,0,0,0,0,0
1914-12-01,0,0,0,1,10,0,35,1
1915-01-01,0,0,0,3,12,0,55,0
1915-02-01,0,0,0,4,10,0,58,0
1915-03-01,0,0,0,5,12,0,61,0
1915-04-01,0,0,0,5,12,0,58,0
1915-05-01,0,0,0,2,6,0,45,0
1915-06-01,0,0,0,5,12,0,64,0
1915-07-01,0,0,0,5,13,0,64,0
1915-08-01,0,0,0,5,13,0,67,0
1915-09-01,0,0,0,4,8,0,53,0
1915-10-01,0,0,0,5,9,0,60,0
1915-11-01,0,0,0,5,12,0,70,0
1915-12-01,0,0,0,5,12,0,62,0
1916-01-01,0,0,0,5,13,0,72,0
1916-02-01,0,0,0,5,13,0,76,0
1916-03-01,0,0,0,5,12,0,75,0
1916-04-01,0,0,0,5,11,0,70,0
1916-05-01,0,0,0,5,12,0,68,0
1916-06-01,0,0,0,5,13,0,72,0
1916-07-01,0,0,0,5,13,0,70,0
1916-08-01,0,0,0,5,13,0,71,0
1916-09-01,0,0,0,5,11,0,70,0
1916-10-01,0,0,0,4,13,0,67,0
1916-11-01,0,0,0,4,13,0,62,0
1916-12-01,0,0,0,5,12,0,69,0
1917-01-01,0,0,0,4,12,0,65,0
1917-02-01,0,0,0,5,13,0,69,0
1917-03-01,0,0,0,5,13,0,67,0
1917-04-01,0,0,0,5,12,0,66,0
1917-05-01,0,0,0,5,13,0,66,0
1917-06-01,0,0,0,5,9,0,66,0
1917-07-01,0,0,0,5,13,0,68,0
1917-08-01,0,0,0,5,12,0,67,0
1917-09-01,0,0,0,5,13,0,68,0
1917-10-01,0,0,0,4,13,0,68,0
1917-11-01,0,0,0,5,13,0,67,0
1917-12-01,0,0,0,5,12,0,66,0
1918-01-01,0,0,0,5,13,0,68,0
1918-02-01,0,0,0,5,12,0,71,0
1918-03-01,0,0,0,5,11,0,63,0
1918-04-01,0,0,0,5,7,0,42,0
1918-05-01,0,0,0,5,13,0,71,0
1918-06-01,0,0,0,4,13,0,70,0
1918-07-01,0,0,0,4,6,0,44,0
1918-08-01,0,0,0,3,12,0,62,0
1918-09-01,0,0,0,4,12,0,60,0
1918-10-01,0,0,0,5,10,0,56,0
1918-11-01,0,0,0,5,12,0,65,0
1918-12-01,2,1,2,4,14,0,41,1
1919-01-01,0,0,0,5,11,0,67,0
1919-02-01,0,0,0,5,13,0,60,0
1919-03-01,0,0,0,4,10,0,62,0
1919-04-01,0,0,0,4,11,0,64,0
1919-05-01,0,0,0,4,7,0,44,0
1919-06-01,0,0,0,4,10,0,61,0
1919-07-01,0,0,0,5,13,0,62,0
1919-08-01,0,0,0,5,11,0,61,0
1919-09-01,0,0,0,5,10,0,64,0
1919-10-01,0,0,0,5,8,0,54,0
1919-11-01,0,0,0,5,12,0,56,0
1919-12-01,0,0,0,4,11,0,55,0
1920-01-01,0,0,0,1,8,0,53,0
1920-02-01,0,0,0,5,13,0,61,0
1920-03-01,0,0,0,5,11,0,65,0
1920-04-01,0,0,0,4,11,0,65,0
1920-05-01,0,0,0,4,7,0,55,0
1920-06-01,0,0,0,5,13,0,66,0
1920-07-01,0,0,0,5,11,0,64,0
1920-08-01,0,0,0,5,11,0,62,0
1920-09-01,0,0,0,4,11,0,62,0
1920-10-01,0,0,0,5,12,0,65,0
1920-11-01,0,0,0,4,12,0,65,0
1920-12-01,0,0,0,5,11,0,70,0
1921-01-01,0,0,0,5,13,0,69,0
1921-02-01,0,0,0,5,12,0,68,0
1921-03-01,0,0,0,4,12,0,72,0
1921-04-01,0,0,0,5,13,0,73,0
1921-05-01,0,0,0,4,13,0,70,0
1921-06-01,0,0,0,5,9,0,63,0
1921-07-01,0,0,0,5,13,0,69,0
1921-08-01,0,0,0,5,12,0,66,0
1921-09-01,0,0,0,5,13,0,70,0
1921-10-01,0,0,0,5,13,0,71,0
1921-11-01,0,0,0,5,11,0,69,0
1921-12-01,0,0,0,5,13,0,67,0
1922-01-01,0,0,0,5,13,0,68,0
1922-02-01,0,0,0,5,13,0,69,0
1922-03-01,0,0,0,5,11,0,67,0
1922-04-01,0,0,0,5,13,0,64,0
1922-05-01,0,0,0,5,13,0,69,0
1922-06-01,0,0,0,5,12,0,71,0
1922-07-01,0,0,0,4,13,0,57,0
1922-08-01,0,0,0,4,12,0,59,0
1922-09-01,0,0,0,5,13,0,66,0
1922-10-01,0,0,0,4,11,0,64,0
1922-11-01,0,0,0,5,13,0,66,0
1922-12-01,0,0,0,4,13,0,65,0
1923-01-01,0,0,0,5,12,0,63,0
1923-02-01,0,0,0,5,13,0,68,0
1923-03-01,0,0,0,4,10,0,63,0
1923-04-01,0,0,0,5,12,0,69,0
1923-05-01,0,0,0,5,13,0,66,0
1923-06-01,1,0,0,2,0,0,12,0
1923-07-01,0,0,0,5,13,0,63,0
1923-08-01,0,0,0,5,12,0,62,0
1923-09-01,0,0,0,5,12,0,66,0
1923-10-01,0,0,0,5,13,0,68,0
1923-11-01,0,0,0,5,13,0,66,0
1923-12-01,0,0,0,5,13,0,65,0
1924-01-01,0,0,0,5,13,0,67,0
1924-02-01,0,0,0,5,13,0,69,0
1924-03-01,0,0,0,5,13,0,65,0
1924-04-01,0,0,0,5,12,0,67,0
1924-05-01,0,0,0,4,13,0,66,0
1924-06-01,0,0,0,5,13,0,65,0
1924-07-01,0,0,0,5,13,0,68,0
1924-08-01,0,0,0,5,12,0,64,0
1924-09-01,0,0,0,5,13,0,67,0
1924-10-01,0,0,0,5,11,0,64,0
1924-11-01,0,0,0,5,13,0,68,0
1924-12-01,0,0,0,4,12,0,59,0
1925-01-01,0,0,0,4,12,0,62,0
1925-02-01,0,0,0,5,12,0,63,0
1925-03-01,0,0,0,5,11,0,66,0
1925-04-01,0,0,0,5,12,0,67,0
1925-05-01,0,0,0,4,12,0,61,0
1925-06-01,0,0,0,3,12,0,64,0
1925-07-01,0,0,0,5,12,0,63,0
1925-08-01,0,0,0,4,13,0,62,0
1925-09-01,0,0,0,5,11,0,53,0
1925-10-01,0,0,0,4,11,0,54,0
1925-11-01,0,0,0,4,12,0,62,0
1925-12-01,0,0,0,5,10,0,63,0
