ID2020,r2015,r2020,r2021,idx2015,idx2020,idx2021,n_quoted
1815-01-01,,,,100.0,100.0,100.0,7
1815-02-01,-0.024204,-0.024204,-0.024204,97.579618,97.579618,97.579618,7
1815-03-01,-0.005222,-0.005222,-0.005222,97.070064,97.070064,97.070064,8
1815-04-01,0.00464,0.00464,0.00464,97.520505,97.520505,97.520505,8
1815-05-01,-0.001155,-0.001155,-0.001155,97.407895,97.407895,97.407895,8
1815-06-01,-0.006936,-0.006936,-0.006936,96.732233,96.732233,96.732233,8
1815-07-01,-0.006985,-0.006985,-0.006985,96.056571,96.056571,96.056571,8
1815-08-01,0.016413,0.016413,0.016413,97.633115,97.633115,97.633115,8
1815-09-01,-0.004614,-0.004614,-0.004614,97.182674,97.182674,97.182674,8
1815-10-01,-0.017381,-0.017381,-0.017381,95.49352,95.49352,95.49352,8
1815-11-01,-0.020047,-0.020047,-0.020047,93.579145,93.579145,93.579145,8
1815-12-01,-0.002407,-0.002407,-0.002407,93.353924,93.353924,93.353924,9
1816-01-01,0.00965,0.00965,0.00965,94.254807,94.254807,94.254807,8
1816-02-01,0.0,0.0,0.0,94.254807,94.254807,94.254807,8
1816-03-01,-0.023895,-0.023895,-0.023895,92.002601,92.002601,92.002601,8
1816-04-01,0.001224,0.001224,0.001224,92.115211,92.115211,92.115211,8
1816-05-01,-0.012225,-0.012225,-0.012225,90.989108,90.989108,90.989108,8
1816-06-01,-0.012376,-0.012376,-0.012376,89.863006,89.863006,89.863006,8
1816-07-01,-0.008772,-0.008772,-0.008772,89.074734,89.074734,89.074734,8
1816-08-01,0.002528,0.002528,0.002528,89.299954,89.299954,89.299954,8
1816-09-01,0.001261,0.001261,0.001261,89.412564,89.412564,89.412564,8
1816-10-01,0.034005,0.034005,0.034005,92.453042,92.453042,92.453042,8
1816-11-01,-0.002436,-0.002436,-0.002436,92.227822,92.227822,92.227822,8
1816-12-01,-0.007326,-0.007326,-0.007326,91.55216,91.55216,91.55216,9
1817-01-01,0.01599,0.01599,0.01599,93.016094,93.016094,93.016094,8
1817-02-01,0.033898,0.033898,0.033898,96.169181,96.169181,96.169181,8
1817-03-01,0.013099,0.013099,0.013099,97.428859,97.428859,97.428859,0
1817-04-01,0.013099,0.013099,0.013099,98.705037,98.705037,98.705037,0
1817-05-01,0.013099,0.013099,0.013099,99.997931,99.997931,99.997931,8
1817-06-01,-0.012387,-0.012387,-0.012387,98.759218,98.759218,98.759218,8
1817-07-01,0.038769,0.038769,0.038769,102.587968,102.587968,102.587968,8
1817-08-01,0.036224,0.036224,0.036224,106.304107,106.304107,106.304107,8
1817-09-01,0.006356,0.006356,0.006356,106.979769,106.979769,106.979769,8
1817-10-01,-0.003158,-0.003158,-0.003158,106.641938,106.641938,106.641938,8
1817-11-01,0.008448,0.008448,0.008448,107.54282,107.54282,107.54282,8
1817-12-01,0.016754,0.016754,0.016754,109.344585,109.344585,109.344585,10
1818-01-01,0.492432,-0.012109,-0.012109,163.189345,108.020533,108.020533,10
1818-02-01,-0.313291,0.00463,0.00463,112.063569,108.520628,108.520628,10
1818-03-01,-0.010138,-0.010138,-0.010138,110.927441,107.420419,107.420419,10
1818-04-01,0.0,0.0,0.0,110.927441,107.420419,107.420419,12
1818-05-01,0.039751,0.039751,0.039751,115.336871,111.690443,111.690443,12
1818-06-01,-0.036732,-0.036732,-0.036732,111.100359,107.587871,107.587871,13
1818-07-01,0.012126,0.012126,0.012126,112.447511,108.892431,108.892431,13
1818-08-01,-0.002819,-0.002819,-0.002819,112.130534,108.585476,108.585476,13
1818-09-01,-0.021201,-0.021201,-0.021201,109.753208,106.28331,106.28331,13
1818-10-01,-0.028159,-0.028159,-0.028159,106.662685,103.290495,103.290495,13
1818-11-01,-0.004458,-0.004458,-0.004458,106.187219,102.830062,102.830062,13
1818-12-01,-0.008955,-0.008955,-0.008955,105.236289,101.909196,101.909196,14
1819-01-01,0.015813,0.015813,0.015813,106.900417,103.520712,103.520712,13
1819-02-01,-0.007413,-0.007413,-0.007413,106.107975,102.753323,102.753323,13
1819-03-01,-0.023152,-0.023152,-0.023152,103.651405,100.374419,100.374419,13
1819-04-01,-0.025994,-0.025994,-0.025994,100.957103,97.765298,97.765298,13
1819-05-01,-0.040816,-0.040816,-0.040816,96.836405,93.774877,93.774877,13
1819-06-01,0.015548,0.015548,0.015548,98.342044,95.232916,95.232916,15
1819-07-01,0.013259,0.013259,0.013259,99.645951,96.495599,96.495599,15
1819-08-01,-0.013085,-0.013085,-0.013085,98.342044,95.232916,95.232916,15
1819-09-01,0.001475,0.001475,0.001475,98.487092,95.373377,95.373377,14
1819-10-01,-0.012238,-0.012238,-0.012238,97.28183,94.20622,94.20622,13
1819-11-01,-0.003333,-0.003333,-0.003333,96.957557,93.8922,93.8922,14
1819-12-01,-0.0104,-0.0104,-0.0104,95.949199,92.915721,92.915721,15
1820-01-01,0.015475,0.015475,0.015475,97.434042,94.353621,94.353621,14
1820-02-01,-0.000726,-0.000726,-0.000726,97.363336,94.285149,94.285149,14
1820-03-01,0.009441,0.009441,0.009441,98.282525,95.175278,95.175278,15
1820-04-01,0.01679,0.01679,0.01679,99.932668,96.773251,96.773251,15
1820-05-01,0.018828,0.018828,0.018828,101.814245,98.595341,98.595341,14
1820-06-01,-0.010951,-0.010951,-0.010951,100.699236,97.515584,97.515584,14
1820-07-01,0.018166,0.018166,0.018166,102.528548,99.287061,99.287061,11
1820-08-01,0.016026,0.016026,0.016026,104.171633,100.8782,100.8782,11
1820-09-01,0.016981,0.016981,0.016981,105.940586,102.591226,102.591226,12
1820-10-01,0.002705,0.002705,0.002705,106.22717,102.868749,102.868749,11
1820-11-01,-0.008094,-0.008094,-0.008094,105.367418,102.036179,102.036179,13
1820-12-01,-0.002065,-0.002065,-0.002065,105.149866,101.825505,101.825505,15
1821-01-01,0.017164,0.017164,0.017164,106.954677,103.573256,103.573256,13
1821-02-01,0.00161,0.00161,0.00161,107.126907,103.740041,103.740041,12
1821-03-01,0.015548,0.015548,0.015548,108.792546,105.35302,105.35302,13
1821-04-01,-0.004773,-0.004773,-0.004773,108.27325,104.850142,104.850142,11
1821-05-01,0.011917,0.011917,0.011917,109.563497,106.099597,106.099597,11
1821-06-01,0.000996,0.000996,0.000996,109.672624,106.205274,106.205274,11
1821-07-01,-0.002691,-0.002691,-0.002691,109.377541,105.91952,105.91952,13
1821-08-01,0.000742,0.000742,0.000742,109.458742,105.998154,105.998154,13
1821-09-01,-0.004028,-0.004028,-0.004028,109.017821,105.571172,105.571172,10
1821-10-01,0.008089,0.008089,0.008089,109.899663,106.425135,106.425135,12
1821-11-01,-0.008965,-0.008965,-0.008965,108.914418,105.471039,105.471039,12
1821-12-01,-0.002327,-0.002327,-0.002327,108.660993,105.225627,105.225627,6
1822-01-01,-0.005643,-0.005643,-0.005643,108.047814,104.631833,104.631833,0
1822-02-01,-0.005643,-0.005643,-0.005643,107.438094,104.04139,104.04139,0
1822-03-01,-0.005643,-0.005643,-0.005643,106.831815,103.454279,103.454279,0
1822-04-01,-0.005643,-0.005643,-0.005643,106.228958,102.870481,102.870481,0
1822-05-01,-0.005643,-0.005643,-0.005643,105.629502,102.289977,102.289977,0
1822-06-01,-0.005643,-0.005643,-0.005643,105.033429,101.712749,101.712749,0
1822-07-01,-0.005643,-0.005643,-0.005643,104.44072,101.138779,101.138779,0
1822-08-01,-0.005643,-0.005643,-0.005643,103.851355,100.568047,100.568047,0
1822-09-01,-0.005643,-0.005643,-0.005643,103.265316,100.000536,100.000536,0
1822-10-01,-0.005643,-0.005643,-0.005643,102.682585,99.436228,99.436228,0
1822-11-01,-0.005643,-0.005643,-0.005643,102.103141,98.875104,98.875104,0
1822-12-01,-0.005643,-0.005643,-0.005643,101.526968,98.317147,98.317147,19
1823-01-01,0.00185,0.00185,0.00185,101.714749,98.498991,98.498991,16
1823-02-01,-0.012163,-0.012163,-0.012163,100.477558,97.300915,97.300915,13
1823-03-01,0.010627,0.010627,0.010627,101.545333,98.334931,98.334931,13
1823-04-01,0.006637,0.006637,0.006637,102.219306,98.987596,98.987596,17
1823-05-01,0.0,0.0,0.0,102.219306,98.987596,98.987596,19
1823-06-01,0.008946,0.008946,0.008946,103.133728,99.873108,99.873108,15
1823-07-01,-0.010933,-0.010933,-0.010933,102.006173,98.781201,98.781201,14
1823-08-01,0.010518,0.010518,0.010518,103.079053,99.820162,99.820162,16
1823-09-01,0.00759,0.00759,0.00759,103.861437,100.57781,100.57781,13
1823-10-01,-0.007886,-0.007886,-0.007886,103.04234,99.78461,99.78461,19
1823-11-01,0.019848,0.019848,0.019848,105.087547,101.765157,101.765157,18
1823-12-01,0.017215,0.017215,0.017215,106.896649,103.517063,103.517063,23
1824-01-01,0.005848,0.005848,0.005848,107.521776,104.122426,104.122426,20
1824-02-01,0.019639,0.019639,0.019639,109.633403,106.167293,106.167293,20
1824-03-01,-0.000558,-0.000558,-0.000558,109.572258,106.108081,106.108081,21
1824-04-01,0.025095,0.025095,0.025095,112.322026,108.770913,108.770913,26
1824-05-01,-0.0015,-0.0015,-0.0015,112.153564,108.607778,108.607778,27
1824-06-01,-0.023693,-0.023693,-0.023693,109.496296,106.034521,106.034521,25
1824-07-01,0.014893,0.014893,0.014893,111.12699,107.613659,107.613659,24
1824-08-01,0.009183,0.009183,0.009183,112.14744,108.601847,108.601847,27
1824-09-01,0.012631,0.012631,0.012631,113.563936,109.97356,109.97356,24
1824-10-01,-0.010486,-0.010486,-0.010486,112.373085,108.820358,108.820358,24
1824-11-01,-0.001596,-0.001596,-0.001596,112.193766,108.646709,108.646709,20
1824-12-01,-0.011939,-0.011939,-0.011939,110.854266,107.349558,107.349558,33
1825-01-01,0.006276,0.006276,0.006276,111.550041,108.023336,108.023336,26
1825-02-01,0.001566,0.001566,0.001566,111.724679,108.192453,108.192453,25
1825-03-01,-0.003215,-0.003215,-0.003215,111.365436,107.844567,107.844567,24
1825-04-01,-0.013732,-0.013732,-0.013732,109.836141,106.363621,106.363621,23
1825-05-01,-0.017871,-0.017871,-0.017871,107.873257,104.462795,104.462795,19
1825-06-01,-0.020426,-0.020426,-0.020426,105.669807,102.329008,102.329008,22
1825-07-01,-0.004018,-0.004018,-0.004018,105.245187,101.917812,101.917812,21
1825-08-01,-0.028664,-0.028664,-0.028664,102.228387,98.99639,98.99639,22
1825-09-01,0.00934,0.00934,0.00934,103.183155,99.920972,99.920972,18
1825-10-01,-0.05311,-0.05311,-0.05311,97.703127,94.614198,94.614198,24
1825-11-01,-0.003912,-0.003912,-0.003912,97.320877,94.244033,94.244033,17
1825-12-01,-0.008921,-0.008921,-0.008921,96.4527,93.403304,93.403304,31
1826-01-01,-0.003821,-0.003821,-0.003821,96.084112,93.046369,93.046369,29
1826-02-01,0.037852,0.037852,0.037852,99.721055,96.568328,96.568328,23
1826-03-01,-0.021512,-0.021512,-0.021512,97.575817,94.490913,94.490913,20
1826-04-01,-0.001171,-0.001171,-0.001171,97.46156,94.380268,94.380268,31
1826-05-01,-0.005786,-0.005786,-0.005786,96.897655,93.834191,93.834191,24
1826-06-01,-0.073355,-0.073355,-0.073355,89.789736,86.950993,86.950993,29
1826-07-01,-0.015808,-0.015808,-0.015808,88.37038,85.57651,85.57651,18
1826-08-01,0.029956,0.029956,0.029956,91.017598,88.140035,88.140035,20
1826-09-01,0.00614,0.00614,0.00614,91.576417,88.681187,88.681187,19
1826-10-01,0.05589,0.05589,0.05589,96.694617,93.637573,93.637573,22
1826-11-01,-0.004008,-0.004008,-0.004008,96.307064,93.262272,93.262272,21
1826-12-01,-0.010664,-0.010664,-0.010664,95.280077,92.267754,92.267754,31
1827-01-01,-0.02678,-0.02678,-0.02678,92.728487,89.796834,89.796834,19
1827-02-01,0.008945,0.008945,0.008945,93.557901,90.600026,90.600026,18
1827-03-01,-0.004778,-0.004778,-0.004778,93.110867,90.167125,90.167125,26
1827-04-01,0.020878,0.020878,0.020878,95.054831,92.049629,92.049629,20
1827-05-01,0.00984,0.00984,0.00984,95.990179,92.955406,92.955406,24
1827-06-01,-0.015441,-0.015441,-0.015441,94.507978,91.520065,91.520065,18
1827-07-01,0.006711,0.006711,0.006711,95.14226,92.134294,92.134294,21
1827-08-01,0.004132,0.004132,0.004132,95.53541,92.515014,92.515014,21
1827-09-01,-0.006044,-0.006044,-0.006044,94.957963,91.955823,91.955823,20
1827-10-01,-0.010397,-0.010397,-0.010397,93.970687,90.999761,90.999761,18
1827-11-01,-0.025162,-0.025162,-0.025162,91.606165,88.709994,88.709994,19
1827-12-01,-0.024827,-0.024827,-0.024827,89.331826,86.507559,86.507559,29
1828-01-01,-0.020578,-0.020578,-0.020578,87.493522,84.727374,84.727374,19
1828-02-01,-0.008604,-0.008604,-0.008604,86.74071,83.998363,83.998363,15
1828-03-01,-0.015152,-0.015152,-0.015152,85.426456,82.72566,82.72566,12
1828-04-01,-0.138833,-0.138833,-0.138833,73.566445,71.240609,71.240609,14
1828-05-01,0.017991,0.017991,0.017991,74.88998,72.522299,72.522299,17
1828-06-01,-0.009337,-0.009337,-0.009337,74.190727,71.845153,71.845153,15
1828-07-01,-0.013348,-0.013348,-0.013348,73.200417,70.886152,70.886152,13
1828-08-01,-0.003401,-0.003401,-0.003401,72.951436,70.645043,70.645043,16
1828-09-01,0.032389,0.032389,0.032389,75.314235,72.933141,72.933141,14
1828-10-01,-0.024762,-0.024762,-0.024762,73.449311,71.127178,71.127178,20
1828-11-01,0.013239,0.013239,0.013239,74.421721,72.068844,72.068844,17
1828-12-01,-0.015136,-0.015136,-0.015136,73.295276,70.978012,70.978012,30
1829-01-01,-0.010282,-0.010282,-0.010282,72.541675,70.248237,70.248237,20
1829-02-01,-0.011433,-0.011433,-0.011433,71.712311,69.445094,69.445094,17
1829-03-01,-0.011202,-0.011202,-0.011202,70.909016,68.667195,68.667195,18
1829-04-01,0.018952,0.018952,0.018952,72.252888,69.96858,69.96858,17
1829-05-01,0.007595,0.007595,0.007595,72.801645,70.499987,70.499987,21
1829-06-01,0.031092,0.031092,0.031092,75.065181,72.691961,72.691961,20
1829-07-01,-0.000704,-0.000704,-0.000704,75.012318,72.640769,72.640769,18
1829-08-01,-0.006044,-0.006044,-0.006044,74.558919,72.201705,72.201705,23
1829-09-01,0.030261,0.030261,0.030261,76.815173,74.386626,74.386626,20
1829-10-01,0.010442,0.010442,0.010442,77.617297,75.16339,75.16339,23
1829-11-01,0.026066,0.026066,0.026066,79.640496,77.122626,77.122626,23
1829-12-01,0.015411,0.015411,0.015411,80.867827,78.311154,78.311154,30
1830-01-01,-0.00825,-0.00825,-0.00825,80.200662,77.665081,77.665081,23
1830-02-01,0.002179,0.002179,0.002179,80.375391,77.834286,77.834286,24
1830-03-01,0.037412,0.037412,0.037412,83.382393,80.74622,80.74622,27
1830-04-01,-0.000377,-0.000377,-0.000377,83.350951,80.715773,80.715773,28
1830-05-01,0.018244,0.018244,0.018244,84.871567,82.188314,82.188314,23
1830-06-01,-0.008568,-0.008568,-0.008568,84.144393,81.48413,81.48413,27
1830-07-01,0.009362,0.009362,0.009362,84.932192,82.247022,82.247022,22
1830-08-01,-0.013127,-0.013127,-0.013127,83.817282,81.167361,81.167361,25
1830-09-01,0.013075,0.013075,0.013075,84.913164,82.228596,82.228596,27
1830-10-01,0.01225,0.01225,0.01225,85.953342,83.235888,83.235888,27
1830-11-01,-0.007608,-0.007608,-0.007608,85.299393,82.602614,82.602614,22
1830-12-01,0.206968,0.003315,0.003315,102.953641,82.876448,82.876448,34
1831-01-01,-0.18188,0.000685,0.000685,84.228404,82.933257,82.933257,21
1831-02-01,0.008712,0.008712,0.008712,84.962192,83.655762,83.655762,25
1831-03-01,-0.00047,-0.00047,-0.00047,84.922247,83.616431,83.616431,24
1831-04-01,0.023483,0.023483,0.023483,86.916508,85.580027,85.580027,23
1831-05-01,-0.000483,-0.000483,-0.000483,86.874559,85.538724,85.538724,26
1831-06-01,0.004117,0.004117,0.004117,87.232202,85.890867,85.890867,32
1831-07-01,-0.012427,-0.012427,-0.012427,86.148198,84.823531,84.823531,29
1831-08-01,-0.01462,-0.01462,-0.01462,84.888721,83.583421,83.583421,29
1831-09-01,0.015425,0.015425,0.015425,86.198155,84.87272,84.87272,25
1831-10-01,-0.001888,-0.001888,-0.001888,86.03544,84.712507,84.712507,30
1831-11-01,-0.003152,-0.003152,-0.003152,85.76428,84.445516,84.445516,24
1831-12-01,-0.004218,-0.004218,-0.004218,85.402517,84.089316,84.089316,35
1832-01-01,-0.007258,-0.007258,-0.007258,84.78263,83.47896,83.47896,27
1832-02-01,0.001645,0.001645,0.001645,84.922132,83.616318,83.616318,28
1832-03-01,0.009224,0.009224,0.009224,85.705426,84.387567,84.387567,32
1832-04-01,0.009901,0.009901,0.009901,86.553995,85.223088,85.223088,29
1832-05-01,0.018286,0.018286,0.018286,88.136696,86.781453,86.781453,29
1832-06-01,-0.012239,-0.012239,-0.012239,87.057961,85.719305,85.719305,21
1832-07-01,0.026602,0.026602,0.026602,89.373892,87.999625,87.999625,17
1832-08-01,0.006971,0.006971,0.006971,89.996948,88.6131,88.6131,27
1832-09-01,0.040974,0.040974,0.040974,93.684449,92.243901,92.243901,30
1832-10-01,-0.003589,-0.003589,-0.003589,93.348181,91.912803,91.912803,31
1832-11-01,0.005236,0.005236,0.005236,93.836915,92.394021,92.394021,33
1832-12-01,-0.011575,-0.011575,-0.011575,92.750783,91.324591,91.324591,39
1833-01-01,0.003706,0.003706,0.003706,93.094473,91.662996,91.662996,26
1833-02-01,0.013953,0.013953,0.013953,94.393466,92.942014,92.942014,26
1833-03-01,0.010269,0.010269,0.010269,95.362751,93.896395,93.896395,33
1833-04-01,0.007685,0.007685,0.007685,96.09566,94.618035,94.618035,40
1833-05-01,-0.000548,-0.000548,-0.000548,96.042976,94.566161,94.566161,34
1833-06-01,-0.006483,-0.006483,-0.006483,95.420375,93.953133,93.953133,40
1833-07-01,-0.006555,-0.006555,-0.006555,94.794941,93.337316,93.337316,44
1833-08-01,-0.009265,-0.009265,-0.009265,93.916656,92.472536,92.472536,45
1833-09-01,0.007685,0.007685,0.007685,94.638438,93.18322,93.18322,40
1833-10-01,-0.010772,-0.010772,-0.010772,93.618955,92.179413,92.179413,44
1833-11-01,-0.020763,-0.020763,-0.020763,91.675111,90.265459,90.265459,31
1833-12-01,-0.049916,-0.049916,-0.049916,87.099017,85.75973,85.75973,39
1834-01-01,-0.037543,-0.037543,-0.037543,83.829069,82.540063,82.540063,25
1834-02-01,0.032672,0.032672,0.032672,86.567942,85.236821,85.236821,42
1834-03-01,0.029874,0.029874,0.029874,89.154091,87.783204,87.783204,37
1834-04-01,-0.016807,0.01217,0.01217,87.655703,88.851559,88.851559,35
1834-05-01,0.03253,-0.005529,-0.005529,90.507113,88.360305,88.360305,33
1834-06-01,-0.000637,-0.000637,-0.000637,90.449484,88.304042,88.304042,42
1834-07-01,0.015764,0.015764,0.015764,91.875325,89.696062,89.696062,26
1834-08-01,-0.006032,-0.006032,-0.006032,91.321088,89.154973,89.154973,34
1834-09-01,0.010992,0.010992,0.010992,92.324923,90.134997,90.134997,40
1834-10-01,0.015548,0.015548,0.015548,93.760417,91.536441,91.536441,39
1834-11-01,-0.004866,-0.004866,-0.004866,93.304162,91.091008,91.091008,31
1834-12-01,0.016016,0.016016,0.016016,94.798559,92.549958,92.549958,44
1835-01-01,-0.000749,-0.000749,-0.000749,94.727576,92.480659,92.480659,31
1835-02-01,0.041369,0.041369,0.041369,98.646406,96.306535,96.306535,36
1835-03-01,0.05303,0.05303,0.05303,103.877654,101.4137,101.4137,36
1835-04-01,-0.020216,-0.020216,-0.020216,101.777702,99.363558,99.363558,32
1835-05-01,-0.003373,-0.003373,-0.003373,101.434374,99.028373,99.028373,36
1835-06-01,0.014169,0.014169,0.014169,102.871591,100.4315,100.4315,27
1835-07-01,-0.091879,-0.02394,-0.02394,93.419816,98.027155,98.027155,37
1835-08-01,-0.010902,-0.010902,-0.010902,92.401364,96.958474,96.958474,36
1835-09-01,-0.025284,-0.025284,-0.025284,90.06508,94.506967,94.506967,50
1835-10-01,-0.007319,-0.007319,-0.007319,89.405938,93.815318,93.815318,35
1835-11-01,-0.012989,-0.012989,-0.012989,88.244621,92.596726,92.596726,44
1835-12-01,0.001877,0.001877,0.001877,88.410279,92.770554,92.770554,36
1836-01-01,0.055111,0.055111,0.055111,93.282617,97.883189,97.883189,34
1836-02-01,0.00471,0.00471,0.00471,93.721939,98.344178,98.344178,28
1836-03-01,0.0,0.0,0.0,93.721939,98.344178,98.344178,29
1836-04-01,-0.018286,-0.018286,-0.018286,92.008128,96.545844,96.545844,37
1836-05-01,0.018625,0.018625,0.018625,93.721805,98.344037,98.344037,29
1836-06-01,-0.023911,-0.023911,-0.023911,91.480777,95.992484,95.992484,37
1836-07-01,-0.017626,-0.017626,-0.017626,89.868378,94.300565,94.300565,29
1836-08-01,-0.005376,-0.005376,-0.005376,89.385215,93.793573,93.793573,35
1836-09-01,-0.052206,-0.052206,-0.052206,84.71874,88.896954,88.896954,21
1836-10-01,0.036977,0.036977,0.036977,87.851427,92.18414,92.18414,27
1836-11-01,-0.015044,-0.015044,-0.015044,86.529801,90.797333,90.797333,41
1836-12-01,0.065947,0.065947,0.065947,92.236162,96.785125,96.785125,34
1837-01-01,-0.012552,-0.012552,-0.012552,91.078386,95.570249,95.570249,35
1837-02-01,-0.092149,-0.092149,-0.092149,82.685612,86.763554,86.763554,33
1837-03-01,-0.158649,-0.158649,-0.158649,69.567589,72.998569,72.998569,30
1837-04-01,0.01936,0.01936,0.01936,70.914437,74.41184,74.41184,22
1837-05-01,0.030778,0.030778,0.030778,73.097053,76.7021,76.7021,41
1837-06-01,0.07209,0.07209,0.07209,78.366635,82.231571,82.231571,34
1837-07-01,-0.040807,-0.040807,-0.040807,75.168714,78.875933,78.875933,30
1837-08-01,0.010048,0.010048,0.010048,75.923998,79.668466,79.668466,34
1837-09-01,-0.010157,-0.010157,-0.010157,75.15287,78.859307,78.859307,35
1837-10-01,0.034572,0.034572,0.034572,77.751091,81.58567,81.58567,42
1837-11-01,-0.005249,-0.005249,-0.005249,77.34298,81.157431,81.157431,41
1837-12-01,-0.02238,-0.02238,-0.02238,75.612054,79.341138,79.341138,34
1838-01-01,-0.007736,-0.007736,-0.007736,75.027108,78.727343,78.727343,31
1838-02-01,-0.007362,-0.007362,-0.007362,74.474761,78.147755,78.147755,32
1838-03-01,0.061041,0.061041,0.061041,79.020796,82.917995,82.917995,38
1838-04-01,0.014034,0.014034,0.014034,80.129777,84.081669,84.081669,42
1838-05-01,0.057758,0.057758,0.057758,84.757941,88.938088,88.938088,37
1838-06-01,-0.001129,-0.001129,-0.001129,84.662278,88.837706,88.837706,35
1838-07-01,-0.007671,-0.007671,-0.007671,84.012793,88.15619,88.15619,27
1838-08-01,-0.017082,-0.017082,-0.017082,82.577728,86.65035,86.65035,38
1838-09-01,-0.004525,-0.004525,-0.004525,82.204073,86.258267,86.258267,34
1838-10-01,-0.006826,-0.006826,-0.006826,81.642953,85.669473,85.669473,36
1838-11-01,0.016558,0.016558,0.016558,82.994768,87.087957,87.087957,48
1838-12-01,0.022182,0.022182,0.022182,84.835762,89.019746,89.019746,40
1839-01-01,-0.035703,-0.035703,-0.035703,81.806838,85.84144,85.84144,45
1839-02-01,-0.032269,-0.032269,-0.032269,79.167047,83.071459,83.071459,37
1839-03-01,0.037108,0.037108,0.037108,82.10474,86.154034,86.154034,31
1839-04-01,0.029626,0.029626,0.029626,84.537177,88.706436,88.706436,42
1839-05-01,-0.028034,-0.028034,-0.028034,82.167237,86.219613,86.219613,45
1839-06-01,-0.037435,-0.037435,-0.037435,79.091283,82.991958,82.991958,39
1839-07-01,-0.063003,-0.063003,-0.063003,74.10832,77.763242,77.763242,23
1839-08-01,-0.064851,-0.064851,-0.064851,69.302333,72.72023,72.72023,39
1839-09-01,-0.148917,-0.148917,-0.148917,58.98204,61.890954,61.890954,35
1839-10-01,0.079509,0.079509,0.079509,63.671627,66.811825,66.811825,34
1839-11-01,-0.006473,-0.006473,-0.006473,63.259472,66.379343,66.379343,47
1839-12-01,-0.015881,-0.015881,-0.015881,62.254877,65.325204,65.325204,35
1840-01-01,-0.033163,-0.033163,-0.033163,60.190302,63.158807,63.158807,43
1840-02-01,0.011052,0.011052,0.011052,60.855525,63.856837,63.856837,34
1840-03-01,0.023389,0.023389,0.023389,62.278861,65.35037,65.35037,35
1840-04-01,-0.016036,-0.016036,-0.016036,61.28018,64.302435,64.302435,40
1840-05-01,0.046494,0.046494,0.046494,64.129316,67.292087,67.292087,37
1840-06-01,-0.057668,-0.036309,-0.036309,60.431129,64.848761,64.848761,39
1840-07-01,-0.001885,0.024501,0.024501,60.317236,66.437592,66.437592,42
1840-08-01,0.033564,0.007826,0.007826,62.341748,66.957559,66.957559,43
1840-09-01,0.04647,0.04647,0.04647,65.238753,70.069059,70.069059,46
1840-10-01,0.012324,0.012324,0.012324,66.042751,70.932587,70.932587,32
1840-11-01,-0.01908,-0.01908,-0.01908,64.782668,69.579206,69.579206,46
1840-12-01,-0.010117,-0.010117,-0.010117,64.12728,68.875292,68.875292,28
1841-01-01,-0.0625,-0.0625,-0.0625,60.119325,64.570587,64.570587,25
1841-02-01,-0.017103,-0.017103,-0.017103,59.091095,63.466226,63.466226,37
1841-03-01,0.033126,0.033126,0.033126,61.048564,65.568627,65.568627,37
1841-04-01,0.049292,0.049292,0.049292,64.057756,68.800621,68.800621,36
1841-05-01,-0.012373,-0.012373,-0.012373,63.265141,67.94932,67.94932,27
1841-06-01,0.002679,0.002679,0.002679,63.434639,68.131368,68.131368,26
1841-07-01,-0.009715,-0.009715,-0.009715,62.818341,67.469439,67.469439,29
1841-08-01,-0.070964,-0.070964,-0.070964,58.360485,62.681521,62.681521,29
1841-09-01,-0.017885,-0.017885,-0.017885,57.316688,61.560442,61.560442,32
1841-10-01,-0.048499,-0.048499,-0.048499,54.536895,58.574832,58.574832,28
1841-11-01,-0.081803,-0.051755,-0.051755,50.07562,55.543302,55.543302,40
1841-12-01,-0.020647,-0.020647,-0.020647,49.041705,54.396496,54.396496,26
1842-01-01,-0.034537,-0.034537,-0.034537,47.347957,52.51781,52.51781,34
1842-02-01,-0.077118,-0.077118,-0.077118,43.696598,48.467764,48.467764,17
1842-03-01,0.119197,0.119197,0.119197,48.905101,54.244976,54.244976,26
1842-04-01,0.14794,0.023372,0.049658,56.140125,55.512805,56.938648,31
1842-05-01,-0.028689,-0.028689,-0.028689,54.529548,53.920225,55.305162,35
1842-06-01,-0.047135,-0.047135,-0.047135,51.959301,51.378698,52.698357,23
1842-07-01,-0.014493,-0.014493,-0.014493,51.206268,50.634079,51.934612,46
1842-08-01,0.031942,0.031942,0.031942,52.841902,52.251437,53.593512,40
1842-09-01,-0.028789,-0.028789,-0.028789,51.320628,50.747162,52.0506,25
1842-10-01,0.013966,0.013966,0.013966,52.037397,51.455921,52.777563,32
1842-11-01,-0.019921,-0.019921,-0.019921,51.000768,50.430876,51.72619,42
1842-12-01,-0.015869,-0.015869,-0.015869,50.191422,49.630574,50.905332,39
1843-01-01,0.091603,0.091603,0.091603,54.78911,54.176886,55.568416,26
1843-02-01,0.008353,0.008353,0.008353,55.246775,54.629438,56.032591,31
1843-03-01,0.050553,0.050553,0.050553,58.039661,57.391116,58.865202,34
1843-04-01,0.070773,0.070773,0.070773,62.147317,61.452872,63.031285,42
1843-05-01,0.021148,0.021148,0.021148,63.461611,62.75248,64.364273,35
1843-06-01,0.025359,0.025359,0.025359,65.07095,64.343836,65.996503,26
1843-07-01,0.012844,0.012844,0.012844,65.906724,65.17027,66.844164,21
1843-08-01,-0.002042,-0.002042,-0.002042,65.772129,65.037179,66.707655,34
1843-09-01,0.0,0.0,0.0,65.772129,65.037179,66.707655,33
1843-10-01,0.054475,0.054475,0.054475,69.355046,68.580061,70.341535,32
1843-11-01,0.032632,0.032632,0.032632,71.618259,70.817983,72.636938,49
1843-12-01,-0.024762,-0.024762,-0.024762,69.844854,69.064395,70.838309,21
1844-01-01,0.040506,0.040506,0.040506,72.674013,71.86194,73.707709,34
1844-02-01,0.008324,0.008324,0.008324,73.278957,72.460125,74.321258,37
1844-03-01,0.010517,0.010517,0.010517,74.049639,73.222195,75.102902,20
1844-04-01,0.045147,0.045147,0.045147,77.392738,76.527937,78.493552,32
1844-05-01,-0.044625,-0.044625,-0.044625,73.939106,73.112897,74.990797,23
1844-06-01,0.011421,0.011421,0.011421,74.783588,73.947943,75.847291,33
1844-07-01,-0.002113,-0.002113,-0.002113,74.625595,73.791715,75.68705,19
1844-08-01,0.008435,0.008435,0.008435,75.255052,74.414138,76.32546,27
1844-09-01,0.00238,0.00238,0.00238,75.434124,74.591209,76.507079,31
1844-10-01,-0.033333,-0.033333,-0.033333,72.919653,72.104836,73.956844,26
1844-11-01,-0.010506,-0.010506,-0.010506,72.153525,71.347269,73.179818,41
1844-12-01,-0.004749,-0.004749,-0.004749,71.810859,71.008432,72.832279,36
1845-01-01,0.018235,0.018235,0.018235,73.120321,72.303261,74.160365,23
1845-02-01,-0.009937,-0.009937,-0.009937,72.393741,71.5848,73.423451,21
1845-03-01,-0.010859,-0.010859,-0.010859,71.607629,70.807473,72.626158,20
1845-04-01,0.024123,0.024123,0.024123,73.335006,72.515548,74.378105,22
1845-05-01,-0.002486,-0.002486,-0.002486,73.152732,72.33531,74.193238,24
1845-06-01,-0.101215,-0.101215,-0.101215,65.748609,65.013923,66.683801,29
1845-07-01,-0.004897,-0.004897,-0.004897,65.426628,64.695539,66.35724,20
1845-08-01,0.029255,0.029255,0.029255,67.340705,66.588228,68.298542,21
1845-09-01,0.023194,0.023194,0.023194,68.902577,68.132647,69.882629,17
1845-10-01,0.004724,0.004724,0.004724,69.228101,68.454534,70.212784,14
1845-11-01,-0.073956,-0.073956,-0.073956,64.108273,63.391916,65.020133,22
1845-12-01,-0.009931,-0.009931,-0.009931,63.471598,62.762355,64.374402,17
1846-01-01,0.043382,0.043382,0.043382,66.225093,65.485082,67.167062,19
1846-02-01,0.087264,0.087264,0.087264,72.00417,71.199583,73.028339,17
1846-03-01,-0.014286,-0.014286,-0.014286,70.975539,70.182446,71.985077,17
1846-04-01,-0.029548,-0.029548,-0.029548,68.878386,68.108726,69.858094,27
1846-05-01,0.025641,0.025641,0.025641,70.644498,69.855104,71.649327,12
1846-06-01,0.045455,0.045455,0.045455,73.855612,73.030336,74.906115,9
1846-07-01,-0.013699,-0.013699,-0.013699,72.843891,72.02992,73.880004,15
1846-08-01,0.0,0.0,0.0,72.843891,72.02992,73.880004,14
1846-09-01,-0.006441,-0.006441,-0.006441,72.374687,71.565959,73.404126,15
1846-10-01,-0.014151,-0.014151,-0.014151,71.350517,70.553233,72.365388,15
1846-11-01,0.0,0.0,0.0,71.350517,70.553233,72.365388,25
1846-12-01,0.096012,0.096012,0.096012,78.201024,77.327192,79.313335,10
1847-01-01,0.032258,0.032258,0.032258,80.723638,79.821617,81.87183,17
1847-02-01,-0.009058,-0.009058,-0.009058,79.992445,79.098595,81.130237,13
1847-03-01,0.041935,0.041935,0.041935,83.346967,82.415633,84.532473,15
1847-04-01,0.047325,0.047325,0.047325,87.291371,86.315962,88.532981,21
1847-05-01,0.095982,0.095982,0.095982,95.669784,94.600753,97.030566,14
1847-06-01,0.014056,0.014056,0.014056,97.01454,95.930482,98.39445,15
1847-07-01,0.022222,0.022222,0.022222,99.170419,98.062271,100.580993,11
1847-08-01,-0.065979,-0.065979,-0.065979,92.627216,91.592183,93.944722,13
1847-09-01,-0.046656,-0.046656,-0.046656,88.305573,87.31883,89.561609,23
1847-10-01,-0.042636,-0.042636,-0.042636,84.540606,83.595935,85.74309,17
1847-11-01,-0.013423,-0.013423,-0.013423,83.405833,82.473841,84.592176,30
1847-12-01,0.009318,0.009318,0.009318,84.183033,83.242357,85.380431,27
1848-01-01,0.038388,0.038388,0.038388,87.414628,86.437841,88.657991,15
1848-02-01,0.011745,0.011745,0.011745,88.441309,87.45305,89.699276,22
1848-03-01,0.000208,0.000208,0.000208,88.459746,87.471281,89.717975,0
1848-04-01,0.000208,0.000208,0.000208,88.478187,87.489516,89.736678,0
1848-05-01,0.000208,0.000208,0.000208,88.496631,87.507754,89.755385,0
1848-06-01,0.000208,0.000208,0.000208,88.515079,87.525996,89.774095,0
1848-07-01,0.000208,0.000208,0.000208,88.533531,87.544242,89.79281,0
1848-08-01,0.000208,0.000208,0.000208,88.551987,87.562492,89.811528,0
1848-09-01,0.000208,0.000208,0.000208,88.570447,87.580745,89.830251,0
1848-10-01,0.000208,0.000208,0.000208,88.588911,87.599002,89.848977,0
1848-11-01,0.000208,0.000208,0.000208,88.607378,87.617264,89.867707,0
1848-12-01,0.000208,0.000208,0.000208,88.62585,87.635529,89.886441,0
1849-01-01,0.000208,0.000208,0.000208,88.644325,87.653797,89.905179,50
1849-02-01,0.012853,0.012853,0.012853,89.783676,88.780418,91.060737,50
1849-03-01,0.006347,0.006347,0.006347,90.353542,89.343915,91.638708,45
1849-04-01,0.009924,0.009924,0.009924,91.250249,90.230603,92.548169,44
1849-05-01,0.01957,0.01957,0.01957,93.036055,91.996453,94.359376,43
1849-06-01,0.02458,0.02458,0.02458,95.322855,94.2577,96.678703,50
1849-07-01,-0.007955,-0.007955,-0.007955,94.564596,93.507915,95.909659,43
1849-08-01,0.03995,0.03995,-0.012917,98.342475,97.243578,94.670782,41
1849-09-01,-0.043052,-0.043052,0.013417,94.108678,93.05709,95.940933,40
1849-10-01,-0.004642,-0.004642,-0.004642,93.67187,92.625163,95.495621,43
1849-11-01,0.012789,0.012789,0.012789,94.869814,93.809722,96.716889,45
1849-12-01,0.007057,0.007057,0.007057,95.539285,94.471712,97.399394,53
1850-01-01,-0.047803,-0.011586,-0.011586,90.972231,93.377178,96.270941,46
1850-02-01,0.011163,0.011163,0.011163,91.987715,94.419508,97.345572,45
1850-03-01,0.008904,0.008904,0.008904,92.806769,95.260215,98.212332,48
1850-04-01,0.007952,0.007952,0.007952,93.544784,96.017739,98.993333,46
1850-05-01,0.035552,0.035552,0.035552,96.870478,99.431352,102.512733,52
1850-06-01,-0.002437,-0.002437,-0.002437,96.634366,99.188998,102.262869,53
1850-07-01,0.002219,0.002219,0.002219,96.848836,99.409137,102.48983,47
1850-08-01,0.023517,0.023517,0.023517,99.126424,101.746936,104.900077,46
1850-09-01,-0.004382,-0.004382,-0.004382,98.692065,101.301094,104.440419,50
1850-10-01,0.017869,0.017869,0.017869,100.455606,103.111256,106.306678,53
1850-11-01,0.020412,0.020412,0.020412,102.506147,105.216006,108.476654,48
1850-12-01,0.029685,0.029685,0.029685,105.549071,108.339373,111.696814,46
1851-01-01,-0.91868,0.000851,0.000851,8.583246,108.431546,111.791844,50
1851-02-01,-0.015967,-0.032472,-0.032472,8.446197,104.910558,108.16174,48
1851-03-01,-0.016525,-0.016525,-0.016525,8.306621,103.176883,106.374339,49
1851-04-01,0.015673,0.015673,0.015673,8.436807,104.793925,108.041493,48
1851-05-01,0.011747,0.011747,0.011747,8.535911,106.024895,109.310611,56
1851-06-01,-0.01753,-0.01753,-0.01753,8.386279,104.166315,107.394433,56
1851-07-01,-0.030297,-0.030297,-0.030297,8.132198,101.010362,104.140677,50
1851-08-01,-0.020239,-0.020239,-0.020239,7.967607,98.965967,102.032926,47
1851-09-01,-0.030294,-0.030294,-0.030294,7.726237,95.967908,98.941957,48
1851-10-01,0.041553,0.041553,0.041553,8.047289,99.955699,103.05333,58
1851-11-01,0.013174,0.013174,0.013174,8.153301,101.272479,104.410916,62
1851-12-01,-0.008987,-0.008987,-0.008987,8.080027,100.362341,103.472574,52
1852-01-01,0.012849,0.012849,0.012849,8.183844,101.651861,104.802056,49
1852-02-01,0.007987,0.007987,0.007987,8.249211,102.463779,105.639135,47
1852-03-01,0.048231,0.048231,0.048231,8.647075,107.405668,110.734174,55
1852-04-01,0.031401,0.031401,0.031401,8.918598,110.778273,114.211296,70
1852-05-01,-0.008313,0.014413,0.013644,8.844457,112.37491,115.76964,66
1852-06-01,0.064695,0.031758,0.032838,9.416649,115.943685,119.571312,47
1852-07-01,0.013556,0.013556,0.013556,9.544304,117.515456,121.19226,61
1852-08-01,0.001866,0.001866,0.001866,9.562109,117.734688,121.418351,59
1852-09-01,0.00817,0.00817,0.00817,9.640232,118.696584,122.410343,53
1852-10-01,-0.012833,-0.012833,-0.012833,9.516519,117.17335,120.83945,59
1852-11-01,0.003774,0.003774,0.003774,9.552437,117.615595,121.295532,59
1852-12-01,-0.001265,-0.001265,-0.001265,9.540354,117.46683,121.142112,72
1853-01-01,0.001492,0.001492,0.001492,9.554592,117.64213,121.322897,68
1853-02-01,-0.029236,-0.029236,-0.029236,9.275255,114.202759,117.775916,73
1853-03-01,-0.007473,-0.007473,-0.007473,9.205944,113.349361,116.895817,72
1853-04-01,0.043411,0.043411,0.043411,9.605585,118.269995,121.970407,85
1853-05-01,-0.005493,-0.005493,-0.005493,9.552819,117.620295,121.300379,77
1853-06-01,0.015241,0.015241,0.015241,9.698417,119.412994,123.149168,80
1853-07-01,-0.034876,-0.034876,-0.034876,9.360176,115.248355,118.854226,77
1853-08-01,-0.029895,-0.029895,-0.029895,9.080356,111.803037,115.301112,67
1853-09-01,0.00231,0.00231,0.00231,9.101335,112.061346,115.567503,69
1853-10-01,-0.062688,-0.062688,-0.062688,8.530786,105.036395,108.322757,67
1853-11-01,0.026528,0.026528,0.026528,8.757094,107.822841,111.196384,68
1853-12-01,9.508832,-0.000344,0.000708,92.026838,107.785803,111.275071,63
1854-01-01,-0.92589,-0.02763,-0.028656,6.820146,104.807694,108.086347,56
1854-02-01,0.037078,0.037078,0.037078,7.073024,108.693764,112.093984,62
1854-03-01,-0.006145,-0.006145,-0.006145,7.029557,108.025787,111.40511,63
1854-04-01,-0.023383,-0.023383,-0.023383,6.865183,105.499797,108.800101,55
1854-05-01,-0.005318,-0.005318,-0.005318,6.828672,104.938719,108.221472,60
1854-06-01,-0.020039,-0.020039,-0.020039,6.691831,102.835832,106.0528,56
1854-07-01,-0.077438,-0.077438,-0.077438,6.17363,94.872443,97.840296,50
1854-08-01,-0.02462,-0.02462,-0.02462,6.021635,92.536678,95.431462,50
1854-09-01,0.025015,0.025015,0.025015,6.172268,94.851512,97.818711,51
1854-10-01,-0.022701,-0.022701,-0.022701,6.032151,92.698287,95.598128,53
1854-11-01,-0.048224,-0.048224,-0.048224,5.741255,88.227978,90.987976,57
1854-12-01,-0.025795,-0.025795,-0.025795,5.593158,85.95212,88.640923,46
1855-01-01,0.052937,0.052937,0.052937,5.889242,90.502154,93.333293,49
1855-02-01,0.052106,0.052106,0.052106,6.196108,95.21787,98.196529,51
1855-03-01,0.025592,0.025592,0.025592,6.354678,97.654678,100.709567,64
1855-04-01,0.002292,0.002292,0.002292,6.369245,97.878537,100.940428,59
1855-05-01,0.015747,0.015747,0.015747,6.469539,99.419795,102.529901,45
1855-06-01,0.052147,0.052147,0.052147,6.806904,104.604198,107.876485,47
1855-07-01,-0.015301,-0.015301,-0.015301,6.702755,103.003698,106.225918,44
1855-08-01,0.012477,0.012477,0.012477,6.786383,104.288844,107.551267,51
1855-09-01,-0.006126,-0.006126,-0.006126,6.744812,103.65001,106.892448,42
1855-10-01,-0.042805,-0.042805,-0.042805,6.456104,99.213322,102.316969,47
1855-11-01,0.006556,0.006556,0.006556,6.498432,99.863798,102.987794,43
1855-12-01,0.000603,0.000603,0.000603,6.502352,99.924042,103.049922,41
1856-01-01,-0.009518,-0.009518,-0.009518,6.440461,98.972937,102.069065,46
1856-02-01,0.029327,0.029327,0.029327,6.629343,101.875552,105.062481,49
1856-03-01,0.007952,0.007952,0.007952,6.682059,102.685665,105.897936,55
1856-04-01,0.000638,0.000638,0.000638,6.686323,102.751184,105.965504,56
1856-05-01,-0.012229,-0.012229,-0.012229,6.604558,101.494674,104.669687,49
1856-06-01,0.011365,0.011365,0.011365,6.679621,102.648201,105.8593,49
1856-07-01,-0.017493,-0.017493,-0.017493,6.562776,100.852591,104.007519,50
1856-08-01,-0.022043,-0.022043,-0.022043,6.418114,98.629518,101.714902,54
1856-09-01,0.026654,0.00941,0.00941,6.589182,99.557589,102.672005,58
1856-10-01,-0.022,-0.005973,-0.005973,6.444221,98.962917,102.058731,62
1856-11-01,0.014723,0.014723,0.014723,6.539098,100.419925,103.561318,58
1856-12-01,0.019106,0.019106,0.019106,6.664033,102.338533,105.539945,54
1857-01-01,-0.017915,-0.017915,-0.017915,6.544647,100.505144,103.649203,59
1857-02-01,0.000469,0.000469,0.000469,6.547718,100.552296,103.697829,68
1857-03-01,-0.011073,-0.011073,-0.011073,6.475212,99.438833,102.549535,67
1857-04-01,0.039254,0.001993,0.001993,6.729393,99.637061,102.753964,67
1857-05-01,-0.039606,-0.003671,-0.003671,6.462869,99.271293,102.376753,63
1857-06-01,-0.038202,-0.038202,-0.038202,6.215977,95.478972,98.465799,57
1857-07-01,-6.7e-05,-6.7e-05,-6.7e-05,6.215559,95.472544,98.45917,54
1857-08-01,-0.085517,-0.085517,-0.085517,5.684025,87.308047,90.039267,58
1857-09-01,-0.162449,-0.135604,-0.135604,4.760663,75.468728,77.829583,55
1857-10-01,-0.137971,-0.137971,-0.137971,4.10383,65.056239,67.091365,48
1857-11-01,0.190052,0.205528,0.205528,4.883773,78.427104,80.880505,56
1857-12-01,0.034058,0.034058,0.034058,5.050105,81.09819,83.63515,55
1858-01-01,0.065797,0.065797,0.065797,5.382387,86.434204,89.138088,65
1858-02-01,0.038585,0.058892,0.058892,5.590064,91.524506,94.387627,55
1858-03-01,0.004761,-0.0165,-0.0165,5.616681,90.014317,92.830196,64
1858-04-01,-0.000283,-0.000283,-0.000283,5.615094,89.988881,92.803964,62
1858-05-01,0.016898,0.016898,0.016898,5.709976,91.509479,94.37213,62
1858-06-01,-0.027229,-0.027229,-0.027229,5.5545,89.017794,91.802498,55
1858-07-01,3.076843,0.028979,0.028979,22.644825,91.597468,94.462872,57
1858-08-01,-0.741751,-0.034912,-0.034912,5.847999,88.399638,91.165006,61
1858-09-01,0.004913,0.004913,0.004913,5.876727,88.833902,91.612854,58
1858-10-01,0.055553,0.029272,0.029272,6.203197,91.434242,94.29454,72
1858-11-01,-0.042617,-0.015347,-0.015347,5.938836,90.030995,92.847396,59
1858-12-01,-0.002237,-0.002237,-0.002237,5.92555,89.829593,92.639693,0
1859-01-01,-0.002237,-0.002237,-0.002237,5.912295,89.62864,92.432454,54
1859-02-01,-0.004939,-0.004939,-0.004939,5.883096,89.186001,91.975968,56
1859-03-01,-0.00503,-0.00503,-0.00503,5.853502,88.73736,91.513293,48
1859-04-01,0.007414,0.007414,0.007414,5.8969,89.395258,92.191771,41
1859-05-01,-0.020377,-0.020377,-0.020377,5.776739,87.573661,90.31319,44
1859-06-01,-0.014053,-0.014053,-0.014053,5.695557,86.342963,89.043992,41
1859-07-01,-0.000283,-0.000283,-0.000283,5.693948,86.318564,89.01883,39
1859-08-01,0.017169,0.017169,0.017169,5.791705,87.800535,90.547161,37
1859-09-01,0.010951,0.010951,0.010951,5.855128,88.762013,91.538717,47
1859-10-01,-0.00594,-0.00594,-0.00594,5.82035,88.234785,90.994995,44
1859-11-01,0.022785,0.022785,0.022785,5.952968,90.24524,93.068342,45
1859-12-01,-0.010779,-0.010779,-0.010779,5.888803,89.272507,92.06518,43
1860-01-01,-0.001836,-0.001836,-0.001836,5.87799,89.108592,91.896137,44
1860-02-01,-0.01034,-0.01034,-0.01034,5.817211,88.187205,90.945927,47
1860-03-01,0.046794,0.046794,0.046794,6.089421,92.313815,95.201628,51
1860-04-01,0.020589,0.020589,0.020589,6.214797,94.214479,97.161749,42
1860-05-01,0.007921,0.007921,0.007921,6.264024,94.960748,97.931364,45
1860-06-01,0.001559,0.001559,0.001559,6.273789,95.108789,98.084036,45
1860-07-01,0.034964,0.034964,0.034964,6.493145,98.434155,101.513428,43
1860-08-01,0.025258,0.025258,0.025258,6.657151,100.920442,104.077492,43
1860-09-01,-0.015485,-0.015485,-0.015485,6.554068,99.357739,102.465904,53
1860-10-01,-0.022224,-0.022224,-0.022224,6.408411,97.149609,100.188698,43
1860-11-01,-0.106003,-0.106003,-0.106003,5.729101,86.851483,89.56842,45
1860-12-01,-0.01257,-0.01257,-0.01257,5.657084,85.759717,88.4425,37
1861-01-01,0.065495,0.065495,0.065495,6.027595,91.37656,94.235054,32
1861-02-01,-0.001127,-0.001127,-0.001127,6.020802,91.273586,94.128858,33
1861-03-01,0.009979,0.009979,0.009979,6.080881,92.18436,95.068124,36
1861-04-01,-0.133872,-0.133872,-0.133872,5.26682,79.843432,82.341139,35
1861-05-01,-0.07488,-0.07488,-0.07488,4.872441,73.864764,76.175443,37
1861-06-01,0.001349,0.001349,0.001349,4.879013,73.964401,76.278198,38
1861-07-01,0.036657,0.036657,0.036657,5.057863,76.675707,79.074319,38
1861-08-01,-0.017352,-0.017352,-0.017352,4.970099,75.345236,77.702228,38
1861-09-01,0.044026,0.044026,0.044026,5.188912,78.662372,81.123132,40
1861-10-01,0.054188,0.054188,0.054188,5.470087,82.924899,85.519002,39
1861-11-01,-0.009559,-0.009559,-0.009559,5.4178,82.132248,84.701556,41
1861-12-01,0.005266,0.005266,0.005266,5.446331,82.564772,85.14761,38
1862-01-01,0.053938,0.053938,0.053938,5.740098,87.018182,89.740334,36
1862-02-01,0.026975,0.026975,0.026975,5.894939,89.365536,92.161119,38
1862-03-01,0.021889,0.021889,0.021889,6.023976,91.321692,94.178468,44
1862-04-01,0.027983,0.027983,0.027983,6.192542,93.877111,96.813828,36
1862-05-01,0.034801,0.034801,0.034801,6.40805,97.14415,100.183069,51
1862-06-01,0.06444,0.06444,0.06444,6.820982,103.404076,106.638821,50
1862-07-01,-0.046316,-0.046316,-0.046316,6.505058,98.614763,101.699686,43
1862-08-01,0.037077,0.037077,0.037077,6.746246,102.271088,105.47039,41
1862-09-01,0.080608,0.080608,0.080608,7.290045,110.514921,113.972111,44
1862-10-01,0.082954,0.082954,0.082954,7.89478,119.682536,123.426513,62
1862-11-01,-0.01986,-0.01986,-0.01986,7.73799,117.305642,120.975263,53
1862-12-01,0.049767,0.049767,0.049767,8.123085,123.14356,126.995806,48
1863-01-01,0.136856,0.136856,0.136856,9.234778,139.996499,144.375949,53
1863-02-01,-0.003066,-0.003066,-0.003066,9.206467,139.567314,143.933338,61
1863-03-01,-0.007028,-0.007028,-0.007028,9.141759,138.586369,142.921706,73
1863-04-01,0.077703,0.077703,0.077703,9.852104,149.35499,154.027197,55
1863-05-01,0.088408,0.088408,0.088408,10.723111,162.559188,167.644456,66
1863-06-01,-0.051009,-0.051009,-0.051009,10.176138,154.267247,159.093122,48
1863-07-01,0.110323,0.110323,0.110323,11.298799,171.286453,176.644732,50
1863-08-01,0.073408,0.073408,0.073408,12.128216,183.860171,189.611789,59
1863-09-01,-0.049868,-0.049868,-0.049868,11.523402,174.691365,180.156159,56
1863-10-01,0.036319,0.036319,0.036319,11.941919,181.035963,186.699232,53
1863-11-01,-0.042568,-0.042568,-0.042568,11.433575,173.32962,178.751815,42
1863-12-01,0.001405,0.001405,0.001405,11.449639,173.573136,179.002949,49
1864-01-01,0.034117,0.034117,0.034117,11.840265,179.494918,185.10998,56
1864-02-01,0.062957,0.062957,0.062957,12.585695,190.795417,196.763987,62
1864-03-01,0.094985,0.094985,0.094985,13.781143,208.91805,215.453542,86
1864-04-01,-0.045238,-0.045238,-0.045238,13.157708,199.46696,205.706798,68
1864-05-01,0.010081,0.010081,0.010081,13.290353,201.477829,207.780572,64
1864-06-01,5.8e-05,5.8e-05,5.8e-05,13.291129,201.489581,207.792692,51
1864-07-01,-0.000581,-0.000581,-0.000581,13.283404,201.372473,207.671921,54
1864-08-01,-0.032713,-0.032713,-0.032713,12.848858,194.784885,200.878256,52
1864-09-01,-0.054634,-0.054634,-0.054634,12.146867,184.142913,189.903376,42
1864-10-01,0.015749,0.015749,0.015749,12.338165,187.042929,192.894112,49
1864-11-01,0.013455,0.013455,0.013455,12.504172,189.559558,195.489468,52
1864-12-01,0.012112,0.012112,0.012112,12.655623,191.855507,197.85724,64
1865-01-01,-0.055818,-0.055818,-0.055818,11.949213,181.146532,186.81326,54
1865-02-01,0.004347,0.004347,0.004347,12.001161,181.934055,187.625419,55
1865-03-01,-0.111337,-0.111337,-0.111337,10.664985,161.678017,166.73572,55
1865-04-01,0.116923,0.116923,0.116923,11.911964,180.581861,186.230924,46
1865-05-01,-0.080538,-0.080538,-0.080538,10.952594,166.038093,171.23219,47
1865-06-01,0.035146,0.035146,0.035146,11.337538,171.873721,177.250372,46
1865-07-01,0.010633,0.010633,0.010633,11.458084,173.70117,179.134988,46
1865-08-01,0.009124,0.009124,0.009124,11.562627,175.28601,180.769406,47
1865-09-01,0.028535,0.028535,0.028535,11.892572,180.287872,185.927739,64
1865-10-01,0.047578,0.047578,0.047578,12.458394,188.865569,194.773769,53
1865-11-01,0.005279,0.005279,0.005279,12.524164,189.862623,195.802013,64
1865-12-01,-0.002943,-0.002943,-0.002943,12.487309,189.30392,195.225832,61
1866-01-01,-0.017101,-0.017101,-0.075395,12.273764,186.066627,180.506687,47
1866-02-01,-0.017101,-0.017101,0.024824,12.063869,182.884695,184.987552,29
1866-03-01,-0.017101,-0.017101,-0.010291,11.857565,179.757178,183.083905,72
1866-04-01,0.029121,0.029121,0.029121,12.202865,184.991831,188.415435,67
1866-05-01,0.018485,0.018485,0.018485,12.428436,188.411422,191.898311,65
1866-06-01,-0.013368,-0.013368,-0.013368,12.262299,185.892826,189.333105,58
1866-07-01,0.03121,0.03121,0.03121,12.645008,191.694586,195.242236,64
1866-08-01,0.024232,0.024232,0.024232,12.951425,196.339774,199.973392,60
1866-09-01,0.024114,0.024114,0.024114,13.26373,201.074223,204.79546,63
1866-10-01,0.025428,0.025428,0.025428,13.601003,206.18718,210.003042,68
1866-11-01,-0.066087,-0.066087,-0.066087,12.702153,192.560888,196.12457,63
1866-12-01,-0.012352,-0.012352,-0.012352,12.545259,190.182418,193.702083,61
1867-01-01,-0.002203,-0.002203,-0.056666,12.51762,189.763419,182.72569,38
1867-02-01,-0.002203,-0.002203,-0.046666,12.490042,189.345343,174.19858,30
1867-03-01,-0.002203,-0.002203,-0.030238,12.462524,188.928187,168.931101,43
1867-04-01,-0.002203,-0.002203,0.041567,12.435068,188.511951,175.953134,31
1867-05-01,-0.002203,-0.002203,-0.01049,12.407671,188.096632,174.107431,57
1867-06-01,-0.002203,-0.002203,0.063034,12.380336,187.682228,185.08205,55
1867-07-01,-0.002203,-0.002203,0.051595,12.35306,187.268737,194.631387,54
1867-08-01,-0.002203,-0.002203,-0.024197,12.325844,186.856157,189.921903,53
1867-09-01,-0.002203,-0.002203,-0.017495,12.298689,186.444486,186.599255,51
1867-10-01,-0.002203,-0.002203,-0.066314,12.271593,186.033722,174.225149,31
1867-11-01,-0.002203,-0.002203,0.059836,12.244557,185.623862,184.650059,37
1867-12-01,-0.002203,-0.002203,0.013161,12.21758,185.214906,187.080181,33
1868-01-01,-0.002203,-0.002203,0.035928,12.190663,184.806851,193.801602,59
1868-02-01,0.015572,0.015572,0.015572,12.380502,187.68475,196.819571,66
1868-03-01,-0.005077,-0.005077,-0.005077,12.317648,186.731896,195.820341,52
1868-04-01,-0.017046,-0.017046,-0.017046,12.10768,183.548849,192.482371,64
1868-05-01,0.026397,0.026397,0.026397,12.427281,188.393904,197.563241,57
1868-06-01,-0.012038,-0.012038,-0.012038,12.277685,186.126082,195.185041,59
1868-07-01,0.006195,0.006195,0.006195,12.35374,187.279045,196.394121,60
1868-08-01,-0.013491,-0.013491,-0.013491,12.187074,184.752438,193.744541,61
1868-09-01,0.023541,0.023541,0.023541,12.473975,189.101771,198.305561,57
1868-10-01,0.018546,0.018546,0.018546,12.705319,192.608881,201.983365,51
1868-11-01,-0.03808,-0.03808,-0.03808,12.221503,185.274372,194.291878,55
1868-12-01,0.014895,0.014895,0.014895,12.403537,188.033955,197.185772,57
1869-01-01,0.029217,0.029217,0.029217,12.765928,193.527689,202.946893,91
1869-02-01,0.013644,0.013644,0.013644,12.94011,196.16824,205.715963,82
1869-03-01,-0.007396,-0.007396,-0.007396,12.844398,194.717283,204.194386,86
1869-04-01,0.034626,0.034626,0.034626,13.289149,201.459574,211.264831,80
1869-05-01,0.01923,0.01923,0.01923,13.544699,205.33364,215.327452,78
1869-06-01,-0.016313,-0.016313,-0.016313,13.323741,201.983977,211.814757,74
1869-07-01,0.005061,0.005061,0.005061,13.391176,203.006274,212.886811,73
1869-08-01,-0.006772,-0.006772,-0.006772,13.300498,201.631612,211.445242,79
1869-09-01,-0.071172,-0.071172,-0.071172,12.353869,187.280995,196.396166,75
1869-10-01,0.020216,0.020216,0.020216,12.603611,191.067015,200.366455,73
1869-11-01,-0.036232,-0.036232,-0.036232,12.146961,184.144334,193.10684,78
1869-12-01,-0.008003,-0.008003,-0.008003,12.049753,182.670693,191.561475,69
1870-01-01,0.01423,0.01423,0.01423,12.221215,185.270011,194.287304,73
1870-02-01,-0.003512,-0.003512,-0.003512,12.178297,184.619375,193.605002,90
1870-03-01,0.001912,0.001912,0.001912,12.201579,184.972335,193.97514,88
1870-04-01,0.026194,0.026194,0.026194,12.521186,189.817478,199.056102,89
1870-05-01,0.011381,0.011381,0.011381,12.66369,191.977804,201.321573,90
1870-06-01,-0.009863,-0.009863,-0.009863,12.538791,190.08437,199.335983,81
1870-07-01,-0.041407,-0.041407,-0.041407,12.019601,182.213598,191.082133,78
1870-08-01,-0.014701,-0.014701,-0.014701,11.842896,179.534808,188.272963,74
1870-09-01,0.015852,0.015852,0.015852,12.030628,182.380768,191.257439,73
1870-10-01,-0.00085,-0.00085,-0.00085,12.020408,182.225832,191.094963,84
1870-11-01,0.008072,0.008072,0.008072,12.117438,183.696777,192.6375,82
1870-12-01,-0.019881,-0.019881,-0.019881,11.876536,180.044781,188.807757,85
1871-01-01,0.008109,0.008109,0.008109,11.972846,181.504805,190.338842,83
1871-02-01,0.017242,0.017242,0.017242,12.179286,184.634369,193.620725,82
1871-03-01,0.029073,0.029073,0.029073,12.533368,190.002155,199.249767,97
1871-04-01,0.01852,0.01852,0.01852,12.765485,193.52098,202.939857,91
1871-05-01,0.018025,0.018025,0.018025,12.99558,197.009156,206.597807,86
1871-06-01,-0.022783,-0.022783,-0.022783,12.699498,192.520632,201.890821,76
1871-07-01,-0.0134,-0.0134,-0.0134,12.529321,189.940803,199.18543,85
1871-08-01,0.019384,0.019384,0.019384,12.772188,193.6226,203.046424,82
1871-09-01,-0.006543,-0.006543,-0.006543,12.688618,192.355699,201.717861,84
1871-10-01,-0.052276,-0.052276,-0.052276,12.025303,182.300046,191.172789,81
1871-11-01,0.018388,0.018388,0.018388,12.246426,185.6522,194.688095,80
1871-12-01,0.002211,0.015667,0.015667,12.273498,188.560733,197.738189,79
1872-01-01,-0.027784,-0.027784,-0.027784,11.932496,183.321826,192.244299,25
1872-02-01,-0.020526,-0.020526,-0.020526,11.687574,179.559039,188.298373,23
1872-03-01,0.093625,0.093625,0.093625,12.78182,196.370196,205.927748,23
1872-04-01,-0.000714,-0.000714,-0.000714,12.772687,196.22989,205.780613,23
1872-05-01,-0.041884,-0.041884,-0.041884,12.237715,188.010989,197.161689,22
1872-06-01,-0.012562,-0.012562,-0.012562,12.083988,185.649234,194.684985,21
1872-07-01,0.00374,0.00374,0.00374,12.129188,186.343654,195.413203,16
1872-08-01,-0.019661,-0.019661,-0.019661,11.890715,182.679934,191.571166,16
1872-09-01,-0.029522,-0.029522,-0.029522,11.539673,177.286796,185.915538,20
1872-10-01,0.040437,0.040437,0.040437,12.006298,184.455668,193.433326,22
1872-11-01,0.007438,0.007438,0.007438,12.095603,185.827679,194.872114,17
1872-12-01,0.019803,0.019803,0.019803,12.335133,189.507645,198.731189,22
1873-01-01,0.016237,0.016237,0.016237,12.535419,192.584684,201.957991,29
1873-02-01,-0.011054,-0.011054,-0.011054,12.396853,190.455857,199.725552,31
1873-03-01,-0.024368,-0.024368,-0.024368,12.094772,185.81491,194.858724,26
1873-04-01,-0.013386,-0.013386,-0.013386,11.932866,183.327509,192.250259,29
1873-05-01,-0.015342,-0.015342,-0.015342,11.749795,180.514948,189.300808,25
1873-06-01,-0.018496,-0.018496,-0.018496,11.532471,177.176155,185.799512,25
1873-07-01,0.03598,0.03598,0.03598,11.947413,183.551001,192.484628,24
1873-08-01,-0.020517,-0.020517,-0.020517,11.702287,179.78508,188.535416,25
1873-09-01,-0.201676,-0.201676,-0.201676,9.342212,143.526665,150.512264,29
1873-10-01,-0.178397,-0.178397,-0.178397,7.67559,117.921947,123.661337,23
1873-11-01,0.226188,0.226188,0.226188,9.411717,144.59449,151.632062,21
1873-12-01,0.078648,0.078648,0.078648,10.151932,155.966589,163.557653,30
1874-01-01,0.055911,0.055911,0.055911,10.719534,164.686798,172.702285,28
1874-02-01,-0.00269,-0.00269,-0.00269,10.690694,164.243719,172.23764,25
1874-03-01,-0.00759,-0.00759,-0.00759,10.609555,162.997167,170.930417,24
1874-04-01,-0.075215,-0.075215,-0.075215,9.811553,150.737275,158.073822,23
1874-05-01,-0.032954,-0.032954,-0.032954,9.488226,145.769921,152.864702,27
1874-06-01,0.02306,0.02306,0.02306,9.707026,149.131393,156.389781,23
1874-07-01,-0.033287,-0.033287,-0.033287,9.383906,144.167222,151.183998,27
1874-08-01,0.006671,0.006671,0.006671,9.446503,145.128921,152.192504,29
1874-09-01,0.041577,0.041577,0.041577,9.839264,151.163007,158.520276,26
1874-10-01,-0.045209,-0.045209,-0.045209,9.394443,144.329112,151.353767,26
1874-11-01,0.045034,0.045034,0.045034,9.817512,150.828821,158.169824,27
1874-12-01,-0.025595,-0.025595,-0.025595,9.566236,146.968405,154.121517,30
1875-01-01,-0.033833,-0.033833,-0.033833,9.24258,141.996006,148.907106,33
1875-02-01,-0.015783,-0.015783,-0.015783,9.096708,139.754932,146.556957,33
1875-03-01,0.052903,0.052903,0.052903,9.577947,147.148329,154.310199,32
1875-04-01,0.027089,0.027089,0.027089,9.837407,151.134478,158.490358,34
1875-05-01,-0.087141,-0.087141,-0.087141,8.980168,137.964497,144.67938,33
1875-06-01,0.012946,0.012946,0.012946,9.096424,139.750574,146.552387,32
1875-07-01,0.002348,0.002348,0.002348,9.117781,140.078682,146.896464,35
1875-08-01,-0.010193,-0.010193,-0.010193,9.024846,138.650896,145.399187,34
1875-09-01,-0.006445,-0.006445,-0.006445,8.966678,137.757243,144.462038,30
1875-10-01,-0.006349,-0.006349,-0.006349,8.909746,136.882588,143.544813,35
1875-11-01,0.02529,0.02529,0.02529,9.135073,140.344347,147.17506,35
1875-12-01,-0.002221,-0.002221,-0.002221,9.114783,140.032621,146.848162,37
1876-01-01,0.044759,0.044759,0.044759,9.522754,146.300388,153.420987,37
1876-02-01,-0.004194,-0.004194,-0.004194,9.482814,145.686769,152.777503,36
1876-03-01,-0.029777,-0.029777,-0.029777,9.200439,141.348582,148.228172,37
1876-04-01,-0.040663,-0.040663,-0.040663,8.826322,135.600926,142.200771,38
1876-05-01,-0.00911,-0.00911,-0.00911,8.745912,134.365572,140.905291,37
1876-06-01,0.023875,0.023875,0.023875,8.954722,137.573562,144.269417,38
1876-07-01,-0.040213,-0.040213,-0.040213,8.594625,132.041307,138.467901,37
1876-08-01,-0.052614,-0.052614,-0.052614,8.142428,125.094104,131.182571,37
1876-09-01,-0.041908,-0.041908,-0.041908,7.801194,119.85164,125.68495,37
1876-10-01,0.041508,0.041508,0.041508,8.125009,124.826485,130.901926,37
1876-11-01,-0.027643,-0.027643,-0.027643,7.900408,121.375882,127.283379,35
1876-12-01,0.000141,0.000141,0.000141,7.901521,121.39298,127.301309,34
1877-01-01,-0.002515,-0.002515,-0.002515,7.881645,121.087629,126.981096,36
1877-02-01,-0.046622,-0.046622,-0.046622,7.514183,115.442222,121.060921,38
1877-03-01,-0.046925,-0.046925,-0.046925,7.161583,110.025145,115.380188,38
1877-04-01,-0.023517,-0.023517,-0.023517,6.993168,107.437733,112.666845,38
1877-05-01,-0.02629,-0.02629,-0.02629,6.809314,104.613151,109.704787,36
1877-06-01,-0.018244,-0.018244,-0.018244,6.685085,102.704582,107.703326,35
1877-07-01,0.062478,0.062478,0.062478,7.102754,109.121333,114.432387,36
1877-08-01,0.103584,0.103584,0.103584,7.838484,120.424534,126.285728,36
1877-09-01,0.016148,0.016148,0.016148,7.965061,122.369171,128.325012,36
1877-10-01,-0.000901,0.017111,0.017111,7.957888,124.463056,130.520809,37
1877-11-01,0.013678,-0.004223,-0.004223,8.066736,123.937427,129.969597,36
1877-12-01,-0.00343,-0.00343,-0.00343,8.039064,123.512276,129.523753,36
1878-01-01,-0.012325,-0.012325,-0.012325,7.939985,121.990023,127.92741,40
1878-02-01,-0.013345,-0.013345,-0.013345,7.834025,120.362054,126.220206,42
1878-03-01,0.054459,0.054459,0.054459,8.260662,126.916901,133.094085,43
1878-04-01,0.003505,0.003505,0.003505,8.289615,127.361741,133.560576,46
1878-05-01,0.038183,0.038183,0.038183,8.606134,132.224746,138.660269,46
1878-06-01,-0.000624,-0.000624,-0.000624,8.600765,132.142249,138.573757,44
1878-07-01,-0.006235,-0.006235,-0.006235,8.547141,131.318372,137.70978,35
1878-08-01,-0.009429,-0.009429,-0.009429,8.466549,130.080151,136.411294,36
1878-09-01,0.040273,0.040273,0.040273,8.80752,135.318832,141.904948,45
1878-10-01,-0.008033,-0.008033,-0.008033,8.73677,134.231829,140.765039,46
1878-11-01,0.002697,0.002697,0.002697,8.760336,134.593898,141.14473,45
1878-12-01,0.013993,0.013993,0.013993,8.882918,136.477259,143.119756,46
1879-01-01,0.086478,0.086478,0.086478,9.651098,148.279573,155.496502,47
1879-02-01,0.004278,0.004278,0.004278,9.692387,148.913942,156.161746,45
1879-03-01,-0.004211,-0.004211,-0.004211,9.651569,148.286812,155.504093,46
1879-04-01,0.049944,0.049944,0.049944,10.133607,155.692853,163.270594,45
1879-05-01,0.061509,0.061509,0.061509,10.756912,165.269321,173.313159,39
1879-06-01,-0.013061,-0.013061,-0.013061,10.616421,163.110811,171.049592,39
1879-07-01,0.027949,0.027949,0.027949,10.913136,167.669551,175.830211,39
1879-08-01,-0.021993,-0.021993,-0.021993,10.673122,163.981969,171.963151,39
1879-09-01,0.093542,0.093542,0.093542,11.671503,179.321099,188.048852,41
1879-10-01,0.149502,0.149502,0.149502,13.41642,206.130034,216.162607,45
1879-11-01,0.015674,0.015674,0.015674,13.62671,209.360929,219.550753,40
1879-12-01,-0.013677,-0.013677,-0.013677,13.440334,206.497444,216.5479,44
1880-01-01,0.046397,0.046397,0.046397,14.063931,216.0784,226.595171,72
1880-02-01,0.023576,0.023576,0.023576,14.395498,221.172596,231.937307,48
1880-03-01,0.019864,0.019864,0.019864,14.681456,225.56606,236.544606,60
1880-04-01,-0.055467,-0.055467,-0.055467,13.867121,213.054603,223.424203,67
1880-05-01,-0.143791,-0.143791,-0.143791,11.873155,182.419288,191.297833,57
1880-06-01,0.075417,0.075417,0.075417,12.768595,196.17683,205.724971,61
1880-07-01,0.052056,0.052056,0.052056,13.433278,206.389033,216.434213,59
1880-08-01,0.011328,0.011328,0.011328,13.58545,208.72701,218.885981,61
1880-09-01,-0.003921,-0.003921,-0.003921,13.532183,207.908605,218.027743,62
1880-10-01,0.085473,0.085473,0.085473,14.688817,225.679143,236.663193,61
1880-11-01,0.026708,0.026708,0.026708,15.081131,231.706673,242.98409,65
1880-12-01,0.067971,0.067971,0.067971,16.106218,247.456114,259.500073,62
1881-01-01,0.048775,0.048775,0.048775,16.891793,259.525693,272.157092,52
1881-02-01,-0.031743,-0.031743,-0.031743,16.355591,251.287491,263.517927,63
1881-03-01,0.046274,0.046274,0.046274,17.112425,262.915493,275.711877,64
1881-04-01,0.00853,0.00853,0.00853,17.258386,265.158039,278.06357,52
1881-05-01,0.078288,0.078288,0.078288,18.609506,285.916667,299.832543,64
1881-06-01,-0.027389,-0.027389,-0.027389,18.099817,278.0858,291.620539,61
1881-07-01,-0.029085,-0.029085,-0.029085,17.573377,269.99756,283.138635,58
1881-08-01,-0.034945,-0.034945,-0.034945,16.959269,260.562394,273.24425,58
1881-09-01,0.036782,0.036782,0.036782,17.583059,270.146312,283.294627,61
1881-10-01,-0.036644,-0.036644,-0.036644,16.938751,260.247165,272.913679,59
1881-11-01,0.015049,0.015049,0.015049,17.193664,264.163644,277.020776,61
1881-12-01,-0.045635,-0.045635,-0.045635,16.409028,252.108491,264.378886,60
1882-01-01,-0.014786,-0.014786,-0.014786,16.166406,248.380849,260.469816,57
1882-02-01,-0.04965,-0.04965,-0.04965,15.363747,236.048775,247.537526,43
1882-03-01,0.024027,0.024027,0.024027,15.732887,241.72025,253.485038,51
1882-04-01,-0.009031,-0.009031,-0.009031,15.590806,239.537325,251.195868,52
1882-05-01,-0.048782,-0.048782,-0.048782,14.830263,227.852334,238.942156,48
1882-06-01,0.017304,0.017304,0.017304,15.086893,231.795201,243.076927,49
1882-07-01,0.082978,0.082978,0.082978,16.338771,251.029056,263.246915,47
1882-08-01,0.005094,0.005094,0.005094,16.421997,252.30774,264.587833,49
1882-09-01,-0.042105,-0.042105,-0.042105,15.730549,241.684338,253.447378,48
1882-10-01,-0.015872,-0.015872,-0.015872,15.480871,237.848273,249.424608,50
1882-11-01,-0.03865,-0.03865,-0.03865,14.882532,228.655397,239.784305,50
1882-12-01,-0.002639,-0.002639,-0.002639,14.843257,228.051971,239.151509,51
1883-01-01,0.00978,0.00978,0.00978,14.988426,230.282345,241.490438,114
1883-02-01,-0.037245,-0.037245,-0.037245,14.430183,221.705499,232.496147,114
1883-03-01,0.011289,0.011289,0.011289,14.59308,224.20824,235.1207,114
1883-04-01,0.01951,0.01951,0.01951,14.877798,228.582652,239.708019,117
1883-05-01,-0.024216,-0.024216,-0.024216,14.517516,223.047272,233.903226,116
1883-06-01,0.01405,0.01405,0.01405,14.721491,226.181146,237.18963,113
1883-07-01,-0.034734,-0.034734,-0.034734,14.210153,218.324947,228.95106,109
1883-08-01,-0.058103,-0.058103,-0.058103,13.384501,205.639618,215.648323,113
1883-09-01,-0.000336,-0.000336,-0.000336,13.38,205.57047,215.575809,110
1883-10-01,-0.02267,-0.02267,-0.02267,13.076677,200.910209,210.688728,106
1883-11-01,0.026447,0.026447,0.026447,13.422517,206.2237,216.260833,112
1883-12-01,-0.060525,-0.060525,-0.060525,12.610114,193.741927,203.171557,114
1884-01-01,-0.009751,-0.009751,-0.009751,12.487157,191.852826,201.190512,115
1884-02-01,0.016695,0.016695,0.016695,12.695627,195.055758,204.549334,113
1884-03-01,-0.016539,-0.016539,-0.016539,12.485658,191.829794,201.166359,111
1884-04-01,-0.05108,-0.05108,-0.05108,11.847888,182.031089,190.890741,112
1884-05-01,-0.083952,-0.083952,-0.083952,10.853235,166.749225,174.865092,112
1884-06-01,-0.105236,-0.105236,-0.105236,9.711089,149.201286,156.463076,105
1884-07-01,0.140397,0.140397,0.140397,11.074493,170.148628,178.429948,110
1884-08-01,0.005449,0.005449,0.005449,11.134836,171.075748,179.402191,102
1884-09-01,-0.033009,-0.033009,-0.033009,10.767284,165.428665,173.480259,99
1884-10-01,-0.055649,-0.055649,-0.055649,10.168093,156.222701,163.82623,49
1884-11-01,0.028883,0.028883,0.028883,10.461781,160.734921,168.558065,57
1884-12-01,-0.087289,-0.087289,-0.087289,9.548585,146.704566,153.844837,42
1885-01-01,0.009059,0.009059,0.009059,9.635087,148.033591,155.238547,51
1885-02-01,0.060901,0.060901,0.060901,10.221877,157.049037,164.692785,58
1885-03-01,-0.015593,-0.015593,-0.015593,10.06249,154.600212,162.124773,51
1885-04-01,0.010699,0.010699,0.010699,10.170152,156.254329,163.859398,52
1885-05-01,-0.014335,-0.014335,-0.014335,10.024365,154.01445,161.510501,45
1885-06-01,0.021491,0.021491,0.021491,10.239794,157.324312,164.981458,42
1885-07-01,0.088706,0.088706,0.088706,11.14813,171.279999,179.616384,58
1885-08-01,0.032629,0.032629,0.032629,11.511883,176.868704,185.477097,59
1885-09-01,0.007471,0.007471,0.007471,11.597891,178.190132,186.86284,64
1885-10-01,0.126721,0.126721,0.126721,13.067583,200.770488,210.542207,73
1885-11-01,0.061448,0.061448,0.061448,13.870565,213.10752,223.479695,66
1885-12-01,0.000403,0.000403,0.000403,13.87615,213.193333,223.569685,67
1886-01-01,-0.027541,-0.027541,-0.027541,13.493994,207.321872,217.412454,64
1886-02-01,0.017121,0.017121,0.017121,13.725028,210.871489,221.134834,58
1886-03-01,-0.015269,-0.015269,-0.015269,13.515456,207.651619,217.75825,63
1886-04-01,-0.02243,-0.02243,-0.02243,13.212305,202.993996,212.873935,56
1886-05-01,0.021929,0.021929,0.021929,13.502032,207.445372,217.541964,49
1886-06-01,0.039699,0.039699,0.039699,14.038052,215.680783,226.178202,57
1886-07-01,0.03153,0.03153,0.03153,14.480665,222.481108,233.309506,54
1886-08-01,-0.053586,-0.014297,-0.014297,13.704707,219.30037,229.973958,51
1886-09-01,0.116171,0.072461,0.072461,15.296792,235.191169,246.63818,55
1886-10-01,0.033048,0.033048,0.033048,15.802328,242.963883,254.789201,65
1886-11-01,0.027268,0.027268,0.027268,16.233227,249.589038,261.736809,61
1886-12-01,-0.038677,-0.038677,-0.038677,15.605372,239.935642,251.613571,59
1887-01-01,-0.047421,-0.047421,-0.047421,14.865344,228.557568,239.681714,54
1887-02-01,0.018747,0.018747,0.018747,15.144019,232.84225,244.174936,59
1887-03-01,0.04612,0.04612,0.04612,15.842461,243.580937,255.436287,59
1887-04-01,-0.001356,-0.001356,-0.001356,15.820982,243.250679,255.089955,56
1887-05-01,0.04242,0.04242,0.04242,16.492101,253.569274,265.910767,60
1887-06-01,-0.06161,-0.06161,-0.06161,15.476015,237.946749,249.527877,56
1887-07-01,-0.078023,-0.078023,-0.078023,14.268534,219.381491,230.059028,56
1887-08-01,-0.023264,-0.023264,-0.023264,13.936584,214.2777,224.70683,62
1887-09-01,0.005232,0.005232,0.005232,14.009507,215.398898,225.882598,55
1887-10-01,-0.049782,-0.049782,-0.049782,13.312079,204.675819,214.637615,50
1887-11-01,0.031158,0.031158,0.031158,13.726855,211.053073,221.325256,52
1887-12-01,-0.00103,-0.00103,-0.00103,13.712715,210.835662,221.097264,46
1888-01-01,0.002922,0.002922,0.002922,13.752781,211.451685,221.743269,84
1888-02-01,-0.011208,-0.011208,-0.011208,13.598639,209.081727,219.257962,85
1888-03-01,-0.089205,-0.089205,-0.089205,12.385577,190.430659,199.699127,79
1888-04-01,0.100629,0.100629,0.100629,13.63192,209.593433,219.794574,88
1888-05-01,-0.041596,-0.041596,-0.041596,13.064885,200.875159,210.651972,81
1888-06-01,0.003719,0.003719,0.003719,13.113469,201.622145,211.435315,79
1888-07-01,0.063929,0.063929,0.063929,13.951805,214.511726,224.952246,81
1888-08-01,0.001863,0.001863,0.001863,13.977793,214.911289,225.371256,81
1888-09-01,0.032348,0.032348,0.032348,14.42994,221.863137,232.661458,79
1888-10-01,-0.021835,-0.021835,-0.021835,14.11486,217.018726,227.581264,85
1888-11-01,-0.023216,-0.023216,-0.023216,13.787164,211.980341,222.297655,88
1888-12-01,0.015353,0.015353,0.015353,13.998837,215.234851,225.710566,84
1889-01-01,0.007868,0.007868,0.007868,14.108984,216.928381,227.486522,87
1889-02-01,0.026882,0.026882,0.026882,14.488269,222.759957,233.601928,82
1889-03-01,-0.032938,-0.032938,-0.032938,14.011052,215.422666,225.907522,86
1889-04-01,0.027516,0.027516,0.027516,14.396583,221.350275,232.123634,70
1889-05-01,0.026477,0.026477,0.026477,14.777757,227.210898,238.2695,82
1889-06-01,-0.009526,-0.009526,-0.009526,14.636986,225.046509,235.999768,85
1889-07-01,-0.011168,-0.011168,-0.011168,14.473515,222.533119,233.364048,87
1889-08-01,0.030608,0.030608,0.030608,14.916527,229.344514,240.506962,85
1889-09-01,0.018269,0.018269,0.018269,15.189032,233.534324,244.900695,87
1889-10-01,-0.011255,-0.011255,-0.011255,15.018077,230.90586,242.1443,86
1889-11-01,-0.027824,-0.027824,-0.027824,14.600214,224.481132,235.406874,86
1889-12-01,0.001879,0.001879,0.001879,14.627654,224.903029,235.849304,83
1890-01-01,0.027684,0.027684,0.027684,15.032608,231.129284,242.378598,91
1890-02-01,-0.024485,-0.024485,-0.024485,14.664533,225.470057,236.443931,84
1890-03-01,0.003747,0.003747,0.003747,14.719482,226.314907,237.3299,89
1890-04-01,0.043998,0.043998,0.043998,15.367115,236.272395,247.77203,78
1890-05-01,0.026115,0.026115,0.026115,15.76843,242.442691,254.242642,85
1890-06-01,-0.019648,-0.01051,-0.01051,15.458615,239.894585,251.570517,85
1890-07-01,-0.011318,-0.021247,-0.021247,15.283656,234.797437,246.225285,82
1890-08-01,-0.002043,-0.002043,-0.002043,15.252425,234.317635,245.72213,85
1890-09-01,-0.028241,-0.028241,-0.028241,14.821685,227.700336,238.78276,84
1890-10-01,-0.03968,-0.03968,-0.03968,14.233555,218.665095,229.307764,82
1890-11-01,-0.062018,-0.062018,-0.062018,13.350815,205.103871,215.0865,81
1890-12-01,-0.021858,-0.021858,-0.021858,13.058995,200.620754,210.385185,84
1891-01-01,0.144639,0.144639,0.144639,14.947835,229.638338,240.815086,82
1891-02-01,-0.039728,-0.039728,-0.039728,14.353994,220.515354,231.248077,77
1891-03-01,0.009824,0.009824,0.009824,14.495008,222.681711,233.519872,78
1891-04-01,0.008039,0.008039,0.008039,14.611527,224.471745,235.39703,80
1891-05-01,-0.007529,-0.007529,-0.007529,14.501519,222.781743,233.624773,72
1891-06-01,-0.100267,-0.100267,-0.100267,13.047497,200.444107,210.199941,77
1891-07-01,0.02958,0.037277,0.037277,13.433448,207.916041,218.035541,78
1891-08-01,0.025763,0.025763,0.025763,13.779535,213.272605,223.652815,78
1891-09-01,0.025496,0.025496,0.025496,14.13086,218.710228,229.355093,73
1891-10-01,-0.037006,-0.037006,-0.037006,13.607938,210.616704,220.867649,81
1891-11-01,-0.003179,-0.003179,-0.003179,13.564679,209.947167,220.165525,80
1891-12-01,-0.008853,-0.008853,-0.008853,13.444593,208.088536,218.216432,80
1892-01-01,0.099811,0.099811,0.099811,14.786507,228.858003,239.996772,80
1892-02-01,0.019408,0.019408,0.019408,15.073483,233.299669,244.654618,80
1892-03-01,-0.008875,-0.008875,-0.008875,14.939708,231.229172,242.483348,78
1892-04-01,0.004393,0.004393,0.004393,15.005336,232.244916,243.548529,74
1892-05-01,0.008931,0.000515,0.000515,15.139344,232.364623,243.674063,79
1892-06-01,-0.011714,-0.003355,-0.003355,14.962009,231.58495,242.856443,74
1892-07-01,0.014336,0.014336,0.014336,15.17651,234.905034,246.338119,70
1892-08-01,-0.012491,-0.012491,-0.012491,14.986938,231.970798,243.261069,78
1892-09-01,-0.007461,-0.007461,-0.007461,14.875121,230.240072,241.446107,80
1892-10-01,0.011558,0.011558,0.011558,15.047051,232.901241,244.236798,80
1892-11-01,-0.028346,-0.028346,-0.028346,14.620529,226.299452,237.313693,78
1892-12-01,0.014737,0.014737,0.014737,14.835996,229.634485,240.811046,78
1893-01-01,0.024156,0.024156,0.024156,15.194372,235.181513,246.628054,75
1893-02-01,-0.033913,-0.033913,-0.033913,14.679078,227.205691,238.26404,71
1893-03-01,-0.004727,-0.004727,-0.004727,14.609686,226.131627,237.137701,76
1893-04-01,-0.018901,-0.018901,-0.018901,14.333547,221.857492,232.655538,75
1893-05-01,-0.075381,-0.075381,-0.075381,13.253077,205.133753,215.117837,73
1893-06-01,-0.042858,-0.042858,-0.042858,12.685074,196.342088,205.898271,72
1893-07-01,-0.133999,-0.133999,-0.133999,10.985293,170.032542,178.308212,70
1893-08-01,0.079309,0.079309,0.079309,11.856526,183.517663,192.449667,69
1893-09-01,0.040568,0.040568,0.040568,12.337522,190.962612,200.256971,73
1893-10-01,0.045055,0.045055,0.045055,12.893393,199.566497,209.279617,71
1893-11-01,-0.06234,-0.06234,-0.06234,12.089616,187.125472,196.233072,72
1893-12-01,0.020234,0.020234,0.002585,12.334239,190.911799,196.740259,47
1894-01-01,0.020234,0.020234,0.042759,12.583812,194.77474,205.152739,75
1894-02-01,-0.010387,-0.010387,-0.010387,12.453108,192.751675,203.021881,72
1894-03-01,0.03411,0.03411,0.03411,12.877886,199.326474,209.946999,75
1894-04-01,-0.016265,-0.016265,-0.016265,12.668426,196.084415,206.532196,39
1894-05-01,-0.027622,-0.027622,-0.027622,12.3185,190.668182,200.827374,73
1894-06-01,-0.01475,-0.01475,-0.01475,12.136796,187.855746,197.865087,72
1894-07-01,-0.007138,-0.007138,-0.007138,12.050168,186.514899,196.452797,67
1894-08-01,0.053857,0.053857,0.053857,12.699158,196.560083,207.033209,45
1894-09-01,-0.017817,-0.017817,-0.017817,12.472899,193.058001,203.344528,73
1894-10-01,-0.033755,-0.033755,-0.033755,12.051879,186.541379,196.480687,42
1894-11-01,-0.010643,-0.010643,-0.010643,11.923611,184.55602,194.389544,70
1894-12-01,0.005288,0.005288,0.005288,11.986664,185.531969,195.417494,67
1895-01-01,0.074017,-0.008665,-0.008649,12.873877,183.924351,193.727339,66
1895-02-01,-0.098488,-0.023432,-0.023647,11.605959,179.614691,189.146292,68
1895-03-01,0.036568,0.036568,0.036568,12.030371,186.182918,196.063074,64
1895-04-01,0.030699,0.030699,0.030699,12.399691,191.898545,202.082012,56
1895-05-01,0.041144,0.041144,0.041144,12.909867,199.794062,210.396519,68
1895-06-01,0.000775,0.000775,0.000775,12.919877,199.948975,210.559654,69
1895-07-01,0.022999,0.022999,0.022999,13.217026,204.547686,215.402404,69
1895-08-01,0.018808,0.018808,0.018808,13.46561,208.394789,219.453661,70
1895-09-01,-0.010817,-0.010817,-0.010817,13.319954,206.140597,217.079846,70
1895-10-01,-0.02227,-0.02227,-0.02227,13.023323,201.549922,212.245557,58
1895-11-01,-0.010304,-0.010304,-0.010304,12.889125,199.473065,210.058488,68
1895-12-01,-0.050129,-0.050129,-0.050129,12.243013,189.473776,199.528567,67
1896-01-01,0.018602,0.018602,0.018602,12.470752,192.998292,203.240119,67
1896-02-01,0.008273,0.008273,0.008273,12.573925,194.595002,204.921561,66
1896-03-01,-0.010011,-0.010011,-0.010011,12.448051,192.64697,202.870153,67
1896-04-01,0.017497,0.017497,0.017497,12.665858,196.017757,206.419818,68
1896-05-01,-0.011596,-0.011596,-0.011596,12.518982,193.744703,204.026139,64
1896-06-01,0.009721,-0.018069,-0.018069,12.640678,190.243941,200.339603,59
1896-07-01,-0.071914,-0.044022,-0.044022,11.731631,181.868979,191.520207,59
1896-08-01,-0.023265,-0.023265,-0.023265,11.4587,177.637869,187.064566,59
1896-09-01,0.052367,0.052367,0.052367,12.058759,186.940264,196.86061,57
1896-10-01,0.034287,0.034287,0.034287,12.472222,193.349948,203.610436,59
1896-11-01,0.004452,0.004452,0.004452,12.527755,194.210835,204.517007,63
1896-12-01,-0.015947,-0.015947,-0.015947,12.327975,191.113761,201.255581,63
1897-01-01,0.017525,0.017525,0.017525,12.544028,194.463112,204.782673,60
1897-02-01,-0.005047,-0.005047,-0.005047,12.480719,193.481665,203.749143,63
1897-03-01,-0.016992,-0.016992,-0.016992,12.268652,190.19411,200.287127,61
1897-04-01,-0.000677,-0.000677,-0.000677,12.26035,190.065408,200.151596,60
1897-05-01,0.006727,0.006727,0.006727,12.342826,191.343992,201.49803,61
1897-06-01,0.033698,0.033698,0.033698,12.758756,197.791918,208.288128,63
1897-07-01,0.037044,0.037044,0.037044,13.231391,205.118926,216.003958,58
1897-08-01,0.053252,0.053252,0.053252,13.935988,216.041891,227.506571,59
1897-09-01,-0.014361,-0.014361,-0.014361,13.735859,212.939412,224.239453,62
1897-10-01,-0.008529,-0.008529,-0.008529,13.6187,211.12316,222.326817,57
1897-11-01,0.012784,0.012784,0.012784,13.7928,213.82213,225.169014,61
1897-12-01,0.020259,0.020259,0.045033,14.072223,218.153869,235.30912,40
1898-01-01,0.020259,0.020259,0.008258,14.357306,222.573364,237.252367,60
1898-02-01,-0.032334,-0.032334,-0.032334,13.893074,215.376618,229.580987,61
1898-03-01,-0.030703,-0.030703,-0.030703,13.466519,208.763975,222.532231,59
1898-04-01,-0.019589,-0.019589,-0.019589,13.202723,204.674489,218.173038,61
1898-05-01,0.075902,0.075902,0.075902,14.204839,220.209752,234.732872,59
1898-06-01,0.0021,0.0021,0.0021,14.234675,220.672271,235.225895,56
1898-07-01,0.024649,0.024649,0.024649,14.585544,226.1116,241.023954,60
1898-08-01,0.022708,0.022708,0.022708,14.916749,231.24609,246.49707,59
1898-09-01,-0.018993,-0.018993,-0.018993,14.633442,226.854142,241.815469,59
1898-10-01,0.004455,0.004455,0.004455,14.69864,227.864872,242.892857,59
1898-11-01,0.022323,0.022323,0.022323,15.026757,232.951477,248.314931,57
1898-12-01,0.050427,0.050427,0.050427,15.784512,244.698534,260.836721,59
1899-01-01,0.041884,0.041884,0.041884,16.445636,254.947578,271.761703,59
1899-02-01,0.005217,0.005217,0.005217,16.531437,256.277709,273.179557,57
1899-03-01,0.024997,0.024997,0.024997,16.944671,262.683848,280.008189,58
1899-04-01,-0.041641,-0.041641,-0.041641,16.239082,251.74549,268.348433,54
1899-05-01,0.029799,0.029799,0.029799,16.722993,259.247285,276.344981,53
1899-06-01,0.010156,0.010156,0.010156,16.892833,261.88023,279.151572,56
1899-07-01,0.0197,0.0197,0.0197,17.225621,267.039254,284.650841,56
1899-08-01,-0.013972,-0.013972,-0.013972,16.984937,263.308061,280.673571,56
1899-09-01,0.013726,0.013726,0.013726,17.218065,266.922114,284.525975,53
1899-10-01,-0.003651,-0.003651,-0.003651,17.155194,265.947458,283.487039,33
1899-11-01,0.003515,0.003515,0.003515,17.215502,266.882391,284.483633,55
1899-12-01,-0.044881,-0.044881,-0.044881,16.442847,254.904339,271.715612,53
1900-01-01,0.008807,0.008807,0.008807,16.587665,257.149382,274.108719,61
1900-02-01,0.003449,0.003449,0.003449,16.644878,258.036313,275.054144,67
1900-03-01,0.03115,0.03115,0.03115,17.163367,266.074166,283.622104,67
1900-04-01,-0.010878,-0.010878,-0.010878,16.976663,263.179799,280.53685,63
1900-05-01,-0.00658,-0.00658,-0.00658,16.864956,261.448069,278.69091,63
1900-06-01,-0.038692,-0.038692,-0.038692,16.212424,251.33222,267.907907,62
1900-07-01,0.013279,0.013279,0.013279,16.427713,254.669735,271.465536,62
1900-08-01,0.001882,0.001882,0.001882,16.458632,255.149049,271.976461,58
1900-09-01,-0.01921,-0.01921,-0.01921,16.142458,250.247579,266.751732,65
1900-10-01,0.045034,0.045034,0.045034,16.869422,261.517296,278.764702,65
1900-11-01,0.067433,0.067433,0.067433,18.006972,279.152113,297.562559,64
1900-12-01,0.077368,0.077368,0.077368,19.400133,300.749502,320.584323,63
1901-01-01,0.013217,0.013217,0.013217,19.656538,304.72441,324.821382,70
1901-02-01,0.018026,0.018026,0.018026,20.010874,310.217485,330.676733,70
1901-03-01,0.084489,0.084489,0.084489,21.701573,336.427464,358.615294,71
1901-04-01,0.046111,0.046111,0.046111,22.702249,351.940383,375.15131,68
1901-05-01,-0.006335,-0.006335,-0.006335,22.558424,349.71074,372.774619,73
1901-06-01,0.026192,0.026192,0.026192,23.149273,358.870342,382.538308,71
1901-07-01,-0.037868,-0.037868,-0.037868,22.272661,345.280723,368.052437,67
1901-08-01,0.041282,0.041282,0.041282,23.192127,359.534687,383.246468,65
1901-09-01,-0.010476,-0.010476,-0.010476,22.949159,355.768098,379.231468,69
1901-10-01,0.009165,0.009165,0.009165,23.159477,359.028535,382.706935,68
1901-11-01,0.039255,0.039255,0.039255,24.068612,373.12235,397.730255,71
1901-12-01,0.004327,0.004327,0.004327,24.172757,374.736858,399.451242,71
1902-01-01,0.000143,0.000143,0.000143,24.176223,374.79058,399.508507,67
1902-02-01,0.011997,0.011997,0.011997,24.466256,379.286804,404.301263,69
1902-03-01,0.007724,0.007724,0.007724,24.655236,382.21646,407.424133,69
1902-04-01,0.052015,0.052015,0.052015,25.93769,402.097637,428.616499,72
1902-05-01,-0.016562,-0.016562,-0.016562,25.508102,395.437973,421.517623,67
1902-06-01,0.002312,0.002312,0.002312,25.56708,396.352267,422.492215,70
1902-07-01,0.024558,0.024558,0.024558,26.194967,406.08605,432.867954,70
1902-08-01,0.034833,0.034833,0.034833,27.107425,420.23139,447.946197,71
1902-09-01,-0.02518,-0.02518,-0.02518,26.424858,409.649925,436.666872,71
1902-10-01,-0.017509,-0.017509,-0.017509,25.962181,402.477308,429.02121,75
1902-11-01,-0.032276,-0.032276,-0.032276,25.124217,389.486811,415.173974,74
1902-12-01,0.013019,0.013019,0.013019,25.45131,394.557544,420.579128,73
1903-01-01,-0.000181,-0.000181,-0.000181,25.446703,394.486133,420.503007,79
1903-02-01,-0.005566,-0.005566,-0.005566,25.305073,392.290514,418.162585,78
1903-03-01,-0.037712,-0.037712,-0.037712,24.350774,377.496557,402.392946,79
1903-04-01,-0.012687,-0.012687,-0.012687,24.041846,372.707416,397.287955,76
1903-05-01,-0.046764,-0.046764,-0.046764,22.917561,355.278242,378.709305,78
1903-06-01,-0.001515,-0.001515,-0.001515,22.88283,354.739834,378.135388,78
1903-07-01,-0.056865,-0.056865,-0.056865,21.581597,334.567532,356.632696,78
1903-08-01,0.019964,0.019964,0.019964,22.012455,341.246884,363.75256,76
1903-09-01,-0.054706,-0.054706,-0.054706,20.808232,322.578493,343.852964,77
1903-10-01,0.018949,0.018949,0.018949,21.202528,328.69104,350.368642,77
1903-11-01,0.006664,0.006664,0.006664,21.343816,330.881347,352.703403,75
1903-12-01,0.038917,0.038917,0.038917,22.174444,343.758109,366.429404,74
1904-01-01,0.011411,0.011411,0.011411,22.427485,347.680868,370.610874,74
1904-02-01,-0.034643,-0.034643,-0.034643,21.650534,335.636235,357.771882,76
1904-03-01,0.015002,0.015002,0.015002,21.975339,340.671493,363.139222,76
1904-04-01,-0.007113,-0.007113,-0.007113,21.819033,338.24838,360.556301,78
1904-05-01,-0.008811,-0.008811,-0.008811,21.626791,335.268157,357.379529,79
1904-06-01,0.007667,0.007667,0.007667,21.792597,337.838546,360.119438,80
1904-07-01,0.021194,0.021194,0.021194,22.25447,344.998714,367.751829,81
1904-08-01,0.042254,0.042254,0.042254,23.194812,359.57632,383.290847,74
1904-09-01,0.029182,0.029182,0.029182,23.871685,370.069494,394.476059,79
1904-10-01,0.024449,0.024449,0.024449,24.455335,379.117502,404.120795,73
1904-11-01,0.054866,0.054866,0.054866,25.797111,399.918318,426.293452,81
1904-12-01,-0.011991,-0.011991,-0.011991,25.487769,395.122753,421.181613,79
1905-01-01,0.019289,0.019289,0.019289,25.979393,402.74413,429.30563,79
1905-02-01,0.021676,0.021676,0.021676,26.542533,411.47418,438.611438,80
1905-03-01,-0.0019,-0.0019,-0.0019,26.492107,410.692452,437.778154,76
1905-04-01,-0.031048,-0.031048,-0.031048,25.669569,397.941094,424.185827,73
1905-05-01,-0.005057,-0.005057,-0.005057,25.539753,395.92863,422.040638,78
1905-06-01,0.009314,0.009314,0.009314,25.777626,399.616244,425.971456,77
1905-07-01,0.009586,0.009586,0.009586,26.024724,403.446873,430.05472,81
1905-08-01,0.026382,0.026382,0.026382,26.711312,414.090662,441.400481,74
1905-09-01,0.007524,0.007524,0.007524,26.912275,417.206078,444.721363,79
1905-10-01,-0.000351,-0.000351,-0.000351,26.902833,417.059702,444.565333,78
1905-11-01,0.002822,0.002822,0.002822,26.978742,418.236489,445.819731,84
1905-12-01,0.007752,0.007752,0.007752,27.187869,421.478466,449.27552,85
1906-01-01,0.01593,0.01593,0.01593,27.620973,428.192634,456.432496,81
1906-02-01,-0.032568,-0.032568,-0.032568,26.721405,414.24713,441.567268,78
1906-03-01,0.008613,0.008613,0.008613,26.951544,417.814855,445.370289,65
1906-04-01,-0.033588,-0.033588,-0.033588,26.046294,403.781256,430.411155,78
1906-05-01,0.034168,0.034168,0.034168,26.936256,417.577838,445.117641,79
1906-06-01,-0.020331,-0.020331,-0.020331,26.388619,409.088128,436.068023,85
1906-07-01,0.031371,0.031371,0.031371,27.216468,421.92182,449.748114,86
1906-08-01,0.008698,0.008698,0.030281,27.453195,425.591672,463.36686,91
1906-09-01,0.008698,0.008698,-0.008825,27.691982,429.293445,459.27751,51
1906-10-01,0.005419,0.005419,0.005419,27.842042,431.619751,461.766297,86
1906-11-01,-0.004926,-0.004926,-0.004926,27.704881,429.493417,459.491449,87
1906-12-01,-0.029391,-0.029391,-0.029391,26.8906,416.870064,445.986416,89
1907-01-01,-0.040786,-0.040786,-0.040786,25.793841,399.867614,427.796428,89
1907-02-01,-0.005972,-0.005972,-0.005972,25.639805,397.479689,425.241717,88
1907-03-01,-0.093633,-0.093633,-0.093633,23.239066,360.262364,385.424943,88
1907-04-01,0.030359,0.030359,0.030359,23.944579,371.199532,397.126019,86
1907-05-01,-0.040069,-0.040069,-0.040069,22.985139,356.325875,381.213509,88
1907-06-01,0.015115,0.015115,0.015115,23.332559,361.711726,386.975535,84
1907-07-01,-0.012944,-0.012944,-0.012944,23.030548,357.029816,381.966617,86
1907-08-01,-0.052075,-0.052075,-0.052075,21.831229,338.437441,362.075655,83
1907-09-01,-0.003086,-0.003086,-0.003086,21.76386,337.393058,360.958327,87
1907-10-01,-0.101244,-0.101244,-0.101244,19.560401,303.234049,324.413476,82
1907-11-01,0.029457,0.029457,0.029457,20.136583,312.166277,333.969577,64
1907-12-01,-0.015313,-0.015313,-0.015313,19.828222,307.385934,328.85535,87
1908-01-01,0.045599,0.045599,0.045599,20.732362,321.402315,343.850708,89
1908-02-01,-0.046852,-0.046852,-0.046852,19.761015,306.344063,327.74071,90
1908-03-01,0.049318,0.049318,0.049318,20.73558,321.452208,343.904085,87
1908-04-01,0.030689,0.030689,0.030689,21.371927,331.317143,354.458038,89
1908-05-01,0.028125,0.028125,0.028125,21.973005,340.635315,364.427039,91
1908-06-01,-0.003224,-0.003224,-0.003224,21.902156,339.536987,363.251999,88
1908-07-01,0.038132,0.038132,0.038132,22.737319,352.484045,377.103346,85
1908-08-01,0.010548,0.010548,0.010548,22.977147,356.20197,381.08095,78
1908-09-01,-0.005189,-0.005189,-0.005189,22.857917,354.353611,379.103492,90
1908-10-01,0.023683,0.023683,0.023683,23.39925,362.745601,388.081621,88
1908-11-01,0.063334,0.063334,0.063334,24.881222,385.719792,412.660449,80
1908-12-01,0.023808,0.023808,0.023808,25.473597,394.903052,422.485115,88
1909-01-01,-0.015687,-0.015687,-0.015687,25.073999,388.708315,415.857706,88
1909-02-01,0.001082,0.001082,0.001082,25.101122,389.128777,416.307534,90
1909-03-01,0.025887,0.025887,0.025887,25.75092,399.202233,427.084573,86
1909-04-01,0.043025,0.043025,0.043025,26.858851,416.377875,445.45985,87
1909-05-01,0.03162,0.03162,0.03162,27.70814,429.543939,459.5455,87
1909-06-01,-0.003994,-0.003994,-0.003994,27.597475,427.828356,457.710092,85
1909-07-01,0.009721,0.009721,0.009721,27.865745,431.987192,462.159402,88
1909-08-01,0.000427,0.000427,0.000427,27.877645,432.171671,462.356767,88
1909-09-01,0.007313,0.007313,0.007313,28.081505,435.332001,465.73783,87
1909-10-01,0.010471,0.010471,0.010471,28.375536,439.890214,470.614411,67
1909-11-01,0.019095,0.019095,0.019095,28.917356,448.289741,479.600605,84
1909-12-01,0.040506,0.040506,0.040506,30.088689,466.448262,499.027411,80
1910-01-01,-0.102841,-0.102841,-0.102841,26.99434,418.478289,447.706968,84
1910-02-01,0.0052,0.0052,0.0052,27.1347,420.654217,450.034874,86
1910-03-01,-0.011109,-0.011109,-0.011109,26.833258,415.981125,445.035389,89
1910-04-01,-0.026238,-0.026238,-0.026238,26.129214,405.066723,433.358669,74
1910-05-01,0.009152,0.009152,0.009152,26.368347,408.77386,437.324731,85
1910-06-01,-0.052888,-0.052888,-0.052888,24.973776,387.1546,414.195471,85
1910-07-01,-0.032488,-0.032488,-0.032488,24.162439,374.576899,400.739279,68
1910-08-01,0.021989,0.021989,0.021989,24.693755,382.813602,409.551275,79
1910-09-01,0.021977,0.021977,0.021977,25.23646,391.226851,418.552149,83
1910-10-01,0.019981,0.019981,0.019981,25.740707,399.043908,426.915189,77
1910-11-01,-0.025129,-0.025129,-0.025129,25.093861,389.016211,416.187106,82
1910-12-01,0.013178,0.013178,0.013178,25.424549,394.142694,421.67165,75
1911-01-01,0.029421,0.029421,0.029421,26.172561,405.738706,434.077587,88
1911-02-01,-0.000197,-0.000197,-0.000197,26.167409,405.658842,433.992145,85
1911-03-01,-0.004522,-0.004522,-0.004522,26.049092,403.82464,432.029832,86
1911-04-01,0.000151,0.000151,0.000151,26.053029,403.885661,432.095116,87
1911-05-01,0.017911,0.017911,0.017911,26.51967,411.119749,439.83447,85
1911-06-01,-0.001803,-0.001803,-0.001803,26.471846,410.378357,439.041295,85
1911-07-01,0.000662,0.000662,0.000662,26.489364,410.649924,439.331829,87
1911-08-01,-0.062787,-0.062787,-0.062787,24.826184,384.866564,411.747627,84
1911-09-01,-0.017871,-0.017871,-0.017871,24.382522,377.988731,404.389411,84
1911-10-01,0.013507,0.013507,0.013507,24.711864,383.094327,409.851607,64
1911-11-01,0.035136,0.035136,0.035136,25.580139,396.554721,424.252145,38
1911-12-01,0.015515,0.015515,0.015515,25.977007,402.707137,430.834278,81
1912-01-01,0.011002,0.011002,0.011002,26.2628,407.137625,435.574214,85
1912-02-01,-0.002033,-0.002033,-0.002033,26.209402,406.309827,434.688598,85
1912-03-01,0.027835,0.027835,0.027835,26.938933,417.61935,446.788036,82
1912-04-01,0.012004,0.012004,0.012004,27.26232,422.63263,452.151469,83
1912-05-01,-0.020889,-0.020889,-0.020889,26.692824,413.804049,442.706255,80
1912-06-01,0.015597,0.015597,0.015597,27.109163,420.258329,449.611335,87
1912-07-01,-0.007866,-0.007866,-0.007866,26.895922,416.952571,446.074686,86
1912-08-01,0.007875,0.007875,0.007875,27.107729,420.236099,449.587552,83
1912-09-01,0.005751,0.005751,0.005751,27.263623,422.652838,452.173089,84
1912-10-01,-0.02376,-0.02376,-0.02376,26.615831,412.610476,441.429317,84
1912-11-01,-0.004021,-0.004021,-0.004021,26.508812,410.951415,439.654378,83
1912-12-01,-0.019786,-0.019786,-0.019786,25.984311,402.820364,430.955413,82
1913-01-01,-0.032131,-0.032131,-0.032131,25.149409,389.877342,417.108383,83
1913-02-01,-0.035346,-0.035346,-0.035346,24.260479,376.096765,402.3653,79
1913-03-01,-0.005514,-0.005514,-0.005514,24.126707,374.022968,400.146658,83
1913-04-01,-0.032573,-0.032573,-0.032573,23.340835,361.840033,387.112804,80
1913-05-01,-0.022203,-0.022203,-0.022203,22.822601,353.806133,378.517776,80
1913-06-01,-0.028541,-0.028541,-0.028541,22.171224,343.7082,367.714551,81
1913-07-01,0.006863,0.006863,0.006863,22.323395,346.06722,370.238337,80
1913-08-01,0.020316,0.020316,0.020316,22.77691,353.097816,377.759986,85
1913-09-01,-0.003848,-0.003848,-0.003848,22.689269,351.739158,376.306432,82
1913-10-01,-0.042978,-0.042978,-0.042978,21.71413,336.622114,360.133536,80
1913-11-01,0.00428,0.00428,0.00428,21.807062,338.062795,361.674842,82
1913-12-01,0.019502,0.019502,0.002356,22.232346,344.655735,362.527092,56
1914-01-01,0.019502,0.019502,0.057124,22.665924,351.37725,383.235943,82
1914-02-01,-0.014818,-0.014818,-0.014818,22.330066,346.170629,377.557248,82
1914-03-01,-0.005518,-0.005518,-0.005518,22.206854,344.260552,375.473988,81
1914-04-01,-0.031355,-0.031355,-0.031355,21.51055,333.466127,363.700853,82
1914-05-01,0.005759,0.005759,0.005759,21.634422,335.386452,365.795291,66
1914-06-01,-0.087228,-0.087228,-0.087228,19.747291,306.131299,333.887629,65
1914-07-01,0.00501,0.00501,0.000588,19.846232,307.665139,334.083909,0
1914-08-01,0.00501,0.00501,0.000588,19.94567,309.206664,334.280303,0
1914-09-01,0.00501,0.00501,0.000588,20.045606,310.755912,334.476813,0
1914-10-01,0.00501,0.00501,0.000588,20.146042,312.312923,334.673439,0
1914-11-01,0.00501,0.00501,0.000588,20.246982,313.877735,334.87018,0
1914-12-01,0.00501,0.00501,0.000588,20.348427,315.450388,335.067037,47
1915-01-01,0.00501,0.00501,0.037687,20.450381,317.03092,347.694605,70
1915-02-01,-0.021427,-0.021427,-0.021427,20.012201,310.238052,340.244722,72
1915-03-01,0.031781,0.031781,0.031781,20.648206,320.097689,351.057997,78
1915-04-01,0.04487,0.04487,0.04487,21.574687,334.460408,366.809899,75
1915-05-01,-0.038008,-0.038008,-0.038008,20.754682,321.748335,352.868296,53
1915-06-01,0.022774,0.022774,0.022774,21.227343,329.075727,360.904404,81
1915-07-01,-0.014634,-0.014634,-0.014634,20.916704,324.260073,355.622972,82
1915-08-01,0.026203,0.026203,0.026203,21.464787,332.756697,364.941402,85
1915-09-01,0.034681,0.034681,0.034681,22.209215,344.297146,377.59806,65
1915-10-01,0.035381,0.035381,0.035381,22.995008,356.478861,390.958008,74
1915-11-01,0.012872,0.012872,0.012872,23.291007,361.067573,395.990546,87
1915-12-01,0.012433,0.012433,0.012433,23.580588,365.556789,400.913966,79
1916-01-01,-0.046563,-0.046563,-0.046563,22.482611,348.535461,382.246311,90
1916-02-01,-0.026055,-0.026055,-0.026055,21.896832,339.454449,372.286971,94
1916-03-01,0.007059,0.007059,0.007059,22.051403,341.850671,374.914959,92
1916-04-01,-0.002994,-0.002994,-0.002994,21.985386,340.827255,373.792556,86
1916-05-01,0.032122,0.032122,0.032122,22.691594,351.775198,385.7994,85
1916-06-01,-0.005326,-0.005326,-0.005326,22.570749,349.901816,383.744821,90
1916-07-01,-0.005124,-0.005124,-0.005124,22.455107,348.109083,381.778693,88
1916-08-01,0.007452,0.007452,0.007452,22.622439,350.703138,384.623649,89
1916-09-01,0.066363,0.066363,0.066363,24.123729,373.976792,410.148364,86
1916-10-01,0.038696,0.038696,0.038696,25.057211,388.448048,426.0193,84
1916-11-01,-0.015884,-0.015884,-0.015884,24.659207,382.278022,419.252501,79
1916-12-01,-0.031433,-0.031433,-0.031433,23.884102,370.262001,406.074273,86
1917-01-01,-0.011,-0.011,-0.011,23.621388,366.189284,401.607637,81
1917-02-01,-0.051227,-0.051227,-0.051227,22.411336,347.430524,381.034502,87
1917-03-01,0.026515,0.031425,0.029896,23.005563,358.34859,392.425905,85
1917-04-01,-0.037404,-0.042737,-0.041089,22.145072,343.033867,376.301707,83
1917-05-01,-0.024202,-0.023959,-0.024034,21.609112,334.815122,367.257514,84
1917-06-01,-0.011478,0.001028,-0.002836,21.361081,335.159318,366.215857,80
1917-07-01,-0.002138,-0.006258,-0.004994,21.315402,333.061867,364.387149,86
1917-08-01,-0.032061,-0.033549,-0.033089,20.632017,321.887816,352.329986,84
1917-09-01,-0.024363,-0.030498,-0.028597,20.12935,312.070965,342.254384,86
1917-10-01,-0.072047,-0.078656,-0.076597,18.679093,287.524794,316.038752,85
1917-11-01,-0.031965,-0.024702,-0.026973,18.082014,280.422348,307.514262,85
1917-12-01,0.010759,0.02722,0.022107,18.276566,288.055333,314.312631,83
1918-01-01,0.022838,0.055104,0.045185,18.693967,303.928238,328.514736,86
1918-02-01,-0.005446,-0.023867,-0.018321,18.592168,296.674469,322.496079,88
1918-03-01,-0.021416,-0.018481,-0.019366,18.193997,291.191673,316.250758,79
1918-04-01,0.005485,0.005485,0.005485,18.293785,292.788771,317.985297,54
1918-05-01,0.016347,0.016347,0.016347,18.592827,297.574885,323.18329,89
1918-06-01,0.020268,0.053543,0.043364,18.969669,313.507959,337.197954,87
1918-07-01,-0.005847,-0.005847,-0.005847,18.858762,311.67502,335.22651,54
1918-08-01,-0.012043,-0.012043,-0.012043,18.631655,307.921668,331.189539,77
1918-09-01,-0.008067,-0.018537,-0.015417,18.481356,302.213689,326.083561,76
1918-10-01,0.042916,0.039677,0.040638,19.274502,314.204526,339.334804,71
1918-11-01,-0.022953,-0.012614,-0.015694,18.832086,310.241265,334.009114,82
1918-12-01,-0.00152,-0.005133,-0.007669,18.803466,308.648896,331.447619,65
1919-01-01,-0.00152,-0.005133,-0.009439,18.774889,307.064701,328.319113,83
1919-02-01,0.029463,0.051125,0.044585,19.328053,322.763423,342.957363,78
1919-03-01,0.007215,0.029745,0.023083,19.467499,332.364143,350.87386,76
1919-04-01,0.021633,0.028478,0.026504,19.888642,341.829305,360.1735,79
1919-05-01,0.098834,0.128414,0.120381,21.854322,385.725004,403.531693,55
1919-06-01,0.013628,0.027045,0.023461,22.152154,396.156884,412.998757,75
1919-07-01,0.001503,-0.009331,-0.006279,22.185445,392.460449,410.405368,80
1919-08-01,-0.05528,-0.05528,-0.05528,20.959036,370.765274,387.7182,77
1919-09-01,0.017426,0.017426,0.017426,21.32427,377.226259,394.474608,79
1919-10-01,0.032274,0.141638,0.111999,22.012489,430.655948,438.655209,67
1919-11-01,-0.068391,-0.095064,-0.088494,20.507042,389.716088,399.836837,73
1919-12-01,0.002955,0.002955,0.002955,20.567638,390.867647,401.018302,70
1920-01-01,-0.023772,-0.023772,-0.023772,20.078711,381.576076,391.485432,62
1920-02-01,-0.029601,-0.029601,-0.029601,19.484359,370.281008,379.897037,79
1920-03-01,0.090389,0.207761,0.175506,21.245523,447.210819,446.571282,81
1920-04-01,-0.09067,-0.135031,-0.12392,19.31919,386.823453,391.231971,80
1920-05-01,-0.077523,-0.029761,-0.025665,17.821501,375.311244,381.190945,66
1920-06-01,-0.00487,-0.04202,-0.034161,17.734709,359.540577,368.168906,84
1920-07-01,0.00385,-0.024888,-0.018401,17.80298,350.592425,361.394344,80
1920-08-01,0.00497,-0.010802,-0.007226,17.891452,346.805178,358.782961,78
1920-09-01,0.021378,-0.041209,-0.02668,18.27393,332.513729,349.21076,77
1920-10-01,-0.003295,0.005174,0.003101,18.213714,334.234107,350.293532,82
1920-11-01,-0.077648,-0.075245,-0.075834,16.799456,309.084654,323.729318,81
1920-12-01,-0.029614,-0.045794,-0.041814,16.301962,294.930314,310.192779,86
1921-01-01,0.033809,0.037233,0.036372,16.853112,305.911433,321.475258,87
1921-02-01,-0.013684,-0.024831,-0.022033,16.622497,298.315487,314.392227,85
1921-03-01,-0.007433,-0.012317,-0.01108,16.498946,294.641184,310.908881,88
1921-04-01,0.01651,0.024368,0.022357,16.771348,301.821032,317.859973,91
1921-05-01,0.002021,-0.037782,-0.027665,16.805238,290.417536,309.066389,87
1921-06-01,-0.04954,-0.034283,-0.038182,15.972711,280.461255,297.265597,77
1921-07-01,0.026301,0.006338,0.011375,16.392813,282.238903,300.646951,87
1921-08-01,-0.047414,-0.042449,-0.04374,15.615572,270.258059,287.496599,83
1921-09-01,0.035607,0.035733,0.0357,16.171588,279.915056,297.760139,88
1921-10-01,-0.028416,-0.009404,-0.007915,15.712049,277.282777,295.403222,89
1921-11-01,0.071111,0.047564,0.046502,16.829343,290.471555,309.139993,85
1921-12-01,0.009933,-0.002497,0.000741,16.996507,289.746198,309.369155,85
1922-01-01,0.009145,-0.010733,-0.005495,17.151935,286.636489,307.669165,86
1922-02-01,0.060781,0.055923,0.057224,18.194445,302.666178,325.275093,87
1922-03-01,0.037184,0.054262,0.049679,18.870994,319.089555,341.434385,83
1922-04-01,0.030205,0.055505,0.04881,19.440997,336.80058,358.099826,82
1922-05-01,0.02494,0.040673,0.036585,19.925852,350.499234,371.201061,87
1922-06-01,0.00256,-0.002943,-0.001524,19.976872,349.467587,370.63537,88
1922-07-01,0.027736,0.027736,0.027736,20.530952,359.160451,380.915345,74
1922-08-01,0.042491,0.042491,0.042491,21.403335,374.421573,397.100857,75
1922-09-01,-0.019332,-0.019332,-0.019332,20.989558,367.183135,389.423975,84
1922-10-01,-0.001649,-0.006885,-0.005542,20.954952,364.655155,387.265687,79
1922-11-01,-0.020168,-0.022567,-0.021946,20.532339,356.426086,378.76667,84
1922-12-01,-0.008816,0.027013,0.023136,20.35133,366.054187,387.529732,82
1923-01-01,0.001383,-0.009203,-0.006317,20.37947,362.6853,385.081778,80
1923-02-01,0.031607,0.041648,0.039442,21.023614,377.790562,400.270288,86
1923-03-01,-0.03086,-0.03058,-0.03058,20.374826,366.237811,388.030111,77
1923-04-01,-0.012487,-0.013399,-0.013399,20.12041,361.330595,382.8309,86
1923-05-01,-0.013909,-0.01274,-0.01274,19.840551,356.727186,377.953575,84
1923-06-01,-0.034287,-0.033567,-0.033567,19.160283,344.7528,365.266675,15
1923-07-01,-0.034287,-0.033567,-0.033567,18.50334,333.180363,353.005641,81
1923-08-01,0.035631,0.05144,0.048023,19.162628,350.319304,369.958191,79
1923-09-01,-0.011622,-0.027762,-0.023495,18.939915,340.593695,361.266175,83
1923-10-01,-0.002094,-0.000663,-0.000694,18.900247,340.36782,361.015379,86
1923-11-01,0.033986,0.032644,0.033294,19.542588,351.478886,373.035026,84
1923-12-01,0.019159,0.029077,0.027139,19.917002,361.698784,383.158968,83
1924-01-01,0.020895,0.022854,0.021548,20.333158,369.965111,391.41524,85
1924-02-01,-0.012597,-0.023357,-0.020715,20.077013,361.323921,383.30692,87
1924-03-01,0.00659,0.002534,0.003408,20.209328,362.23947,384.613352,83
1924-04-01,-0.004514,-0.008368,-0.007192,20.118112,359.208318,381.847123,84
1924-05-01,-0.015341,-0.017618,-0.016797,19.809478,352.879847,375.433317,83
1924-06-01,0.037696,0.032136,0.033904,20.556217,364.219881,388.161947,83
1924-07-01,0.043161,0.050847,0.049106,21.443449,382.739538,407.222966,86
1924-08-01,0.007413,0.012477,0.011908,21.602416,387.515039,412.072318,81
1924-09-01,0.017502,0.016299,0.015532,21.980507,393.831337,418.472681,85
1924-10-01,-0.004694,-0.016115,-0.013332,21.877337,387.484824,412.893789,80
1924-11-01,0.075284,0.075743,0.074793,23.524357,416.83428,443.775243,86
1924-12-01,0.010375,0.018371,0.016149,23.768427,424.49214,450.941842,75
1925-01-01,0.010874,0.031067,0.025204,24.026881,437.679968,462.307434,78
1925-02-01,0.036412,0.027664,0.029434,24.901754,449.787749,475.914835,80
1925-03-01,-0.06116,-0.059617,-0.059733,23.378752,422.972712,447.486849,82
1925-04-01,0.011921,0.016438,0.014994,23.657458,429.925486,454.196636,84
1925-05-01,0.045713,0.047255,0.046686,24.738918,450.241725,475.401473,77
1925-06-01,-0.00569,0.014531,0.010025,24.598162,456.784012,480.167383,79
1925-07-01,0.015889,0.020788,0.019038,24.989005,466.279749,489.308689,80
1925-08-01,0.023944,0.017598,0.019072,25.587349,474.485232,498.64088,79
1925-09-01,0.050668,0.088483,0.078776,26.883806,516.469121,537.922004,69
1925-10-01,0.055533,0.112925,0.099063,28.376736,574.791619,591.210352,69
1925-11-01,-0.001014,-0.051845,-0.0401,28.347969,544.991807,567.503109,78
1925-12-01,0.033113,0.03424,0.034604,29.286667,563.652244,587.141221,78
