canonical_code,canonical_name,namespace,sww_code,sww_name,icf_colid,icf_uid,icf_company,icf_industry,icf_obs,icf_first_year,icf_last_year,scl_names,scl_group,scl_issues,match_status,notes
B-0030,American Gold,SWW ICPSR 4053,B-0030,American Gold,ID20200011,12,American Coal co.,other,61,1858,1871,,,,,
B-0466,Cuba 6's 1860,SWW ICPSR 4053,B-0466,Cuba 6's 1860,,,,,,,,"New-York Sixes, 1862 | U. S. Sixes, 1868 | U. States Sixes, 1862 | U. States Sixes, 1863",other,18,weak - check,
B-0480,Del. and Hudson Canal Company Bonds,SWW ICPSR 4053,B-0480,Del. and Hudson Canal Company Bonds,,,,,,,,Del. & Hud. Canal Co. Bk. Scrip,other,2,probable,
B-0520,Eastern 6s 1874,SWW ICPSR 4053,B-0520,Eastern 6s 1874,,,,,,,,"New-York State Fives, 1858 | U. States Sixes, 1867",other,12,weak - check,
B-0540,Erie 7s 1859,SWW ICPSR 4053,B-0540,Erie 7s 1859,,,,,,,,"Ohio Sixes, 1859",other,0,weak - check,
B-0566,Galena and Chicago 7s,SWW ICPSR 4053,B-0566,Galena and Chicago 7s,,,,,,,,Ohio Sevens,other,6,weak - check,
B-0613,Hudson River R.R. 7s 1869,SWW ICPSR 4053,B-0613,Hudson River R.R. 7s 1869,ID20200178,170,Hudson River R.R.S'p,Transport,6,1849,1870,,,,,
B-0620,Illinois Central 6s,SWW ICPSR 4053,B-0620,Illinois Central 6s,ID20200408,2045,Illinois Central Rights,Others,5,1856,1857,Illinois Fund Bonds,other,7,weak - check,
B-0624,Illinois Central,SWW ICPSR 4053,B-0624,Illinois Central,,,,,,,,Illinois Int. Imp. Stock,other,1,weak - check,
B-0627,"Illinois Central 7, 1875",SWW ICPSR 4053,B-0627,"Illinois Central 7, 1875",,,,,,,,"Illinois Int. Imp. Stock, 1847",other,1,weak - check,
B-0720,"Lehigh Coal and Navigation 5s, 1840",SWW ICPSR 4053,B-0720,"Lehigh Coal and Navigation 5s, 1840",,,,,,,,"Corporation Fives, 1870",other,1,weak - check,
B-0856,Long Island R.R.,SWW ICPSR 4053,B-0856,Long Island R.R.,,,,,,,,Long Island R. R.,other,33,strong,
B-0910,Masonic 5s,SWW ICPSR 4053,B-0910,Masonic 5s,,,,,,,,Alabama Fives,other,1,weak - check,
B-0987,New Haven and New London,SWW ICPSR 4053,B-0987,New Haven and New London,ID20200419,2061,New Haven & New London RR,Transport,20,1851,1854,,,,,
B-1000,N. Orleans Corporation,SWW ICPSR 4053,B-1000,N. Orleans Corporation,,,,,,,,"Corporation Fives, 1858",other,1,weak - check,
B-1054,NY Central R.R.,SWW ICPSR 4053,B-1054,NY Central R.R.,ID20200272,280,New York Central R.R. Con (& Hu,Transport,691,1853,1925,,,,,also ICF ID20200283 (New York Central R.R. Scrip)
B-1060,New York Central 6s,SWW ICPSR 4053,B-1060,New York Central 6s,,,,,,,,Kentucky Sixes,other,7,weak - check,
B-1071,New York Life & Trusts,SWW ICPSR 4053,B-1071,New York Life & Trusts,,,,,,,,Farmers' Trust Co. | N. A. Trust & Bkg. Co. | Ohio Life & Trust Co.,other,43,"probable,weak - check",
B-1080,New-York and Erie R.R. (consol),SWW ICPSR 4053,B-1080,New-York and Erie R.R. (consol),,,,,,,,"Erie R. R. Bonds | Erie R. R. Bonds, Sevens",other,7,probable,
B-1086,NY and N. Haven 1860,SWW ICPSR 4053,B-1086,NY and N. Haven 1860,,,,,,,,N. York & N. Haven R. R. | New York & N. Haven R. R.,other,10,weak - check,
B-1088,Nicaragua Transit,SWW ICPSR 4053,B-1088,Nicaragua Transit,ID20200291,304,Nicaragua Transit Co.,Transport,86,1852,1865,,,,,
B-1120,Northern 6s 1864,SWW ICPSR 4053,B-1120,Northern 6s 1864,,,,,,,,"Ohio Sixes, 1856 | Ohio Sixes, 1860",other,21,weak - check,
B-1130,Northern 6s 1874,SWW ICPSR 4053,B-1130,Northern 6s 1874,,,,,,,,"Ohio Sixes, 1870",other,2,weak - check,
B-1154,Northern Indiana R.R. Bank,SWW ICPSR 4053,B-1154,Northern Indiana R.R. Bank,ID20200298,516,Northern Indiana RR,Transport,30,1852,1855,,,,,
B-1186,Ohio and Pennsylvania,SWW ICPSR 4053,B-1186,Ohio and Pennsylvania,ID20200304,937,Ohio & Pennsylvania RR,Transport,3,1850,1851,,,,,
B-1390,Philadelphia Gas 6s r. 1862,SWW ICPSR 4053,B-1390,Philadelphia Gas 6s r. 1862,,,,,,,,"United States Sixes, 1862",other,2,weak - check,
B-1404,Reading R.R. Mort,SWW ICPSR 4053,B-1404,Reading R.R. Mort,,,,,,,,Reading R. R.,other,27,probable,
B-1430,Reading 6s r. 1850,SWW ICPSR 4053,B-1430,Reading 6s r. 1850,,,,,,,,"Ohio Sixes, 1850",other,5,weak - check,
B-1550,Reading R.R. bonds,SWW ICPSR 4053,B-1550,Reading R.R. bonds,,,,,,,,Reading R. R. Bonds | Reading R. R. Mort. Bonds,other,21,"probable,strong",
B-1610,Rutland 6s 1855,SWW ICPSR 4053,B-1610,Rutland 6s 1855,,,,,,,,"New-York Fives, 1855 | U. States Sixes, 1856",other,3,weak - check,
B-1630,Rutland 7s 1st 1863,SWW ICPSR 4053,B-1630,Rutland 7s 1st 1863,,,,,,,,"U. S. States Sixes, 1863",other,1,weak - check,
B-1864,Tennessee Planters 9 1870,SWW ICPSR 4053,B-1864,Tennessee Planters 9 1870,,,,,,,,Tennessee Sixes,other,1,weak - check,
B-1870,Union Canal 6s,SWW ICPSR 4053,B-1870,Union Canal 6s,,,,,,,,N. O. Canal & Bkg. Co.,other,1,weak - check,
B-2040,Vermont Central 6s 1856,SWW ICPSR 4053,B-2040,Vermont Central 6s 1856,,,,,,,,"United States Sixes, 1856",other,5,weak - check,
B-2100,Water Loan,SWW ICPSR 4053,B-2100,Water Loan,,,,,,,,Farmers' Loan,other,24,weak - check,
B-2110,U.S. Water Company 5s,SWW ICPSR 4053,B-2110,U.S. Water Company 5s,,,,,,,,"U. S. States Fives, 1853 | U. S. Treasury Notes | U. States Fives, 1853",other,30,weak - check,
B-2120,U.S. Water Loan 1875,SWW ICPSR 4053,B-2120,U.S. Water Loan 1875,,,,,,,,"U. S. States Sixes, 1868 | United States Fives, 1853 | United States Sixes, 1867",other,6,weak - check,
B-2130,U.S. Water Loan 1886 coupon,SWW ICPSR 4053,B-2130,U.S. Water Loan 1886 coupon,,,,,,,,"U. States Fives, 1853, coupon | U. States Fives, 1853, coupons | U. States Sixes, coupons | United States Sixes, 1862, (coupons)",other,1,weak - check,
C-0020,"Albany 6s, WR",SWW ICPSR 4053,C-0020,"Albany 6s, WR",,,,,,,,"Canal Sixes, New",canal,1,weak - check,
C-0240,Boston 5s,SWW ICPSR 4053,C-0240,Boston 5s,,,,,,,,Fives | Seven per cent. do.,canal | city,1,weak - check,
C-0530,New York City 5s,SWW ICPSR 4053,C-0530,New York City 5s,,,,,,,,"City Loan New Fives | City Loan Old Fives | New Fives | Seven per cent, City Loan",city,37,"probable,weak - check",
C-0600,New York City 6s,SWW ICPSR 4053,C-0600,New York City 6s,,,,,,,,City Loan Sixes,city,35,strong,
C-1400,Portland 5.5s and 6s,SWW ICPSR 4053,C-1400,Portland 5.5s and 6s,,,,,,,,Old Fives,city,0,weak - check,
F-0050,American Exchange Bank,SWW ICPSR 4053,F-0050,American Exchange Bank,ID20200012,13,American Exchange Bank,Bank,313,1838,1871,American Exchange Bank,other,1,strong,"also ICF ID20200386 (American Exchange Bank, scrip); also ICF ID20200013 (American Exchange Co.)"
F-0060,American Insurance and Trust Company,SWW ICPSR 4053,F-0060,American Insurance and Trust Company,ID20200016,541,American Life Insurance & Trust,Trust,57,1835,1853,,,,,
F-0080,"Atlantic Bank, Brooklyn",SWW ICPSR 4053,F-0080,"Atlantic Bank, Brooklyn",ID20200022,640,"Atlantic Bank, Brooklyn",Bank,62,1836,1855,,,,,
F-0150,Bank of America,SWW ICPSR 4053,F-0150,Bank of America,ID20200009,10,America,Bank,537,1815,1906,"America | America Bank | America, Bank of | Bank of America",bank | other,144,strong,
F-0170,Bank of Commerce,SWW ICPSR 4053,F-0170,Bank of Commerce,ID20200028,24,Bank of Commerce,Bank,332,1839,1871,Bank of Commerce,other,2,strong,
F-0180,Bank of Commerce Scrip,SWW ICPSR 4053,F-0180,Bank of Commerce Scrip,ID20200092,643,Commerce Scrip,Bank,89,1839,1849,,,,,"also ICF ID20200389 (Bank of Commerce, script)"
F-0210,Bank of Kentucky,SWW ICPSR 4053,F-0210,Bank of Kentucky,ID20200029,669,Bank of Kentucky,Bank,72,1835,1846,,,,,
F-0215,Bank of Louisiana,SWW ICPSR 4053,F-0215,Bank of Louisiana,,,,,,,,Louisiana Bank,other,1,strong,
F-0250,Bank of North America,SWW ICPSR 4053,F-0250,Bank of North America,ID20200030,742,Bank of North America ,Bank,124,1851,1871,,,,,
F-0290,Bank of the Commonwealth,SWW ICPSR 4053,F-0290,Bank of the Commonwealth,ID20200097,93,Commonwealth Bank,Bank,97,1853,1871,,,,,
F-0300,Bank of the State of New York,SWW ICPSR 4053,F-0300,Bank of the State of New York,ID20200347,737,State of New York,Bank,189,1849,1871,,,,,
F-0310,Bank of the United States,SWW ICPSR 4053,F-0310,Bank of the United States,ID20200366,406,United States,Bank,37,1849,1906,"BANKS, United States | Bank of the United States | Bank, United States' | United States Bank",bank | other,155,"probable,strong",
F-0400,Bowery,SWW ICPSR 4053,F-0400,Bowery,ID20200038,34,Bowery Bank,Bank,43,1848,1906,,,,,
F-0430,Broadway,SWW ICPSR 4053,F-0430,Broadway,ID20200040,36,Broadway Bank,Bank,38,1850,1906,,,,,
F-0460,Butchers and Drovers,SWW ICPSR 4053,F-0460,Butchers and Drovers,ID20200050,45,Butchers' & Drovers',Bank,161,1830,1871,,,,,
F-0492,Canal Bank,SWW ICPSR 4053,F-0492,Canal Bank,,,,,,,,Del. & Hud. Canal Co. Bank,other,1,weak - check,
F-0496,Central,SWW ICPSR 4053,F-0496,Central,ID20200061,56,Central Bank,Bank,3,1853,1867,,,,,
F-0540,Chemical,SWW ICPSR 4053,F-0540,Chemical,ID20200065,64,Chemical,Bank,173,1824,1853,,,,,
F-0580,Citizens Bank,SWW ICPSR 4053,F-0580,Citizens Bank,ID20200075,743,Citizen's Bank,Bank,15,1851,1906,,,,,
F-0600,City,SWW ICPSR 4053,F-0600,City,ID20200076,82,City,Bank,361,1815,1906,"Bank of City | Bank, City | City | City Bank",bank,116,strong,
F-0606,City Bank of Brooklyn,SWW ICPSR 4053,F-0606,City Bank of Brooklyn,ID20200077,800,City (Brooklyn),Bank,9,1850,1853,,,,,
F-0620,"Clinton Bank, Ohio",SWW ICPSR 4053,F-0620,"Clinton Bank, Ohio",ID20200086,490,"Clinton, Ohio",Bank,4,1835,1837,,,,,
F-0680,Commercial,SWW ICPSR 4053,F-0680,Commercial,ID20200093,91,Commercial,Bank,73,1834,1862,,,,,also ICF ID20200094 (Commercial (NO))
F-0730,Commercial Bank of Manchester,SWW ICPSR 4053,F-0730,Commercial Bank of Manchester,ID20200090,667,Commerc. Manchester,Bank,8,1836,1840,,,,,
F-0760,Commercial Bank of Natchez,SWW ICPSR 4053,F-0760,Commercial Bank of Natchez,ID20200091,676,Commerc. Natchez,Bank,3,1839,1839,,,,,
F-0770,"Commercial Bank Sciota, Ohio",SWW ICPSR 4053,F-0770,"Commercial Bank Sciota, Ohio",ID20200095,720,"Commercial (Sciota, OH)",Bank,9,1835,1842,,,,,
F-0804,Continental,SWW ICPSR 4053,F-0804,Continental,ID20200100,98,Continental Bank,Bank,176,1853,1871,,,,,
F-0807,Corn Exchange,SWW ICPSR 4053,F-0807,Corn Exchange,ID20200103,102,Corn Exchange Bank,Bank,96,1853,1871,,,,,
F-0820,Dry Dock,SWW ICPSR 4053,F-0820,Dry Dock,ID20200113,112,Dry Dock,Bank,188,1825,1852,,,,,
F-0856,East River,SWW ICPSR 4053,F-0856,East River,ID20200120,119,East River Bank,Bank,14,1853,1906,,,,,
F-0916,"Farmers and Citizens, Williamsburg",SWW ICPSR 4053,F-0916,"Farmers and Citizens, Williamsburg",ID20200131,866,Farmers' & Citizens' (W'burg),Bank,4,1853,1853,,,,,
F-0960,Farmers Loan and Trust Company,SWW ICPSR 4053,F-0960,Farmers Loan and Trust Company,ID20200133,129,Farmers' Trust,Bank,146,1835,1848,,,,,also ICF ID20200130 (Farmers Loan & Trust)
F-0996,Florence and Key Port Plank,SWW ICPSR 4053,F-0996,Florence and Key Port Plank,ID20200401,2032,Florence & Keyport Bank,Bank,23,1851,1853,,,,,also ICF ID20200402 (Florence & Keyport Joint Co); also ICF ID20200137 (Florence & Keyport)
F-1000,Franklin Bank,SWW ICPSR 4053,F-1000,Franklin Bank,ID20200140,135,Franklin,Bank,80,1818,1828,"Bank of Franklin | Bank, Franklin | Franklin | Franklin Bank",bank,66,strong,
F-1000T,"Franklin Bank, on time",SWW ICPSR 4053,F-1000T,,,,,,,,,"Franklin Bank, on time",bank,1,time bargain,
F-1020,"Franklin Bank, Cincinnati",SWW ICPSR 4053,F-1020,"Franklin Bank, Cincinnati",ID20200142,473,"Franklin, Cincinnati",Bank,52,1833,1847,,,,,
F-1050,Fulton,SWW ICPSR 4053,F-1050,Fulton,ID20200143,137,Fulton,Bank,97,1835,1906,,,,,
F-1060,"Fulton, new stock",SWW ICPSR 4053,F-1060,"Fulton, new stock",ID20200145,139,"Fulton, new stock",Bank,48,1828,1847,,,,,
F-1070,"Fulton, old stock",SWW ICPSR 4053,F-1070,"Fulton, old stock",ID20200146,140,"Fulton, old stock",Bank,110,1824,1835,,,,,
F-1110,Grand Gulf Company,SWW ICPSR 4053,F-1110,Grand Gulf Company,ID20200154,674,Grand Gulf RR&B Co.,Bank,16,1835,1839,,,,,
F-1130,Greenwich Bank,SWW ICPSR 4053,F-1130,Greenwich Bank,ID20200155,149,Greenwich,Bank,73,1830,1906,,,,,
F-1140,Grocers,SWW ICPSR 4053,F-1140,Grocers,ID20200157,477,Grocers',Bank,12,1851,1865,,,,,
F-1186,Hanover,SWW ICPSR 4053,F-1186,Hanover,ID20200164,158,Hanover Bank,Bank,157,1851,1871,,,,,
F-1190,Hide and Leather,SWW ICPSR 4053,F-1190,Hide and Leather,ID20200340,364,Shoe & Leather Bank,Bank,124,1853,1871,,,,,
F-1210,Hoboken,SWW ICPSR 4053,F-1210,Hoboken,ID20200169,784,Hoboken Bank,Bank,6,1824,1825,,,,,
F-1236,Irving,SWW ICPSR 4053,F-1236,Irving,ID20200184,180,Irving Bank,Bank,48,1851,1906,,,,,
F-1240,Jersey,SWW ICPSR 4053,F-1240,Jersey,ID20200188,183,Jersey,Bank,4,1824,1852,,,,,
F-1266,Knickerbocker,SWW ICPSR 4053,F-1266,Knickerbocker,ID20200190,185,Knickerbocker Bank,Bank,11,1852,1853,,,,,
F-1270,Lafayette Bank,SWW ICPSR 4053,F-1270,Lafayette Bank,ID20200193,548,Lafayette,Bank,50,1834,1842,,,,,
F-1280,Lafayette Bank of Cincinnati,SWW ICPSR 4053,F-1280,Lafayette Bank of Cincinnati,ID20200194,1186.1,Lafayette (Cincinnati),Bank,3,1849,1851,,,,,
F-1300,Leather Manufacturers,SWW ICPSR 4053,F-1300,Leather Manufacturers,ID20200198,192,Leather Manufacturers',Bank,150,1832,1871,Leather Manu. Bank,other,1,weak - check,
F-1330,Louisiana Protection and Lombard Bank,SWW ICPSR 4053,F-1330,Louisiana Protection and Lombard Bank,ID20200209,705,Louisiana Protection & Lombard,Bank,2,1825,1825,,,,,
F-1340,Louisiana State Bank,SWW ICPSR 4053,F-1340,Louisiana State Bank,ID20200208,628,Louis. State Bank,Bank,12,1825,1847,,,,,
F-1350,"Louisiana, $60 Scrip",SWW ICPSR 4053,F-1350,"Louisiana, $60 Scrip",ID20200210,458,"Louisiana,$60 Scrip",unknown,3,1827,1827,,,,,
F-1360,"Louisiana, full",SWW ICPSR 4053,F-1360,"Louisiana, full",ID20200211,553,"Louisiana,full",unknown,80,1827,1847,,,,,
F-1390,Manhattan Company,SWW ICPSR 4053,F-1390,Manhattan Company,ID20200216,208,Manhattan,Bank,448,1815,1906,"Bank of Manhattan | Bank, Manhattan | Manhattan | Manhattan Bank",bank | other,91,strong,
F-1440,Marine Bank,SWW ICPSR 4053,F-1440,Marine Bank,ID20200223,870,Marine,Bank,20,1853,1864,,,,,
F-1450,Market,SWW ICPSR 4053,F-1450,Market,ID20200226,885,Market,Bank,57,1853,1871,,,,,
F-1500,Mechanics,SWW ICPSR 4053,F-1500,Mechanics,ID20200234,223,Mechanics' ,Bank,481,1815,1871,"Bank of Mechanics | Bank, Mechanics | Mechanics | Mechanics' Bank",bank | other,121,strong,also ICF ID20200231 (Mechanics b'kg association)
F-1500T,"Mechanics Bank, on time",SWW ICPSR 4053,F-1500T,,,,,,,,,"Mechanics Bank, on time",bank,1,time bargain,
F-1506,"Mechanics, Brooklyn",SWW ICPSR 4053,F-1506,"Mechanics, Brooklyn",,,,,,,,Manufac'rg Com'y,bank,2,weak - check,
F-1510,Mechanics and Traders,SWW ICPSR 4053,F-1510,Mechanics and Traders,ID20200235,224,Mechanics' and Traders',Bank,78,1830,1869,,,,,"also ICF ID20200230 (Mechanics & Traders, NO)"
F-1580,Mercantile,SWW ICPSR 4053,F-1580,Mercantile,ID20200237,226,Mercantile Bank,Bank,10,1852,1906,,,,,
F-1590,Merchants,SWW ICPSR 4053,F-1590,Merchants,ID20200240,228,Merchants,Bank,319,1815,1906,"Bank of Merchants | Bank, Merchants | Merchants | Merchants' Bank",bank | other,100,strong,
F-1660,Merchants Exchange bank,SWW ICPSR 4053,F-1660,Merchants Exchange bank,ID20200242,231,Merchants' Exchange Bank,Bank,282,1831,1906,,,,,
F-1686,Metropolitan,SWW ICPSR 4053,F-1686,Metropolitan,ID20200245,234,Metropolitan Bank ,Bank,203,1851,1906,,,,,
F-1740,Morris Canal and Bank,SWW ICPSR 4053,F-1740,Morris Canal and Bank,ID20200259,256,Morris Canal & Banking Co.,Bank,73,1849,1857,,,,,
F-1766,Nassau,SWW ICPSR 4053,F-1766,Nassau,ID20200266,882,Nassau,Bank,85,1852,1906,,,,,
F-1770,National,SWW ICPSR 4053,F-1770,National,ID20200267,275,National,Bank,83,1849,1866,,,,,
F-1810,New Jersey Manufacturing and Banking Company,SWW ICPSR 4053,F-1810,New Jersey Manufacturing and Banking Company,,,,,,,,Manufacturing Company,bank,3,weak - check,
F-1930,New York,SWW ICPSR 4053,F-1930,New York,,,,,,,,"Bank of New-York | Bank, New-York | New-York | New-York Bank",bank | other,105,"probable,strong,weak - check",
F-1946,New York Exchange,SWW ICPSR 4053,F-1946,New York Exchange,ID20200285,741,New York Exchange Bank,Bank,5,1852,1866,,,,,
F-1950,New York Life Insurance and Trust Co,SWW ICPSR 4053,F-1950,New York Life Insurance and Trust Co,ID20200300,532,New York Life Ins & Trust,Trust,13,1849,1852,,,,,
F-1970,North American Trust and Banking Company,SWW ICPSR 4053,F-1970,North American Trust and Banking Company,ID20200294,537,North American Trust & Banking,Trust,41,1849,1853,,,,,
F-1990,North River,SWW ICPSR 4053,F-1990,North River,ID20200295,307,North River,Bank,43,1849,1870,"Bank of North River | Bank, North River | North River | North River Bank",bank | other,102,strong,
F-2020,Ocean,SWW ICPSR 4053,F-2020,Ocean,ID20200301,315,Ocean Bank,Bank,198,1850,1871,,,,,
F-2030,Ohio Life & Trust,SWW ICPSR 4053,F-2030,Ohio Life & Trust,ID20200201,196,Life Insurance & Trust Co.,Bank,83,1830,1842,,,,,
F-2046,Pacific,SWW ICPSR 4053,F-2046,Pacific,ID20200308,325,Pacific Bank,Bank,18,1850,1906,,,,,
F-2070,Peoples Bank,SWW ICPSR 4053,F-2070,Peoples Bank,ID20200316,333,Peoples' Bank,Bank,37,1851,1906,,,,,
F-2090,Phenix,SWW ICPSR 4053,F-2090,Phenix,ID20200317,335,Phenix,Bank,174,1849,1906,"Bank of Phenix | Bank, Phenix | Phenix | Phenix Bank",bank | other,83,strong,
F-2120,Pittsburg,SWW ICPSR 4053,F-2120,Pittsburg,,,,,,,,Vicksburg Bank,other,1,weak - check,
F-2150,Planters Tennessee,SWW ICPSR 4053,F-2150,Planters Tennessee,ID20200321,500,"Planters, Tennessee",Bank,2,1849,1850,,,,,
F-2186,Republic,SWW ICPSR 4053,F-2186,Republic,ID20200032,26,Bank of the Republic,Bank,110,1851,1871,,,,,
F-2260,Seventh Ward,SWW ICPSR 4053,F-2260,Seventh Ward,ID20200339,363,Seventh W. Bank,Bank,23,1849,1871,,,,,
F-2346,St. Nicholas,SWW ICPSR 4053,F-2346,St. Nicholas,ID20200346,372,St. Nicholas Bank,Bank,78,1853,1871,,,,,
F-2350,State Bank,SWW ICPSR 4053,F-2350,State Bank,ID20200433,2086,State Bank,Bank,21,1851,1853,,,,,
F-2410,Tradesmans,SWW ICPSR 4053,F-2410,Tradesmans,ID20200359,390,Tradesman's,Bank,34,1849,1871,,,,,
F-2444,U.S. Trust Company,SWW ICPSR 4053,F-2444,U.S. Trust Company,ID20200362,400,U.S. Trust Co.,nan,50,1853,1871,,,,,
F-2450,Union Bank,SWW ICPSR 4053,F-2450,Union Bank,ID20200363,401,Union,Bank,109,1849,1906,"Bank of Union | Bank, Union | Union | Union Bank",bank | other,72,strong,also ICF ID20200390 (Bank of the Union)
F-2500,U.S.,SWW ICPSR 4053,F-2500,U.S.,,,,,,,,U. S. Bank Script,bank,1,strong,
F-2510,Vicksburg Commerical and Railroad Bank,SWW ICPSR 4053,F-2510,Vicksburg Commerical and Railroad Bank,ID20200370,666,Vicksburg Com&RR Bank,Bank,3,1849,1850,,,,,
I-0010,Aetna,SWW ICPSR 4053,I-0010,Aetna,ID20200003,3,Aetna Insurance,Insurance,140,1824,1853,,,,,
I-0040,American,SWW ICPSR 4053,I-0040,American,ID20200010,1016,American ,Insurance,185,1815,1867,American | American Insurance | American Insurance Company | American Marine,insurance_marine,72,strong,also ICF ID20200015 (American Insurance)
I-0090,Associated Firemens,SWW ICPSR 4053,I-0090,Associated Firemens,,,,,,,,United Firemen Insurance Company,insurance_fire,0,weak - check,
I-0096,Astor,SWW ICPSR 4053,I-0096,Astor,ID20200021,433,Astor,Insurance,4,1852,1853,,,,,
I-0100,Atlantic Insurance,SWW ICPSR 4053,I-0100,Atlantic Insurance,ID20200023,19,Atlantic Insurance,Insurance,159,1824,1854,,,,,
I-0130,"Atlantic, Scrip",SWW ICPSR 4053,I-0130,"Atlantic, Scrip",ID20200024,672,"Atlantic,script",Insurance,6,1843,1844,,,,,
I-0210,Bowery,SWW ICPSR 4053,I-0210,Bowery,ID20200039,35,Bowery Insurance,Insurance,115,1833,1852,,,,,
I-0250,Brooklyn,SWW ICPSR 4053,I-0250,Brooklyn,ID20200046,40,Brooklyn Insurance,Insurance,35,1824,1861,,,,,
I-0290,Chatham Insurance,SWW ICPSR 4053,I-0290,Chatham Insurance,ID20200064,62,Chatham Insurance,Insurance,45,1822,1829,"Chatham Fire Insurance | Chatham Insurance | Fire Insurance, Chatham Insurance | Fire, Chatham Insurance",insurance_fire | other,23,strong,
I-0330,City,SWW ICPSR 4053,I-0330,City,ID20200079,83,City Insurance,Insurance,64,1833,1859,,,,,
I-0350,Clinton,SWW ICPSR 4053,I-0350,Clinton,ID20200085,466,Clinton,Insurance,3,1853,1853,,,,,
I-0380,Commercial Insurance Company,SWW ICPSR 4053,I-0380,Commercial Insurance Company,ID20200096,92,Commercial Insurance,Insurance,48,1832,1854,,,,,
I-0396,Continental,SWW ICPSR 4053,I-0396,Continental,ID20200099,97,Continental,Insurance,10,1853,1918,,,,,
I-0400,Contributionship,SWW ICPSR 4053,I-0400,Contributionship,ID20200101,100,Contributionship,Insurance,103,1824,1844,,,,,
I-0420,Dutchess,SWW ICPSR 4053,I-0420,Dutchess,ID20200115,115,Duchess Insurance,Insurance,17,1823,1829,,,,,
I-0430,Eagle Insurance,SWW ICPSR 4053,I-0430,Eagle Insurance,ID20200117,117,Eagle Insurance,Insurance,232,1815,1859,Eagle | Eagle Fire | Eagle Fire Insurance | Eagle Insurance Company,insurance_fire | insurance_marine,30,strong,
I-0440,East River,SWW ICPSR 4053,I-0440,East River,ID20200119,118,East River,Insurance,64,1835,1856,,,,,
I-0450,Eighth Ward,SWW ICPSR 4053,I-0450,Eighth Ward,ID20200123,121,Eighth Ward,Insurance,5,1838,1839,,,,,
I-0470,Empire City,SWW ICPSR 4053,I-0470,Empire City,ID20200124,122,Empire City,Insurance,4,1853,1854,,,,,
I-0480,Equitable,SWW ICPSR 4053,I-0480,Equitable,ID20200125,123,Equitable Insurance,Insurance,190,1823,1858,,,,,
I-0510,Farmers Loan,SWW ICPSR 4053,I-0510,Farmers Loan,ID20200129,128,Farmer's Loan Insurance,Insurance,149,1822,1850,"Farmers' Loan | Fire Insurance, Farmers' Loan | Fire, Farmers' Loan",insurance_fire,13,strong,
I-0520,Farmers Scrip,SWW ICPSR 4053,I-0520,Farmers Scrip,ID20200132,583,Farmers' Scrip,Insurance,7,1834,1835,,,,,
I-0580,"Fireman, new",SWW ICPSR 4053,I-0580,"Fireman, new",,,,,,,,Fireman,insurance_marine,0,strong,
I-0590,"Fireman, old",SWW ICPSR 4053,I-0590,"Fireman, old",ID20200135,440,"Firemen, old",Insurance,24,1817,1819,,,,,
I-0610,Firemans Insurance Company,SWW ICPSR 4053,I-0610,Firemans Insurance Company,ID20200134,130,Firemen Insurance,Insurance,170,1818,1850,,,,,
I-0630,Franklin,SWW ICPSR 4053,I-0630,Franklin,ID20200141,136,Franklin Insurance,Insurance,143,1818,1835,"FIRE, Franklin | Fire Insurance, Franklin | Franklin Fire | Franklin Fire Insurance",insurance_fire,102,strong,
I-0660,Fulton,SWW ICPSR 4053,I-0660,Fulton,ID20200144,138,Fulton Insurance,Insurance,85,1819,1853,"FIRE, Fulton | Fire Insurance, Fulton | Fulton | Fulton Fire",insurance_fire,49,strong,
I-0700,Globe Insurance,SWW ICPSR 4053,I-0700,Globe Insurance,ID20200151,145,Globe Insurance,Insurance,189,1815,1839,"FIRE, Globe | Fire Insurance, Globe | Globe | Globe Fire",insurance_fire | insurance_marine,93,strong,
I-0710,Greenwich,SWW ICPSR 4053,I-0710,Greenwich,ID20200156,150,Greenwich Insurance,Insurance,57,1824,1851,,,,,
I-0720,Grocers Insurance Company,SWW ICPSR 4053,I-0720,Grocers Insurance Company,ID20200158,151,Grocers',Insurance,11,1856,1870,,,,,
I-0734,Hanover,SWW ICPSR 4053,I-0734,Hanover,ID20200163,910,Hanover,Insurance,5,1854,1869,,,,,
I-0740,Hope,SWW ICPSR 4053,I-0740,Hope,ID20200171,163,Hope Insurance,Insurance,55,1821,1856,Hope | Hope Insurance | Hope Marine | Hope Marine Insurance,insurance_marine,71,strong,
I-0750,Howard,SWW ICPSR 4053,I-0750,Howard,ID20200174,167,Howard Insurance,Insurance,166,1825,1856,,,,,
I-0850,Jefferson,SWW ICPSR 4053,I-0850,Jefferson,ID20200187,182,Jefferson Insurance,Insurance,138,1824,1850,,,,,
I-0860,Knickerbocker,SWW ICPSR 4053,I-0860,Knickerbocker,ID20200189,184,Knickerbocker,Insurance,6,1846,1854,,,,,
I-0870,La Fayette,SWW ICPSR 4053,I-0870,La Fayette,ID20200191,1186,La Fayette,Insurance,93,1825,1847,,,,,
I-0920,Life and Fire,SWW ICPSR 4053,I-0920,Life and Fire,ID20200200,195,Life and Fire Insurance,Insurance,16,1824,1826,,,,,
I-0950,Lombard Association,SWW ICPSR 4053,I-0950,Lombard Association,ID20200203,199,Lombard Association,Insurance,10,1824,1825,,,,,
I-0960,Long Island,SWW ICPSR 4053,I-0960,Long Island,ID20200205,201,Long Island Insurance,Insurance,61,1833,1850,,,,,
I-0980,Manhattan Fire,SWW ICPSR 4053,I-0980,Manhattan Fire,ID20200219,211,Manhattan Insurance,Insurance,151,1821,1853,"FIRE, Manhattan | Fire Insurance, Manhattan | Manhattan Fire | Manhattan Fire Insurance",insurance_fire,88,strong,
I-1010,Marine and Fire Insurance Company,SWW ICPSR 4053,I-1010,Marine and Fire Insurance Company,,,,,,,,New-York Insurance Company,insurance_marine,2,weak - check,
I-1020,Marine Insurance,SWW ICPSR 4053,I-1020,Marine Insurance,,,,,,,,"Marine Insurance, New-York | New-York Marine Insurance",insurance_marine,64,probable,
I-1060,Mechanics,SWW ICPSR 4053,I-1060,Mechanics,ID20200232,221,Mechanics Insurance,Insurance,96,1820,1835,"FIRE, Mechanics' | Fire Insurance, Mechanics' | Mechanics' Fire | Mechanics' Fire Insurance",insurance_fire,98,strong,
I-1070,Mechanics Life and Coal,SWW ICPSR 4053,I-1070,Mechanics Life and Coal,ID20200233,474,Mechanics Life & Coal,Insurance,14,1823,1824,"FIRE, Mechanics Life & Coal | Fire Insurance, Mechanics Life & Coal | Mechanics Life & Coal | Mechanics Life & Coal Fire Insurance",insurance_fire,48,strong,
I-1080,Mercantile,SWW ICPSR 4053,I-1080,Mercantile,ID20200238,227,Mercantile Insurance,Insurance,90,1818,1859,"FIRE, Mercantile | Fire Insurance, Mercantile | Mercantile | Mercantile Fire",insurance_fire,105,strong,
I-1100,Merchants,SWW ICPSR 4053,I-1100,Merchants,ID20200241,229,Merchants Insurance ,Insurance,214,1819,1867,"FIRE, Merchants' | Fire Insurance, Merchants' | Merchants' Fire | Merchants' Fire Insurance",insurance_fire,98,strong,also ICF ID20200239 (Merchants)
I-1160,Mutual Fire,SWW ICPSR 4053,I-1160,Mutual Fire,,,,,,,,"FIRE, Mutual | Fire Insurance, Mutual | Mutual | Mutual Fire Insurance",insurance_fire | insurance_marine,90,strong,
I-1210,National,SWW ICPSR 4053,I-1210,National,ID20200268,276,National Insurance,Insurance,10,1849,1854,"MARINE, National | Marine Insurance, National | National | National Insurance",insurance_marine,117,strong,
I-1290,New York,SWW ICPSR 4053,I-1290,New York,ID20200275,1298,New York,Insurance(fire),130,1849,1871,"MARINE, New-York | New-York",insurance_marine,34,"strong,weak - check",
I-1310,New York Firemen,SWW ICPSR 4053,I-1310,New York Firemen,,,,,,,,Firemen | Firemen Insurance Company,insurance_marine,0,strong,
I-1320,New York Loan Company,SWW ICPSR 4053,I-1320,New York Loan Company,ID20200289,298,New York Insurance (marine),Insurance,2,1849,1850,,,,,
I-1350,New-York Fire,SWW ICPSR 4053,I-1350,New-York Fire,ID20200288,297,New York Insurance (fire),Insurance,2,1849,1849,,,,,
I-1360,Niagara,SWW ICPSR 4053,I-1360,Niagara,ID20200290,303,Niagara,Insurance,5,1851,1856,,,,,
I-1390,North American,SWW ICPSR 4053,I-1390,North American,ID20200293,306,North American,Insurance,11,1849,1906,,,,,
I-1400,North River Fire,SWW ICPSR 4053,I-1400,North River Fire,ID20200296,308,North River Insurance,Insurance,9,1849,1854,"Fire Insurance, North River | Fire, North River | North River Fire | North River Fire Insurance",insurance_fire,80,strong,
I-1410,Ocean,SWW ICPSR 4053,I-1410,Ocean,,,,,,,,"MARINE, Ocean | Marine Insurance, Ocean | Ocean | Ocean Insurance",insurance_marine,111,strong,
I-1420,Ohio Life and Trust,SWW ICPSR 4053,I-1420,Ohio Life and Trust,ID20200305,320,Ohio Life & Trust Co.,Insurance,94,1849,1857,,,,,
I-1440,Pacific Insurance Company,SWW ICPSR 4053,I-1440,Pacific Insurance Company,,,,,,,,"MARINE, Pacific | Marine Insurance, Pacific | Pacific | Pacific Insurance",insurance_marine,114,strong,
I-1446,Park,SWW ICPSR 4053,I-1446,Park,ID20200310,328,Park,Insurance,11,1853,1858,,,,,
I-1476,Peoples,SWW ICPSR 4053,I-1476,Peoples,ID20200315,538,People's Ins.,Insurance,5,1851,1853,,,,,
I-1500,Phoenix Fire Insurance,SWW ICPSR 4053,I-1500,Phoenix Fire Insurance,,,,,,,,Phenix | Phoenix | Phoenix Insurance Company,insurance_marine,4,strong,
I-1666,Stuyvesant,SWW ICPSR 4053,I-1666,Stuyvesant,ID20200349,897,Stuvysant,Insurance,2,1857,1857,,,,,
I-1760,Union,SWW ICPSR 4053,I-1760,Union,,,,,,,,"MARINE, Union | Marine Insurance, Union | Union Insurance | Union Marine",insurance_marine,106,strong,
I-1790,United,SWW ICPSR 4053,I-1790,United,,,,,,,,United | United Insurance Company,insurance_marine,0,strong,
I-1800,United States Insurance Company,SWW ICPSR 4053,I-1800,United States Insurance Company,ID20200367,407,United States Insurance,Insurance,3,1852,1853,"MARINE, United per share | United Insurance, per share | United Marine Insurance, per share | United Marine, per share",insurance_marine,0,probable,
I-1860,Washington,SWW ICPSR 4053,I-1860,Washington,ID20200373,413,Washington Insurance,Insurance,5,1851,1854,"FIRE, Washington | Fire Insurance, Washington | Washington | Washington Fire",insurance_fire | insurance_marine,76,strong,also ICF ID20200372 (Washington)
I-1930,Williamsburg,SWW ICPSR 4053,I-1930,Williamsburg,ID20200381,424,Williamsburg,Insurance,3,1851,1906,,,,,
M-0040,American Land Company,SWW ICPSR 4053,M-0040,American Land Company,ID20200489,2169,American Guano Co.,Other,4,1858,1859,,,,,
M-0100,Atlantic Mills,SWW ICPSR 4053,M-0100,Atlantic Mills,ID20200443,2102,Atlantic Mail SSCo.,Other,56,1860,1871,,,,,
M-0440,Boston Copper Mining Company,SWW ICPSR 4053,M-0440,Boston Copper Mining Company,ID20200403,2034,Fulton Copper Mining Company,Mining,2,1853,1854,,,,,
M-0610,Brooklyn Gas Light Company,SWW ICPSR 4053,M-0610,Brooklyn Gas Light Company,ID20200045,39,Brooklyn Gas Co.,Utility,13,1825,1918,,,,,
M-0660,Canton Company,SWW ICPSR 4053,M-0660,Canton Company,,,,,,,,Canton Co. | Canton Co. Scrip,other,32,strong,
M-0720,Carey Improvement Company,SWW ICPSR 4053,M-0720,Carey Improvement Company,ID20200058,53,Cary Improvement Co.,other,37,1852,1871,,,,,
M-0765,Chester County,SWW ICPSR 4053,M-0765,Chester County,,,,,,,,"U. States Bounty, Scrip",other,1,weak - check,
M-0885,Crystal Palace,SWW ICPSR 4053,M-0885,Crystal Palace,ID20200104,103,Crystal Palace,other,18,1852,1854,,,,,
M-0900,Cumberland Coal,SWW ICPSR 4053,M-0900,Cumberland Coal,ID20200107,106,Cumberland Coal Co.,Mining,82,1852,1870,,,,,
M-0915,Dauphan Coal Company,SWW ICPSR 4053,M-0915,Dauphan Coal Company,ID20200108,108,Dauphin Coal Co.,Mining,18,1851,1853,,,,,
M-0990,East Boston Company,SWW ICPSR 4053,M-0990,East Boston Company,ID20200118,645,East Boston Co.,unknown,23,1844,1851,,,,,
M-1220,Gas Company,SWW ICPSR 4053,M-1220,Gas Company,ID20200150,144,Gas Company,Utility,6,1823,1824,,,,,
M-1420,Indiana Land Company,SWW ICPSR 4053,M-1420,Indiana Land Company,,,,,,,,Indiana State Fives | Indiana Two-and-a-Half per cent.,other,9,weak - check,
M-1596,Llanwyllen Mining,SWW ICPSR 4053,M-1596,Llanwyllen Mining,ID20200410,2048,Llangollen Mining,Mining,2,1853,1853,,,,,
M-1730,Manhattan Gas Light Co,SWW ICPSR 4053,M-1730,Manhattan Gas Light Co,ID20200217,209,Manhattan Gas Light Co.,Utility,195,1831,1871,,,,,
M-1740,Manhattan Gas Light Co Scrip,SWW ICPSR 4053,M-1740,Manhattan Gas Light Co Scrip,ID20200218,210,"Manhattan Gas Light Co., scrip",Utility,13,1850,1861,,,,,
M-1850,Merchants Exchange,SWW ICPSR 4053,M-1850,Merchants Exchange,ID20200243,232,Merchants' Exchange Co.,other,151,1826,1851,Mechanics Life & Coal,other,25,weak - check,
M-1957,Montgomery Zinc,SWW ICPSR 4053,M-1957,Montgomery Zinc,ID20200416,2058,Montgomery Zinc Mining Company,Mining,14,1852,1853,,,,,
M-2056,New Creek Coal,SWW ICPSR 4053,M-2056,New Creek Coal,ID20200269,279,New Creek Coal Co.,Mining,23,1852,1856,,,,,
M-2118,New-Jersey Mining Company,SWW ICPSR 4053,M-2118,New-Jersey Mining Company,ID20200274,831,New Jersey Zinc Co,Mining,72,1851,1864,,,,,also ICF ID20200261 (N.Jersey Expl.& Mining Co.)
M-2160,New York Gas Light Company,SWW ICPSR 4053,M-2160,New York Gas Light Company,ID20200286,294,New York Gas Light Co.,Utility,26,1849,1865,,,,,
M-2170,New York Union Line Steam Boat,SWW ICPSR 4053,M-2170,New York Union Line Steam Boat,,,,,,,,"United States Bounty, Scrip",other,1,weak - check,
M-2236,North Carolina Copper,SWW ICPSR 4053,M-2236,North Carolina Copper,ID20200422,2068,North Carolina Copper Company,MIning,2,1857,1857,,,,,
M-2366,Parker Vein Coal,SWW ICPSR 4053,M-2366,Parker Vein Coal,ID20200312,330,Parker Vein Coal Co.,Mining,19,1852,1854,,,,,
M-2506,Potomac Copper,SWW ICPSR 4053,M-2506,Potomac Copper,ID20200431,2081,Potomac Copper Co.,Other,14,1853,1854,,,,,
M-2786,St. Lawrence Mining Co,SWW ICPSR 4053,M-2786,St. Lawrence Mining Co,ID20200432,2085,St Lawrence  Mining Company,MIning,12,1852,1853,,,,,
M-2930,"Toltec Copper Company, Boston",SWW ICPSR 4053,M-2930,"Toltec Copper Company, Boston",ID20200437,2090,Toltec Copper Co.,Mining,1,1854,1854,,,,,
M-3156,Williamsburg Gas,SWW ICPSR 4053,M-3156,Williamsburg Gas,ID20200382,507,Williamsburg Gas Light Co,Utility,3,1853,1853,,,,,
S-1510,New York 6s,SWW ICPSR 4053,S-1510,New York 6s,,,,,,,,N. Y. State Sixes,state,67,strong,
S-1700,New York Canal 5s,SWW ICPSR 4053,S-1700,New York Canal 5s,,,,,,,,N. Y. Canal Fives | N.Y. State Canal Fives,canal,54,strong,
S-1850,New York Canal 6s,SWW ICPSR 4053,S-1850,New York Canal 6s,,,,,,,,"N. Y. Canal Sixes | N.Y. Canal Sixes, New | N.Y. Canal Sixes, Old | N.Y. State Canal Sixes",canal,50,"probable,strong",
S-1857,"New York Canal 6s, old scrip",SWW ICPSR 4053,S-1857,"New York Canal 6s, old scrip",,,,,,,,"Canal Sixes, Old",canal,1,weak - check,
S-2160,Ohio 7s,SWW ICPSR 4053,S-2160,Ohio 7s,,,,,,,,Sevens,state,2,weak - check,
S-2190,Ohio Canal 5s,SWW ICPSR 4053,S-2190,Ohio Canal 5s,,,,,,,,Canal Fives | Canal Sixes,canal,8,"probable,weak - check",
T-0010,Albany and Schenectady,SWW ICPSR 4053,T-0010,Albany and Schenectady,,,,,,,,Utica & Schenectady R. R.,other,5,weak - check,
T-0060,Auburn and Rochester R.R.,SWW ICPSR 4053,T-0060,Auburn and Rochester R.R.,ID20200025,21,Auburn & Rochester,Transport,71,1841,1853,Auburn & Rochester R. R.,other,5,strong,
T-0070,Auburn and Syracuse R.R.,SWW ICPSR 4053,T-0070,Auburn and Syracuse R.R.,ID20200026,22,Auburn & Syracuse R.R.,Transport,55,1836,1850,,,,,
T-0080,Baltimore and Ohio R.R.,SWW ICPSR 4053,T-0080,Baltimore and Ohio R.R.,ID20200027,23,Baltimore & Ohio R.R.,Transport,31,1849,1918,,,,,
T-0280,Boston and Providence R.R.,SWW ICPSR 4053,T-0280,Boston and Providence R.R.,ID20200035,1031,Boston & Providence RR,Transport,125,1832,1867,,,,,
T-0310,"Boston and Worcester R.R., old",SWW ICPSR 4053,T-0310,"Boston and Worcester R.R., old",ID20200036,32,Boston & Worcester R. Road,Transport,60,1833,1867,,,,,
T-0370,Brooklyn and Jamaica R.R.,SWW ICPSR 4053,T-0370,Brooklyn and Jamaica R.R.,ID20200042,37,Brooklyn & Jam. R. Road,Transport,29,1833,1845,,,,,
T-0386,Buffalo and State Line R.R.,SWW ICPSR 4053,T-0386,Buffalo and State Line R.R.,ID20200049,44,Buff. & State L. R.,Transport,11,1855,1865,,,,,
T-0420,Camden and Amboy Rail Road,SWW ICPSR 4053,T-0420,Camden and Amboy Rail Road,ID20200053,48,Camden and Amboy Railroad,Transport,52,1830,1867,,,,,
T-0430,Canajoharie and Cattskill Rail Road,SWW ICPSR 4053,T-0430,Canajoharie and Cattskill Rail Road,ID20200055,50,Canajoharie & Catskill R. Rd.,Transport,16,1831,1832,,,,,
T-0560,Chicago and Rock Island,SWW ICPSR 4053,T-0560,Chicago and Rock Island,ID20200073,76,Chicago & Rock Island R.R.,Transport,273,1854,1897,,,,,
T-0584,"Cincin., Hamilton, and Dayton R.R.",SWW ICPSR 4053,T-0584,"Cincin., Hamilton, and Dayton R.R.",ID20200074,79,"Cincinnati,Hamilton & Dayton R.",Transport,15,1853,1869,,,,,
T-0587,"Cleveland, Columbus, Cincinnati",SWW ICPSR 4053,T-0587,"Cleveland, Columbus, Cincinnati",ID20200084,88,"Cleveland,Columbus&Cincinnati R",Transport,132,1853,1868,,,,,"also ICF ID20200082 (Cleveland, Columbus & Cincinnat)"
T-0600,Cleveland and Pittsburgh,SWW ICPSR 4053,T-0600,Cleveland and Pittsburgh,ID20200080,85,Cleveland & Pittsburg RR,Transport,264,1853,1880,,,,,
T-0610,Cleveland and Toledo,SWW ICPSR 4053,T-0610,Cleveland and Toledo,ID20200081,86,Cleveland & Toledo R.R.,Transport,173,1853,1869,,,,,
T-0696,Chemung,SWW ICPSR 4053,T-0696,Chemung,ID20200066,65,Chemung R.R.,Transport,10,1849,1853,,,,,
T-0710,Delaware & Hudson Canal,SWW ICPSR 4053,T-0710,Delaware & Hudson Canal,ID20200110,109,Del & Hudson Canal Co.,Transport,1044,1824,1925,,,,,
T-0820,Eastern R.R.,SWW ICPSR 4053,T-0820,Eastern R.R.,ID20200377,418,Western R.R.,Transport,15,1849,1851,,,,,
T-0840,Erie R.R.,SWW ICPSR 4053,T-0840,Erie R.R.,,,,,,,,Erie R. R. | Erie R. R. Scrip | Erie R. R. new stock | N. Y. & Erie R. R.,other,32,"probable,strong",
T-0950,Galena and Chicago,SWW ICPSR 4053,T-0950,Galena and Chicago,ID20200147,141,Galena & Chicago R.R.,Transport,94,1853,1864,,,,,
T-0990,Harlem preferred,SWW ICPSR 4053,T-0990,Harlem preferred,ID20200165,159,Harlem R.R. Preferred,Transport,160,1849,1871,Harlem R. R. preferred,other,0,probable,also ICF ID20200407 (Harlem preffered full)
T-1000,Harlem Rail Road,SWW ICPSR 4053,T-1000,Harlem Rail Road,ID20200166,160,Harlem Rail Road,Transport,410,1831,1871,,,,,
T-1010,Harlem R.R. Scrip,SWW ICPSR 4053,T-1010,Harlem R.R. Scrip,ID20200167,625,Harlem Scrip,Transport,6,1835,1836,Harlem R. R.,other,37,strong,
T-1050,Housatonic,SWW ICPSR 4053,T-1050,Housatonic,ID20200172,164,Housatonic R.R.,Transport,14,1844,1854,Housatonic R. R. | Housatonic R. R. Scrip,other,2,probable,
T-1060,Housatonic new,SWW ICPSR 4053,T-1060,Housatonic new,ID20200173,165,"Housatonic R.R., new",Transport,23,1845,1852,,,,,
T-1080,Hudson River,SWW ICPSR 4053,T-1080,Hudson River,ID20200177,169,Hudson River R.R.,Transport,233,1847,1869,Hudson River R. R.,other,2,probable,
T-1100,Illinois Central,SWW ICPSR 4053,T-1100,Illinois Central,ID20200179,175,Illinois Central R.R.,Transport,711,1853,1925,,,,,
T-1110,Ithaca and Owego Rail Road,SWW ICPSR 4053,T-1110,Ithaca and Owego Rail Road,ID20200185,591,Ithaca & Oswego Rail Road,Transport,11,1831,1835,,,,,
T-1130,La Crosse and Milwaukee,SWW ICPSR 4053,T-1130,La Crosse and Milwaukee,ID20200192,187,Lacrosse & Milwaukee R.R.,Transport,40,1856,1860,,,,,
T-1150,Little Miami,SWW ICPSR 4053,T-1150,Little Miami,ID20200202,198,Little Miami R.R.,Transport,54,1852,1866,,,,,
T-1170,Long Island R.R.,SWW ICPSR 4053,T-1170,Long Island R.R.,ID20200206,202,Long Island Rail Road,Transport,221,1835,1906,,,,,
T-1310,Michigan Central,SWW ICPSR 4053,T-1310,Michigan Central,ID20200250,240,Michigan Central R.R. (5/75),Transport,769,1850,1925,,,,,
T-1320,Michigan Southern,SWW ICPSR 4053,T-1320,Michigan Southern,ID20200249,238,Michigan & Southern R.R.,Transport,47,1850,1869,,,,,
T-1326,Mich. Southern Construction Stock/R.R.,SWW ICPSR 4053,T-1326,Mich. Southern Construction Stock/R.R.,ID20200414,2056,Michigan Southern Construction,Transport,14,1853,1855,,,,,
T-1390,Mohawk Rail Rd,SWW ICPSR 4053,T-1390,Mohawk Rail Rd,ID20200257,254,Mohawk Railroad,Transport,28,1849,1853,Mohawk R. R.,other,3,probable,
T-1420,Morris Canal,SWW ICPSR 4053,T-1420,Morris Canal,,,,,,,,Morris Canal Co.,other,26,strong,
T-1430,N.H. and Hartford R.R.,SWW ICPSR 4053,T-1430,N.H. and Hartford R.R.,ID20200260,263,N.H. & Hartford R.R.,Transport,106,1849,1914,N. Haven & Hart. R. R.,other,3,probable,
T-1530,New Jersey,SWW ICPSR 4053,T-1530,New Jersey,ID20200273,281,New Jersey R.,Transport,140,1849,1871,,,,,
T-1560,New York and New Haven,SWW ICPSR 4053,T-1560,New York and New Haven,ID20200281,945,New York & New Haven RR,Transport,70,1849,1869,,,,,
T-1610,New-York and Erie R.R.,SWW ICPSR 4053,T-1610,New-York and Erie R.R.,ID20200276,285,New York & Erie R.R.,Transport,18,1850,1853,,,,,
T-1620,New-York and Erie R.R. (new stock),SWW ICPSR 4053,T-1620,New-York and Erie R.R. (new stock),ID20200277,286,"New York & Erie R.R., new",Transport,4,1849,1850,,,,,
T-1626,"New-York and Erie, old",SWW ICPSR 4053,T-1626,"New-York and Erie, old",,,,,,,,SPECIE DOLLARS,other,1,weak - check,
T-1630,New-York and Erie R.R. scrip,SWW ICPSR 4053,T-1630,New-York and Erie R.R. scrip,ID20200420,2062,"New Jersey RR, scrip",Transport,5,1851,1871,,,,,
T-1740,Norwich and Wor. R.R. scrip,SWW ICPSR 4053,T-1740,Norwich and Wor. R.R. scrip,ID20200299,312,Norwich & Wor. R.R.,Transport,135,1849,1870,Nor. & Wor. R. R.,other,22,probable,"also ICF ID20200424 (Norwich & Wor. R.R., scrip); also ICF ID20200425 (Norwich & Wor. R.R., pref)"
T-1750,Norwich and Worcester R.R.,SWW ICPSR 4053,T-1750,Norwich and Worcester R.R.,,,,,,,,Norwich & Worcester R. R.,other,4,strong,
T-1790,Panama R.R. Company,SWW ICPSR 4053,T-1790,Panama R.R. Company,ID20200309,327,Panama R.R.,Transport,283,1850,1882,,,,,
T-1830,Paterson and Hudson Rail Road,SWW ICPSR 4053,T-1830,Paterson and Hudson Rail Road,ID20200313,331,Paterson Rail Road,Transport,6,1849,1853,,,,,
T-1870,Pennsylvania R.R.,SWW ICPSR 4053,T-1870,Pennsylvania R.R.,,,,,,,,Pennsylvania Fives,other,22,probable,
T-2000,Portsmouth Dry Dock,SWW ICPSR 4053,T-2000,Portsmouth Dry Dock,ID20200322,342,Portsmouth Drydock Company,Transport,54,1849,1856,,,,,
T-2070,Reading,SWW ICPSR 4053,T-2070,Reading,ID20200327,351,Reading,Transport,582,1849,1925,,,,,
T-2110,Rensselaer and Schen R.R.,SWW ICPSR 4053,T-2110,Rensselaer and Schen R.R.,,,,,,,,Utica & Schen. R. R. Scrip,other,0,weak - check,
T-2180,Rochester and Syracuse R.R.,SWW ICPSR 4053,T-2180,Rochester and Syracuse R.R.,ID20200330,354,Rochester & Syracuse R.R.,Transport,36,1850,1853,,,,,
T-2184,Rochester and Syracuse scrip,SWW ICPSR 4053,T-2184,Rochester and Syracuse scrip,ID20200329,353,"Roches. & Syrac. R.R., scrip",Transport,11,1851,1852,,,,,
T-2187,"Rochester, Lockport and Niagara Falls",SWW ICPSR 4053,T-2187,"Rochester, Lockport and Niagara Falls",ID20200331,921,"Rochester, Lockport & Niagara F",Transport,9,1852,1853,,,,,
T-2226,Rome and Watertown,SWW ICPSR 4053,T-2226,Rome and Watertown,ID20200334,356,Rome & Watertown R.R.,Transport,50,1853,1871,,,,,
T-2270,Saratoga and Washinton R.R.,SWW ICPSR 4053,T-2270,Saratoga and Washinton R.R.,ID20200336,549,Saratoga & Washington RR,Transport,7,1849,1853,,,,,
T-2316,Sixth Avenue,SWW ICPSR 4053,T-2316,Sixth Avenue,ID20200341,365,Sixth Avenue R.R.,Transport,79,1852,1871,,,,,
T-2322,Southern Pacific R.R.,SWW ICPSR 4053,T-2322,Southern Pacific R.R.,ID20200282,291,Northern Pacific,Transport,494,1854,1925,,,,,
T-2350,Stonington,SWW ICPSR 4053,T-2350,Stonington,ID20200348,375,Stonington R.R.,Transport,131,1849,1871,,,,,
T-2360,"Stonington, Preferred",SWW ICPSR 4053,T-2360,"Stonington, Preferred",ID20200434,2087,"Stonington RR, pref",Transport,2,1851,1851,,,,,
T-2400,Syracuse and Utica,SWW ICPSR 4053,T-2400,Syracuse and Utica,ID20200351,379,Syracuse & Utica R.R.,Transport,28,1849,1853,,,,,also ICF ID20200350 (Syracuse & Utica (full))
T-2416,Third Avenue,SWW ICPSR 4053,T-2416,Third Avenue,ID20200354,382,Third Avenue R.R.,Transport,46,1853,1918,,,,,
U-0010,United States 6 per cent stock of 1790,US federal (Bayley-anchored),,,,,,,,,,"Six pr cent. Old & Defer'd | U. S. Bank Script. | U.S. Six per cent, Old & Defer'd | U.S. Six per cent, War Loans",government,6,"federal (alias),probable,weak - check",
U-0030,"United States 6 per cent stock of 1790, old and deferred (quoted jointly)",US federal (Bayley-anchored),,,,,,,,,,"Six per cent, Old and Deferred | U.S. Six per cent, Old and Deferred",government,1,federal (alias),
U-0040,United States 3 per cent stock of 1790,US federal (Bayley-anchored),,,,,,,,,,Three per cent | U.S. Three per cent,government,79,federal (alias),
U-0050,United States 8 per cent loan of 1798,US federal (Bayley-anchored),,,,,,,,,,"U.S. Five per cent, 1824 | do War Loans",government,1,"federal (alias),weak - check",
U-0070,United States 6 per cent Louisiana stock,US federal (Bayley-anchored),,,,,,,,,,"U.S. Six per cent, Louisiana | do Louisiana",government,4,federal (alias),
U-0090,United States 6 per cent loan of 1812,US federal (Bayley-anchored),,,,,,,,,,"U.S. Six per cent, War Loans, 1812 | do. War Loans, 1812",government,72,federal (alias),
U-0100,United States sixteen-million loan of 1813,US federal (Bayley-anchored),,,,,,,,,,"U.S. Six per cent, War Loans, 1813 | do. do. 1813",government,81,federal (alias),
U-0110,United States 6 per cent loan of 1814,US federal (Bayley-anchored),,,,,,,,,,"U.S. Six per cent, 1814 | U.S. Six per cent, War Loans, 1814 | do. do. 1814",government,77,federal (alias),
U-0120,United States 6 per cent loan of March 1815,US federal (Bayley-anchored),,,,,,,,,,"U.S. Six per cent, 1815 | U.S. Six per cent, War Loans, 1815 | do. do. 1815",government,81,federal (alias),
U-0140,United States 7 per cent stock of 1815,US federal (Bayley-anchored),,,,,,,,,,"Seven per cent | U.S. Seven per cent | U.S. Seven per cent, War Loans",government,96,federal (alias),
U-0160,United States 5 per cent loan of 1820,US federal (Bayley-anchored),,,,,,,,,,"Five per cent, 1820 | U.S. Five per cent, 1820",government,6,federal (alias),
U-0170,United States exchanged 5 per cent stock of 1822,US federal (Bayley-anchored),,,,,,,,,,"1821 | Five per cent, 1821 | U.S. Five per cent, 1821 | do. 1821",government,15,federal (alias),
U-0200,United States Treasury Notes,US federal (Bayley-anchored),,,,,,,,,,Treasury Notes,government,0,federal (alias),
