year,sector,n_companies,ew_cap_ap,ew_income,ew_total,vw_cap_ap,vw_income,vw_total
1871,Banks,5,0.041729,0.080670,0.122399,,,
1871,Docks & Shipbuilding,2,0.732346,0.084919,0.817265,,,
1871,Entertainment,2,1.947118,0.042035,1.989153,,,
1871,Fire Insurance,3,0.231523,0.074603,0.306125,,,
1871,General Miscellaneous,1,0.120930,0.084070,0.204999,,,
1871,Marine Insurance,5,-0.038892,0.079083,0.040191,,,
1871,Steam Navigation,4,0.231264,0.030025,0.261289,,,
1871,Tugs & Lighters,1,0.494573,0.158798,0.653371,,,
1871,Utilities,2,0.311868,0.106679,0.418547,,,
1872,Banks,1,-0.596578,0.080684,-0.515894,,,
1872,Docks & Shipbuilding,1,0.001928,0.095422,0.097350,,,
1872,Fire Insurance,3,-0.121056,0.062137,-0.058919,,,
1872,Marine Insurance,6,0.523913,0.191234,0.715147,,,
1872,Steam Navigation,3,-0.199121,0.061593,-0.137528,,,
1872,Tugs & Lighters,1,0.440271,0.212910,0.653181,,,
1872,Utilities,2,-0.001054,0.081506,0.080452,,,
1873,Banks,1,1.209002,0.265080,1.474082,,,
1873,Docks & Shipbuilding,1,-0.082457,0.089516,0.007059,,,
1873,Fire Insurance,3,-0.130567,0.066117,-0.064450,,,
1873,General Miscellaneous,1,-0.454845,0.000000,-0.454845,,,
1873,Marine Insurance,6,-0.243763,0.059576,-0.184187,,,
1873,Steam Navigation,3,-0.285122,0.066026,-0.219096,,,
1873,Tugs & Lighters,1,-0.182677,0.166734,-0.015943,,,
1873,Utilities,3,-0.074152,0.075941,0.001789,,,
1873,Wharves & Godowns,1,-0.276507,0.074204,-0.202303,,,
1874,Banks,1,-0.291288,0.027793,-0.263495,,,
1874,Docks & Shipbuilding,2,-0.042218,0.051263,0.009045,,,
1874,Fire Insurance,3,0.003843,0.067042,0.070885,,,
1874,Marine Insurance,4,-0.123851,0.065524,-0.058327,,,
1874,Steam Navigation,4,-0.419307,0.024979,-0.394328,,,
1874,Tugs & Lighters,1,0.213191,0.103121,0.316312,,,
1874,Utilities,2,0.081601,0.041723,0.123325,,,
1874,Wharves & Godowns,1,-0.222314,0.034564,-0.187750,,,
1875,Banks,1,-0.047032,0.000000,-0.047032,,,
1875,Docks & Shipbuilding,2,-0.006957,0.104311,0.097354,,,
1875,Fire Insurance,3,0.095815,0.089716,0.185531,,,
1875,Marine Insurance,6,-0.086850,0.038924,-0.047926,,,
1875,Steam Navigation,2,-0.332961,0.042411,-0.290550,,,
1875,Utilities,2,-0.023484,0.075109,0.051625,,,
1875,Wharves & Godowns,1,0.034026,0.053855,0.087881,,,
1876,Banks,1,0.184139,0.030426,0.214565,,,
1876,Docks & Shipbuilding,2,-0.051791,0.104154,0.052363,,,
1876,Entertainment,1,-0.110091,0.000000,-0.110091,,,
1876,Fire Insurance,2,0.120946,0.086756,0.207702,,,
1876,Marine Insurance,6,-0.111905,0.038988,-0.072917,,,
1876,Steam Navigation,1,-0.093611,0.096132,0.002522,,,
1876,Utilities,2,-0.024945,0.062331,0.037386,,,
1876,Wharves & Godowns,1,-0.031811,0.051499,0.019688,,,
1877,Banks,1,0.278630,0.032534,0.311164,,,
1877,Docks & Shipbuilding,2,0.088510,0.054573,0.143083,,,
1877,Fire Insurance,2,0.089292,0.075145,0.164437,,,
1877,Marine Insurance,5,0.359650,0.056888,0.416538,,,
1877,Steam Navigation,2,-0.166897,0.583810,0.416913,,,
1877,Utilities,2,0.015693,0.035149,0.050843,,,
1877,Wharves & Godowns,1,-0.137899,0.041268,-0.096631,,,
1878,Banks,1,-0.404290,0.025471,-0.378819,-0.404290,0.025471,-0.378819
1878,Docks & Shipbuilding,2,0.010669,0.046646,0.057315,0.011048,0.046267,0.057315
1878,Fire Insurance,2,0.168420,0.070583,0.239003,0.184499,0.072736,0.257235
1878,Marine Insurance,5,-0.221410,0.064343,-0.157067,-0.309555,0.073760,-0.235795
1878,Steam Navigation,2,-0.076444,0.077946,0.001501,-0.142259,0.076499,-0.065760
1878,Utilities,2,0.527166,0.052001,0.579166,0.232165,0.041606,0.273771
1878,Wharves & Godowns,1,0.728696,0.057053,0.785749,0.728696,0.057053,0.785749
1879,Banks,1,0.658732,0.042582,0.701313,0.658732,0.042582,0.701313
1879,Docks & Shipbuilding,2,-0.039561,0.047015,0.007454,-0.036677,0.046588,0.009910
1879,Fire Insurance,2,0.057059,0.062790,0.119850,0.022433,0.064206,0.086639
1879,Marine Insurance,4,-0.073546,0.060768,-0.012778,-0.067706,0.060042,-0.007664
1879,Steam Navigation,2,-0.154172,0.104104,-0.050069,-0.120975,0.102146,-0.018829
1879,Tugs & Lighters,1,0.018057,0.032578,0.050635,0.018057,0.032578,0.050635
1879,Utilities,2,-0.057025,0.034465,-0.022559,-0.050370,0.034213,-0.016156
1879,Wharves & Godowns,1,0.014697,0.033599,0.048296,0.014697,0.033599,0.048296
1880,Banks,1,0.037173,0.032089,0.069262,0.037173,0.032089,0.069262
1880,Docks & Shipbuilding,2,-0.026468,0.047579,0.021110,-0.024979,0.046727,0.021749
1880,Fire Insurance,2,0.066082,0.049497,0.115580,0.062123,0.049556,0.111679
1880,Marine Insurance,5,-0.004145,0.064518,0.060373,-0.010419,0.061736,0.051318
1880,Steam Navigation,2,-0.302868,0.108023,-0.194845,-0.063261,0.074852,0.011591
1880,Tugs & Lighters,1,-0.072436,0.015459,-0.056977,-0.072436,0.015459,-0.056977
1880,Utilities,2,-0.053935,0.035331,-0.018604,-0.052467,0.034811,-0.017656
1880,Wharves & Godowns,1,0.036598,0.031994,0.068592,0.036598,0.031994,0.068592
1881,Banks,1,0.302758,0.037088,0.339846,0.302758,0.037088,0.339846
1881,Docks & Shipbuilding,2,-0.009717,0.049638,0.039922,-0.006723,0.048569,0.041846
1881,Fire Insurance,2,0.095208,0.075021,0.170229,0.080800,0.076334,0.157133
1881,Marine Insurance,5,0.095287,0.045235,0.140522,0.107136,0.048130,0.155267
1881,Steam Navigation,3,-0.054166,0.626413,0.572247,0.088213,0.106353,0.194566
1881,Tugs & Lighters,1,-0.071006,0.016891,-0.054115,-0.071006,0.016891,-0.054115
1881,Utilities,2,0.100229,0.041510,0.141738,0.107891,0.042681,0.150572
1881,Wharves & Godowns,1,0.157332,0.031279,0.188612,0.157332,0.031279,0.188612
1882,Banks,1,0.188040,0.028528,0.216568,0.188040,0.028528,0.216568
1882,Docks & Shipbuilding,2,0.262216,0.050298,0.312514,0.222163,0.048849,0.271012
1882,Fire Insurance,2,0.158087,0.067687,0.225774,0.167433,0.069397,0.236830
1882,General Mining,1,-0.859630,0.000000,-0.859630,-0.859630,0.000000,-0.859630
1882,General Miscellaneous,1,-0.662836,0.000000,-0.662836,-0.662836,0.000000,-0.662836
1882,Marine Insurance,5,-0.012666,0.039149,0.026483,0.013417,0.043117,0.056534
1882,Steam Navigation,2,-0.125871,1.143306,1.017435,-0.215735,0.368480,0.152746
1882,Tugs & Lighters,1,-0.109977,0.018164,-0.091814,-0.109977,0.018164,-0.091814
1882,Utilities,3,0.128874,0.025112,0.153986,0.254930,0.015600,0.270530
1882,Wharves & Godowns,2,0.245712,0.035788,0.281500,0.440987,0.033304,0.474291
1883,Banks,1,-0.080620,0.031852,-0.048768,-0.080620,0.031852,-0.048768
1883,Docks & Shipbuilding,2,-0.033324,0.040261,0.006938,-0.035620,0.040215,0.004594
1883,Fire Insurance,2,-0.737780,0.014139,-0.723641,-0.723854,0.015022,-0.708831
1883,Marine Insurance,6,-0.284405,0.028237,-0.256168,-0.221162,0.031557,-0.189606
1883,Steam Navigation,6,-0.085793,0.383367,0.297573,-0.073222,0.025309,-0.047914
1883,Tin Mining,1,1.349753,0.000000,1.349753,1.349753,0.000000,1.349753
1883,Tugs & Lighters,1,-0.024667,0.030800,0.006133,-0.024667,0.030800,0.006133
1883,Utilities,4,-0.205240,0.019437,-0.185802,-0.083828,0.012045,-0.071783
1883,Wharves & Godowns,3,-0.320381,0.024315,-0.296066,-0.055539,0.032797,-0.022742
1884,Banks,1,-0.513463,0.034788,-0.478674,-0.513463,0.034788,-0.478674
1884,Docks & Shipbuilding,2,0.138686,0.039998,0.178684,0.138054,0.040012,0.178066
1884,Fire Insurance,2,-0.029752,0.055281,0.025529,-0.018949,0.055012,0.036063
1884,Marine Insurance,6,-0.397306,0.030814,-0.366492,-0.471574,0.028896,-0.442678
1884,Steam Navigation,5,-0.175038,0.033477,-0.141562,-0.084367,0.009157,-0.075210
1884,Sugar,1,-0.533943,0.000000,-0.533943,-0.533943,0.000000,-0.533943
1884,Tin Mining,2,-0.878256,0.000000,-0.878256,-0.887940,0.000000,-0.887940
1884,Tugs & Lighters,1,-0.141474,0.020201,-0.121273,-0.141474,0.020201,-0.121273
1884,Utilities,4,-0.034545,0.017929,-0.016616,-0.242874,0.012615,-0.230259
1884,Wharves & Godowns,3,-0.352088,0.036971,-0.315117,-0.461744,0.023716,-0.438028
1885,Banks,1,1.079882,0.072166,1.152047,1.079882,0.072166,1.152047
1885,Docks & Shipbuilding,2,-0.020190,0.033393,0.013203,-0.019493,0.033367,0.013874
1885,Fire Insurance,2,0.047703,0.061092,0.108796,0.022026,0.057517,0.079543
1885,General Mining,1,-0.397426,0.042180,-0.355246,-0.397426,0.042180,-0.355246
1885,Marine Insurance,6,-0.081565,0.048317,-0.033248,-0.066057,0.051323,-0.014734
1885,Retail & Stores,1,-0.322104,0.056491,-0.265613,-0.322104,0.056491,-0.265613
1885,Steam Navigation,4,0.083256,0.056754,0.140010,0.189146,0.043664,0.232811
1885,Sugar,1,0.116534,0.000000,0.116534,0.116534,0.000000,0.116534
1885,Tin Mining,2,-0.514298,0.000000,-0.514298,-0.473993,0.000000,-0.473993
1885,Tugs & Lighters,1,-0.106773,0.022331,-0.084442,-0.106773,0.022331,-0.084442
1885,Utilities,3,0.393357,0.030574,0.423931,0.617041,0.027276,0.644316
1885,Wharves & Godowns,3,-0.003136,0.040460,0.037324,0.019308,0.031307,0.050615
1886,Banks,2,-0.027533,0.029544,0.002010,-0.040477,0.033130,-0.007347
1886,Docks & Shipbuilding,2,-0.006603,0.034350,0.027747,-0.006001,0.034128,0.028127
1886,Fire Insurance,2,0.060788,0.073012,0.133800,0.061255,0.072455,0.133710
1886,General Mining,1,0.203429,0.100286,0.303715,0.203429,0.100286,0.303715
1886,Marine Insurance,6,-0.159233,0.048146,-0.111087,-0.150281,0.054639,-0.095642
1886,Retail & Stores,1,-0.164285,0.083571,-0.080714,-0.164285,0.083571,-0.080714
1886,Steam Navigation,4,0.076661,0.064928,0.141588,-0.032257,0.077980,0.045723
1886,Sugar,1,-0.197714,0.000000,-0.197714,-0.197714,0.000000,-0.197714
1886,Tin Mining,1,-0.212370,0.000000,-0.212370,-0.212370,0.000000,-0.212370
1886,Tugs & Lighters,1,0.128215,0.050143,0.178358,0.128215,0.050143,0.178358
1886,Utilities,3,-0.067742,0.026551,-0.041191,-0.151767,0.017687,-0.134080
1886,Wharves & Godowns,3,0.052311,0.049294,0.101604,0.091995,0.038165,0.130161
1887,Banks,2,0.000862,0.028630,0.029492,-0.076639,0.027503,-0.049136
1887,Docks & Shipbuilding,2,-0.079300,0.031993,-0.047306,-0.080080,0.031733,-0.048347
1887,Fire Insurance,2,-0.154513,0.063508,-0.091005,-0.151447,0.062993,-0.088454
1887,General Mining,1,0.232340,0.046213,0.278553,0.232340,0.046213,0.278553
1887,Marine Insurance,6,-0.061928,0.057269,-0.004659,-0.086192,0.063130,-0.023061
1887,Retail & Stores,1,0.109106,0.092426,0.201532,0.109106,0.092426,0.201532
1887,Steam Navigation,4,-0.316188,0.044390,-0.271798,-0.156840,0.057598,-0.099242
1887,Sugar,1,-0.306809,0.000000,-0.306809,-0.306809,0.000000,-0.306809
1887,Tin Mining,1,-0.106170,0.000000,-0.106170,-0.106170,0.000000,-0.106170
1887,Tugs & Lighters,1,-0.024397,0.031613,0.007216,-0.024397,0.031613,0.007216
1887,Utilities,4,-0.000805,0.032237,0.031432,-0.018817,0.032696,0.013879
1887,Wharves & Godowns,3,-0.069182,0.047474,-0.021708,-0.120474,0.032712,-0.087762
1888,Banks,2,-0.003289,0.028909,0.025620,0.013859,0.029902,0.043761
1888,Docks & Shipbuilding,2,-0.265070,0.034012,-0.231058,-0.251495,0.033994,-0.217501
1888,Fire Insurance,4,-0.065571,0.082035,0.016464,-0.064367,0.080383,0.016016
1888,General Mining,1,-0.015282,0.033712,0.018430,-0.015282,0.033712,0.018430
1888,Marine Insurance,6,-0.024923,0.051784,0.026861,-0.007960,0.061152,0.053192
1888,Retail & Stores,1,-0.190913,0.074916,-0.115997,-0.190913,0.074916,-0.115997
1888,Steam Navigation,5,-0.022430,0.082307,0.059877,-0.042042,0.073754,0.031712
1888,Sugar,1,0.198648,0.000000,0.198648,0.198648,0.000000,0.198648
1888,Tin Mining,1,-0.351839,0.000000,-0.351839,-0.351839,0.000000,-0.351839
1888,Tugs & Lighters,2,-0.192687,0.028241,-0.164446,-0.205442,0.028150,-0.177292
1888,Utilities,4,0.241170,0.038272,0.279442,0.014578,0.033360,0.047938
1888,Wharves & Godowns,4,0.032931,0.042036,0.074967,0.226216,0.031717,0.257933
1889,Banks,2,0.098000,0.029258,0.127258,0.135369,0.029771,0.165140
1889,Docks & Shipbuilding,2,-0.191267,0.058571,-0.132695,-0.013046,0.052178,0.039131
1889,Fire Insurance,4,0.134943,0.081093,0.216036,0.165061,0.069967,0.235028
1889,Food & Beverage,1,0.061706,0.043166,0.104872,0.061706,0.043166,0.104872
1889,General Mining,1,0.376643,0.032777,0.409420,0.376643,0.032777,0.409420
1889,Marine Insurance,7,0.097291,0.062413,0.159704,0.170887,0.070783,0.241670
1889,Retail & Stores,1,0.191449,0.106379,0.297828,0.191449,0.106379,0.297828
1889,Steam Navigation,5,0.277941,0.087670,0.365611,0.228993,0.088857,0.317850
1889,Sugar,1,1.046473,0.000000,1.046473,1.046473,0.000000,1.046473
1889,Tugs & Lighters,2,-0.242015,0.023952,-0.218063,-0.429294,0.022567,-0.406727
1889,Utilities,5,0.194465,0.040188,0.234653,0.162027,0.027028,0.189055
1889,Wharves & Godowns,4,0.165285,0.046391,0.211676,-0.255952,0.022065,-0.233887
1890,Banks,2,-0.179044,0.026014,-0.153030,-0.148554,0.030172,-0.118382
1890,Docks & Shipbuilding,2,0.183501,0.151080,0.334581,-0.119106,0.056863,-0.062243
1890,Fire Insurance,4,-0.360852,0.067127,-0.293724,-0.314799,0.066644,-0.248155
1890,Food & Beverage,1,-0.219050,0.043215,-0.175835,-0.219050,0.043215,-0.175835
1890,General Mining,2,0.063347,0.020999,0.084346,0.063806,0.020987,0.084793
1890,General Miscellaneous,4,-0.279747,0.038133,-0.241614,-0.284732,0.021712,-0.263020
1890,Marine Insurance,6,-0.345843,0.057039,-0.288804,-0.328601,0.060896,-0.267705
1890,Retail & Stores,1,-0.414288,0.076827,-0.337461,-0.414288,0.076827,-0.337461
1890,Steam Navigation,5,-0.267274,0.076671,-0.190603,-0.313015,0.066176,-0.246839
1890,Sugar,1,-0.314956,0.000000,-0.314956,-0.314956,0.000000,-0.314956
1890,Tin Mining,2,-0.801462,0.000000,-0.801462,-0.797975,0.000000,-0.797975
1890,Tugs & Lighters,2,-0.297937,0.037944,-0.259994,-0.275929,0.046062,-0.229867
1890,Utilities,4,-0.192096,0.041082,-0.151015,-0.185364,0.021809,-0.163556
1890,Wharves & Godowns,4,-0.285805,0.034288,-0.251516,-0.308741,0.026692,-0.282050
1891,Banks,2,0.125512,0.027297,0.152809,0.055987,0.022860,0.078847
1891,Docks & Shipbuilding,1,0.223107,0.036693,0.259800,0.223107,0.036693,0.259800
1891,Fire Insurance,4,0.284472,0.095343,0.379815,0.228020,0.077756,0.305775
1891,Food & Beverage,1,0.272031,0.058571,0.330602,0.272031,0.058571,0.330602
1891,General Mining,3,0.204664,0.008775,0.213439,0.083546,0.006292,0.089838
1891,General Miscellaneous,6,0.266444,0.053015,0.319460,0.237802,0.057694,0.295497
1891,Hotels,2,0.223107,0.088866,0.311973,0.223107,0.087963,0.311070
1891,Marine Insurance,6,0.151709,0.075888,0.227597,0.136912,0.079347,0.216259
1891,Retail & Stores,1,0.164864,0.116486,0.281350,0.164864,0.116486,0.281350
1891,Steam Navigation,5,0.465864,0.069887,0.535751,0.339382,0.045651,0.385033
1891,Sugar,1,-0.315060,0.000000,-0.315060,-0.315060,0.000000,-0.315060
1891,Tin Mining,2,0.117468,0.000000,0.117468,-0.209929,0.000000,-0.209929
1891,Tobacco,2,-0.212393,0.000000,-0.212393,-0.209457,0.000000,-0.209457
1891,Tugs & Lighters,2,0.545031,0.076899,0.621930,0.525073,0.081978,0.607051
1891,Utilities,3,0.303172,0.050299,0.353470,0.330582,0.026602,0.357184
1891,Wharves & Godowns,3,0.341407,0.041641,0.383048,0.258164,0.033266,0.291430
1892,Banks,3,-0.627656,0.030300,-0.597355,-0.293479,0.018265,-0.275214
1892,Docks & Shipbuilding,3,0.077076,0.054139,0.131215,-0.031743,0.073358,0.041615
1892,Fire Insurance,4,-0.110822,0.055871,-0.054951,-0.199038,0.053888,-0.145150
1892,Food & Beverage,1,-0.177630,0.034265,-0.143365,-0.177630,0.034265,-0.143365
1892,General Mining,2,-0.875761,0.000000,-0.875761,-0.835125,0.000000,-0.835125
1892,General Miscellaneous,6,-0.196025,0.029239,-0.166786,-0.209218,0.023253,-0.185965
1892,Hotels,2,-0.206542,0.025892,-0.180650,-0.237243,0.025629,-0.211614
1892,Marine Insurance,6,-0.134446,0.054903,-0.079542,-0.164262,0.053329,-0.110932
1892,Retail & Stores,1,-0.732730,0.089090,-0.643640,-0.732730,0.089090,-0.643640
1892,Steam Navigation,5,-0.165793,0.036264,-0.129529,-0.280894,0.028842,-0.252052
1892,Sugar,1,-0.300007,0.000000,-0.300007,-0.300007,0.000000,-0.300007
1892,Tin Mining,2,-0.718708,0.000000,-0.718708,-0.722964,0.000000,-0.722964
1892,Tobacco,3,-0.229300,0.000000,-0.229300,-0.230764,0.000000,-0.230764
1892,Tugs & Lighters,2,-0.091682,0.022745,-0.068938,-0.132384,0.024855,-0.107528
1892,Utilities,2,-0.147507,0.041029,-0.106478,-0.148363,0.017534,-0.130829
1892,Wharves & Godowns,3,-0.246452,0.025235,-0.221217,-0.282646,0.020289,-0.262356
1893,Banks,5,-0.364453,0.102509,-0.261944,-0.367432,0.023057,-0.344376
1893,Docks & Shipbuilding,4,-0.173338,0.046946,-0.126392,-0.196898,0.061656,-0.135243
1893,Fire Insurance,3,-0.215371,0.059575,-0.155795,-0.258184,0.061865,-0.196318
1893,Food & Beverage,1,-0.257025,0.036062,-0.220962,-0.257025,0.036062,-0.220962
1893,General Mining,1,-0.951013,0.000000,-0.951013,-0.951013,0.000000,-0.951013
1893,General Miscellaneous,6,-0.372251,0.040807,-0.331444,-0.253611,0.032494,-0.221117
1893,Hotels,2,-0.747103,0.066011,-0.681092,-0.742816,0.067211,-0.675606
1893,Marine Insurance,6,-0.209491,0.064054,-0.145437,-0.220277,0.068295,-0.151982
1893,Retail & Stores,1,-0.447161,0.016744,-0.430417,-0.447161,0.016744,-0.430417
1893,Steam Navigation,8,-0.290250,0.049536,-0.240714,-0.185121,0.042515,-0.142606
1893,Sugar,1,1.260100,0.077860,1.337960,1.260100,0.077860,1.337960
1893,Tobacco,3,-0.239981,0.028850,-0.211131,-0.287005,0.040362,-0.246643
1893,Tugs & Lighters,2,-0.208366,0.024348,-0.184018,-0.190108,0.022958,-0.167150
1893,Utilities,2,-0.188161,0.020287,-0.167874,-0.176905,0.018605,-0.158300
1893,Wharves & Godowns,3,-0.203382,0.027744,-0.175638,-0.219120,0.022277,-0.196843
1894,Banks,2,-0.120552,0.037658,-0.082894,-0.067588,0.032200,-0.035388
1894,Docks & Shipbuilding,4,-0.005802,0.050363,0.044561,-0.000478,0.078567,0.078089
1894,Fire Insurance,2,-0.242989,0.065593,-0.177396,-0.242829,0.065578,-0.177251
1894,General Mining,1,-0.568993,0.000000,-0.568993,-0.568993,0.000000,-0.568993
1894,General Miscellaneous,5,-0.207141,0.056176,-0.150966,-0.109647,0.035630,-0.074016
1894,Hotels,1,0.277059,0.223485,0.500544,0.277059,0.223485,0.500544
1894,Marine Insurance,6,0.082786,0.069546,0.152332,0.049039,0.069252,0.118291
1894,Retail & Stores,2,-0.145464,0.045974,-0.099490,-0.110726,0.037987,-0.072739
1894,Steam Navigation,6,0.220135,0.133662,0.353797,-0.018640,0.051882,0.033242
1894,Sugar,1,0.070087,0.059449,0.129536,0.070087,0.059449,0.129536
1894,Tobacco,2,0.548311,0.048405,0.596716,0.516371,0.065676,0.582048
1894,Tugs & Lighters,2,-0.017060,0.039408,0.022347,-0.046932,0.039250,-0.007683
1894,Utilities,2,-0.103943,0.024624,-0.079319,-0.103307,0.023864,-0.079443
1894,Wharves & Godowns,3,-0.173225,0.029803,-0.143422,-0.196288,0.024482,-0.171805
1895,Banks,2,0.397825,0.054494,0.452319,0.412686,0.045613,0.458299
1895,Bonds & Preferences,1,-0.063111,0.000000,-0.063111,-0.063111,0.000000,-0.063111
1895,Docks & Shipbuilding,4,0.406566,0.060031,0.466597,0.482049,0.067986,0.550035
1895,Fire Insurance,2,0.443663,0.086375,0.530038,0.436748,0.086354,0.523102
1895,General Mining,3,0.417397,0.019767,0.437164,-0.099341,0.018745,-0.080596
1895,General Miscellaneous,4,0.244927,0.112247,0.357174,0.201086,0.090372,0.291458
1895,Gold Mining,1,-0.199906,0.044764,-0.155142,-0.199906,0.044764,-0.155142
1895,Land & Property,2,0.758453,0.042729,0.801182,0.562524,0.040978,0.603502
1895,Marine Insurance,6,0.455498,0.094325,0.549823,0.418617,0.086453,0.505070
1895,Retail & Stores,2,0.611846,0.063458,0.675305,0.389050,0.053770,0.442820
1895,Steam Navigation,5,0.483766,0.125653,0.609419,0.414409,0.099693,0.514102
1895,Sugar,3,0.062001,0.051544,0.113545,-0.124667,0.034508,-0.090159
1895,Tobacco,2,0.558058,0.005523,0.563581,0.225063,0.007228,0.232291
1895,Tugs & Lighters,4,0.492978,0.058093,0.551072,0.422779,0.059774,0.482554
1895,Utilities,3,0.365383,0.019657,0.385040,0.196263,0.027164,0.223427
1895,Wharves & Godowns,3,0.479942,0.041030,0.520972,0.438822,0.037224,0.476046
1896,Banks,3,0.476687,0.014479,0.491167,-0.024293,0.032378,0.008085
1896,Bonds & Preferences,1,1.575317,0.000000,1.575317,1.575317,0.000000,1.575317
1896,Cotton & Textiles,4,1.071950,0.000000,1.071950,1.065113,0.000000,1.065113
1896,Docks & Shipbuilding,3,0.048470,0.066647,0.115117,0.092966,0.062200,0.155166
1896,Fire Insurance,2,0.242504,0.039275,0.281780,0.251340,0.038887,0.290228
1896,General Mining,3,0.494916,0.027360,0.522275,0.699403,0.020194,0.719598
1896,General Miscellaneous,6,0.273288,0.066605,0.339893,0.382575,0.069159,0.451734
1896,Gold Mining,1,1.361713,0.057731,1.419443,1.361713,0.057731,1.419443
1896,Land & Property,5,0.084749,0.040459,0.125208,0.118378,0.030665,0.149043
1896,Marine Insurance,6,-0.008590,0.070345,0.061755,-0.009757,0.065724,0.055967
1896,Retail & Stores,2,0.212490,0.058339,0.270829,0.019678,0.044481,0.064159
1896,Steam Navigation,5,-0.052654,0.098899,0.046245,-0.152669,0.081741,-0.070928
1896,Sugar,3,-0.112422,0.057737,-0.054685,0.065624,0.043569,0.109192
1896,Tobacco,2,0.084223,0.018406,0.102629,0.060524,0.023289,0.083813
1896,Tugs & Lighters,4,0.337385,0.039677,0.377062,0.506142,0.048006,0.554149
1896,Utilities,3,0.095969,0.037531,0.133501,0.243794,0.029400,0.273194
1896,Wharves & Godowns,2,-0.229464,0.017253,-0.212211,-0.275311,0.016340,-0.258971
1897,Banks,4,-0.268790,0.021457,-0.247334,-0.096831,0.033000,-0.063830
1897,Bonds & Preferences,1,-0.713864,0.119999,-0.593866,-0.713864,0.119999,-0.593866
1897,Cotton & Textiles,4,0.068452,0.009019,0.077471,0.056083,0.006562,0.062645
1897,Fire Insurance,2,-0.073310,0.055790,-0.017520,-0.073310,0.055995,-0.017315
1897,Food & Beverage,1,0.641566,0.000000,0.641566,0.641566,0.000000,0.641566
1897,General Mining,3,-0.415128,0.034856,-0.380272,-0.492472,0.022783,-0.469689
1897,General Miscellaneous,5,-0.198486,0.044530,-0.153957,-0.208388,0.034659,-0.173729
1897,Gold Mining,1,1.265243,0.022677,1.287920,1.265243,0.022677,1.287920
1897,Land & Property,4,-0.051998,0.043043,-0.008955,-0.060138,0.026866,-0.033272
1897,Marine Insurance,6,-0.140018,0.067849,-0.072169,-0.123517,0.063838,-0.059679
1897,Retail & Stores,3,-0.114168,0.028901,-0.085267,-0.093350,0.037115,-0.056235
1897,Steam Navigation,5,0.097707,0.087101,0.184808,-0.002758,0.079850,0.077092
1897,Sugar,3,0.041342,0.069399,0.110741,0.092972,0.046771,0.139744
1897,Tobacco,2,0.005128,0.006819,0.011947,0.067238,0.005024,0.072262
1897,Tugs & Lighters,4,-0.160144,0.030855,-0.129288,-0.244680,0.026328,-0.218352
1897,Utilities,3,0.174178,0.034622,0.208800,0.100658,0.023997,0.124655
1897,Wharves & Godowns,7,0.102767,0.028765,0.131532,-0.054120,0.038353,-0.015767
1898,Banks,4,-0.143551,0.034307,-0.109243,0.207494,0.036208,0.243702
1898,Bonds & Preferences,1,0.314478,0.000000,0.314478,0.314478,0.000000,0.314478
1898,Cotton & Textiles,6,0.067397,0.023687,0.091084,-0.223964,0.029830,-0.194134
1898,Fire Insurance,2,-0.127942,0.068820,-0.059122,-0.126363,0.069553,-0.056810
1898,Food & Beverage,2,-0.196309,0.028836,-0.167473,-0.240414,0.014066,-0.226348
1898,General Mining,3,0.302422,0.041194,0.343617,0.153292,0.021614,0.174907
1898,General Miscellaneous,5,-0.145378,0.036078,-0.109301,-0.141266,0.026830,-0.114436
1898,Gold Mining,1,0.887455,0.023368,0.910824,0.887455,0.023368,0.910824
1898,Land & Property,4,0.012274,0.045651,0.057925,-0.014621,0.027538,0.012917
1898,Marine Insurance,6,-0.158093,0.066752,-0.091341,-0.102592,0.061610,-0.040982
1898,Retail & Stores,3,-0.136035,0.030854,-0.105181,-0.042549,0.040429,-0.002120
1898,Steam Navigation,5,0.135929,0.072404,0.208333,0.097499,0.070529,0.168028
1898,Sugar,3,0.165265,0.054625,0.219890,0.063002,0.035871,0.098873
1898,Tobacco,3,-0.428711,0.008815,-0.419896,-0.484360,0.010484,-0.473876
1898,Tugs & Lighters,4,-0.206104,0.024832,-0.181272,-0.255131,0.022398,-0.232733
1898,Utilities,3,-0.044064,0.031544,-0.012520,-0.079868,0.022647,-0.057220
1898,Wharves & Godowns,7,0.067552,0.036226,0.103778,0.116155,0.047623,0.163777
1899,Banks,5,0.421243,0.044974,0.466216,0.308158,0.035787,0.343945
1899,Bonds & Preferences,1,-0.243068,0.000000,-0.243068,-0.243068,0.000000,-0.243068
1899,Cotton & Textiles,6,-0.050119,0.023063,-0.027057,-0.081988,0.027630,-0.054357
1899,Fire Insurance,2,-0.003636,0.072547,0.068911,-0.001387,0.073386,0.072000
1899,Food & Beverage,3,-0.085851,0.009318,-0.076533,-0.148451,0.004838,-0.143613
1899,General Mining,3,0.987534,0.021481,1.009015,0.832263,0.018739,0.851002
1899,General Miscellaneous,3,0.148900,0.067318,0.216218,0.163910,0.068465,0.232374
1899,Gold Mining,1,0.485602,0.011981,0.497583,0.485602,0.011981,0.497583
1899,Land & Property,4,0.294134,0.046976,0.341109,0.260237,0.031830,0.292067
1899,Marine Insurance,5,-0.037631,0.063783,0.026151,-0.026150,0.067267,0.041117
1899,Retail & Stores,3,0.217950,0.034720,0.252670,0.258292,0.042494,0.300786
1899,Steam Navigation,5,0.074103,0.086828,0.160931,0.151423,0.087463,0.238886
1899,Sugar,3,0.051945,0.055849,0.107794,-0.210054,0.021855,-0.188199
1899,Tobacco,3,0.484916,0.027386,0.512301,0.422638,0.023653,0.446291
1899,Tugs & Lighters,4,0.175845,0.041659,0.217504,0.138683,0.046170,0.184853
1899,Utilities,4,-0.012936,0.026535,0.013598,-0.029202,0.024296,-0.004906
1899,Wharves & Godowns,7,0.272635,0.044125,0.316760,0.264610,0.055662,0.320272
1900,Banks,5,-0.027664,0.028317,0.000653,-0.009694,0.027319,0.017625
1900,Bonds & Preferences,1,-0.345603,0.000000,-0.345603,-0.345603,0.000000,-0.345603
1900,Cotton & Textiles,6,-0.434457,0.025593,-0.408864,-0.377391,0.029820,-0.347570
1900,Fire Insurance,2,-0.112542,0.076124,-0.036418,-0.108706,0.077583,-0.031123
1900,Food & Beverage,3,0.017537,0.044207,0.061743,-0.007122,0.031968,0.024846
1900,General Mining,3,-0.313074,0.006895,-0.306179,-0.418133,0.010179,-0.407954
1900,General Miscellaneous,5,0.184936,0.037426,0.222362,0.049540,0.048254,0.097794
1900,Gold Mining,1,-0.277169,0.008327,-0.268841,-0.277169,0.008327,-0.268841
1900,Land & Property,5,0.205318,0.031394,0.236712,0.468396,0.029439,0.497834
1900,Marine Insurance,5,-0.036256,0.078716,0.042460,-0.026597,0.077889,0.051292
1900,Retail & Stores,3,-0.162824,0.038093,-0.124730,-0.088704,0.036174,-0.052530
1900,Steam Navigation,5,-0.040913,0.068324,0.027411,0.070275,0.069936,0.140212
1900,Sugar,3,-0.013075,0.056111,0.043036,0.011405,0.033351,0.044756
1900,Tobacco,3,-0.079292,0.023144,-0.056148,-0.079315,0.012644,-0.066670
1900,Tugs & Lighters,4,0.223334,0.037099,0.260433,0.180481,0.044322,0.224802
1900,Utilities,5,0.360052,0.032263,0.392315,0.007917,0.027341,0.035257
1900,Wharves & Godowns,8,0.224785,0.041570,0.266355,0.351654,0.051895,0.403550
1901,Banks,5,0.053572,0.034490,0.088063,0.193357,0.029792,0.223149
1901,Bonds & Preferences,1,18.890287,0.000000,18.890287,18.890287,0.000000,18.890287
1901,Cotton & Textiles,6,0.206579,0.040508,0.247087,-0.156333,0.047764,-0.108569
1901,Fire Insurance,2,0.289675,0.086548,0.376223,0.300709,0.086902,0.387611
1901,Food & Beverage,2,0.308100,0.026879,0.334979,0.224364,0.035252,0.259616
1901,General Mining,2,0.016676,0.019900,0.036576,-0.036222,0.022671,-0.013551
1901,General Miscellaneous,5,0.845876,0.063076,0.908952,0.813692,0.068425,0.882117
1901,Gold Mining,1,-0.737983,0.012236,-0.725747,-0.737983,0.012236,-0.725747
1901,Hotels,2,0.160267,0.052478,0.212744,0.219136,0.053363,0.272498
1901,Land & Property,5,0.154843,0.042191,0.197034,0.115021,0.038374,0.153395
1901,Marine Insurance,6,0.217113,0.256154,0.473266,0.293108,0.097287,0.390395
1901,Printing & Media,1,0.126348,0.051198,0.177546,0.126348,0.051198,0.177546
1901,Retail & Stores,3,0.634372,0.086394,0.720766,0.278149,0.061066,0.339215
1901,Steam Navigation,3,0.284725,0.099564,0.384288,0.419237,0.096305,0.515541
1901,Sugar,3,0.083724,0.067471,0.151195,0.259535,0.052161,0.311696
1901,Tobacco,3,-0.029143,0.012685,-0.016458,0.160722,0.004145,0.164867
1901,Tugs & Lighters,4,-0.005078,0.011903,0.006824,0.255804,0.008998,0.264803
1901,Utilities,6,0.124088,0.025831,0.149919,0.142734,0.023910,0.166644
1901,Wharves & Godowns,3,-0.104884,0.021663,-0.083221,-0.270780,0.017778,-0.253002
1902,Banks,3,-0.229752,0.054910,-0.174842,-0.114220,0.023402,-0.090818
1902,Bonds & Preferences,1,-0.927663,0.000000,-0.927663,-0.927663,0.000000,-0.927663
1902,Cement & Building,1,-0.185327,0.038794,-0.146533,-0.185327,0.038794,-0.146533
1902,Cotton & Textiles,5,-0.104085,0.058962,-0.045124,-0.139094,0.050020,-0.089074
1902,Fire Insurance,2,-0.187459,0.070140,-0.117319,-0.189048,0.073059,-0.115989
1902,Food & Beverage,2,0.166437,0.051136,0.217573,0.096396,0.050286,0.146682
1902,General Mining,3,-0.520718,0.019453,-0.501265,-0.278950,0.056041,-0.222909
1902,General Miscellaneous,7,-0.103454,0.063118,-0.040336,-0.067738,0.061567,-0.006170
1902,Gold Mining,1,-0.496524,0.042816,-0.453708,-0.496524,0.042816,-0.453708
1902,Hotels,3,-0.396902,0.036321,-0.360581,-0.445504,0.028571,-0.416933
1902,Land & Property,5,-0.195188,0.028914,-0.166273,-0.114473,0.028953,-0.085520
1902,Marine Insurance,5,-0.057486,0.065650,0.008164,-0.007496,0.067485,0.059989
1902,Printing & Media,1,-0.069525,0.038770,-0.030755,-0.069525,0.038770,-0.030755
1902,Retail & Stores,3,-0.130357,0.037544,-0.092813,-0.207703,0.033783,-0.173920
1902,Steam Navigation,4,-0.339320,0.035512,-0.303807,-0.452274,0.015911,-0.436363
1902,Sugar,3,-0.423141,0.026101,-0.397040,-0.462679,0.037348,-0.425331
1902,Tobacco,1,0.006027,0.043740,0.049767,0.006027,0.043740,0.049767
1902,Tugs & Lighters,4,-0.128880,0.026201,-0.102680,-0.349633,0.020565,-0.329068
1902,Utilities,6,0.090358,0.049524,0.139882,-0.048933,0.023933,-0.025000
1902,Wharves & Godowns,4,-0.272298,0.022276,-0.250022,-0.332535,0.025835,-0.306700
1903,Banks,3,-0.124161,0.029583,-0.094578,-0.106337,0.026478,-0.079860
1903,Bonds & Preferences,1,-0.826198,0.000000,-0.826198,-0.826198,0.000000,-0.826198
1903,Cement & Building,1,-0.050836,0.049522,-0.001314,-0.050836,0.049522,-0.001314
1903,Cotton & Textiles,5,-0.230373,0.071833,-0.158540,-0.234750,0.053486,-0.181264
1903,Fire Insurance,2,-0.152996,0.058897,-0.094100,-0.166553,0.058166,-0.108388
1903,Food & Beverage,2,-0.299476,0.080645,-0.218831,-0.262063,0.086880,-0.175183
1903,General Mining,2,-0.479495,0.033946,-0.445548,-0.347922,0.067093,-0.280829
1903,General Miscellaneous,6,0.212354,0.102279,0.314633,0.476177,0.157118,0.633295
1903,Gold Mining,1,0.134479,0.084953,0.219431,0.134479,0.084953,0.219431
1903,Hotels,11,-0.129607,0.068033,-0.061573,-0.151880,0.057385,-0.094496
1903,Land & Property,5,-0.114649,0.036069,-0.078581,-0.256914,0.028110,-0.228804
1903,Marine Insurance,5,-0.054853,0.064178,0.009325,-0.060196,0.063140,0.002945
1903,Printing & Media,1,-0.205591,0.072219,-0.133372,-0.205591,0.072219,-0.133372
1903,Steam Navigation,4,-0.269515,0.044246,-0.225269,-0.316322,0.021019,-0.295303
1903,Sugar,3,-0.118940,0.102917,-0.016023,-0.018428,0.064197,0.045769
1903,Tobacco,1,-0.020333,0.056519,0.036186,-0.020333,0.056519,0.036186
1903,Tugs & Lighters,1,-0.365533,0.047593,-0.317940,-0.365533,0.047593,-0.317940
1903,Utilities,3,-0.107161,0.032361,-0.074800,-0.060319,0.020060,-0.040259
1903,Wharves & Godowns,5,-0.265903,0.026344,-0.239559,-0.318991,0.022248,-0.296743
1904,Banks,3,0.323555,0.037470,0.361025,0.219056,0.029873,0.248929
1904,Cement & Building,1,0.521847,0.073638,0.595485,0.521847,0.073638,0.595485
1904,Cotton & Textiles,5,0.000405,0.107824,0.108228,0.006164,0.078917,0.085082
1904,Fire Insurance,2,0.181087,0.085042,0.266129,0.184643,0.084088,0.268731
1904,Food & Beverage,2,0.319742,0.091465,0.411207,0.176863,0.086911,0.263774
1904,General Mining,1,0.229276,0.116991,0.346266,0.229276,0.116991,0.346266
1904,General Miscellaneous,6,0.100959,0.069116,0.170075,0.035004,0.044020,0.079024
1904,Gold Mining,2,-0.207131,0.037518,-0.169612,-0.173820,0.031113,-0.142708
1904,Hotels,11,-0.004465,0.073807,0.069343,-0.029135,0.060662,0.031527
1904,Land & Property,6,0.112580,0.047833,0.160414,0.162050,0.041700,0.203751
1904,Marine Insurance,5,0.199893,0.082281,0.282174,0.343819,0.081592,0.425410
1904,Printing & Media,1,0.108583,0.092382,0.200965,0.108583,0.092382,0.200965
1904,Steam Navigation,3,0.292981,0.058328,0.351310,0.115879,0.047686,0.163565
1904,Sugar,2,0.705301,0.047305,0.752606,1.082932,0.050879,1.133811
1904,Tobacco,1,0.422247,0.065141,0.487388,0.422247,0.065141,0.487388
1904,Tugs & Lighters,3,0.053838,0.038826,0.092664,0.033659,0.038137,0.071796
1904,Utilities,3,0.094486,0.048475,0.142961,0.057895,0.041845,0.099740
1904,Wharves & Godowns,5,0.103528,0.051666,0.155194,0.102625,0.044588,0.147213
1905,Banks,2,0.198751,0.041853,0.240604,0.322579,0.028274,0.350853
1905,Cement & Building,1,0.025271,0.070708,0.095979,0.025271,0.070708,0.095979
1905,Cotton & Textiles,5,0.732188,0.158382,0.890570,0.443497,0.117265,0.560761
1905,Fire Insurance,2,0.069534,0.098238,0.167772,0.071515,0.100791,0.172306
1905,Food & Beverage,2,0.187311,0.077632,0.264943,0.178627,0.075461,0.254088
1905,General Mining,1,0.363885,0.121179,0.485065,0.363885,0.121179,0.485065
1905,General Miscellaneous,7,0.047887,0.073357,0.121244,-0.101518,0.021038,-0.080480
1905,Gold Mining,2,-0.184104,0.061735,-0.122369,-0.164316,0.069452,-0.094864
1905,Hotels,13,0.221829,0.107012,0.328841,0.151324,0.074174,0.225498
1905,Land & Property,5,0.065695,0.052580,0.118275,0.043829,0.033102,0.076931
1905,Marine Insurance,5,0.274974,0.075123,0.350098,0.213933,0.070305,0.284238
1905,Printing & Media,1,-1.000000,0.050740,-0.949260,-1.000000,0.050740,-0.949260
1905,Steam Navigation,3,-0.090303,0.043794,-0.046508,0.007731,0.043107,0.050838
1905,Sugar,2,0.071624,0.047188,0.118812,-0.003709,0.048365,0.044656
1905,Tobacco,1,0.129444,0.033465,0.162909,0.129444,0.033465,0.162909
1905,Tugs & Lighters,3,0.628235,0.067509,0.695744,0.674256,0.069574,0.743830
1905,Utilities,4,0.150850,0.051585,0.202435,0.270158,0.041332,0.311490
1905,Wharves & Godowns,6,0.237129,0.053701,0.290830,0.145400,0.047189,0.192589
1906,Banks,2,0.184149,0.038792,0.222942,0.047045,0.022568,0.069613
1906,Cement & Building,1,-0.254401,0.027960,-0.226441,-0.254401,0.027960,-0.226441
1906,Cotton & Textiles,5,0.539602,0.145552,0.685154,0.439596,0.134737,0.574333
1906,Fire Insurance,2,0.132803,0.094612,0.227415,0.125549,0.098732,0.224281
1906,Food & Beverage,3,-0.163681,0.076663,-0.087018,-0.160527,0.071789,-0.088738
1906,General Mining,1,0.370704,0.088849,0.459553,0.370704,0.088849,0.459553
1906,General Miscellaneous,6,-0.025846,0.090877,0.065031,0.141088,0.132175,0.273263
1906,Gold Mining,2,0.184083,0.063370,0.247453,0.488754,0.083108,0.571862
1906,Hotels,15,0.164968,0.092932,0.257900,0.060578,0.075846,0.136424
1906,Land & Property,4,-0.133094,0.032233,-0.100861,-0.114351,0.031258,-0.083093
1906,Marine Insurance,5,0.077344,0.059324,0.136667,0.105982,0.055177,0.161159
1906,Steam Navigation,3,0.125287,0.162016,0.287302,0.103895,0.320780,0.424675
1906,Sugar,2,0.081119,0.074327,0.155446,-0.117257,0.079286,-0.037971
1906,Tobacco,1,0.401451,0.064066,0.465517,0.401451,0.064066,0.465517
1906,Tugs & Lighters,3,0.012625,0.039903,0.052528,-0.058730,0.037560,-0.021170
1906,Utilities,4,-0.000652,0.056639,0.055986,-0.165345,0.033571,-0.131775
1906,Wharves & Godowns,4,0.081555,0.051639,0.133194,0.020590,0.038440,0.059030
1907,Cotton & Textiles,4,-0.216920,0.108462,-0.108458,-0.235799,0.104566,-0.131233
1907,Fire Insurance,1,0.040448,0.129048,0.169496,0.040448,0.129048,0.169496
1907,Food & Beverage,3,-0.061207,0.109766,0.048559,-0.031514,0.102942,0.071428
1907,General Mining,1,0.623701,0.048670,0.672371,0.623701,0.048670,0.672371
1907,General Miscellaneous,7,-0.048220,0.078418,0.030198,-0.039777,0.062922,0.023145
1907,Hotels,6,-0.076673,0.073984,-0.002690,-0.039013,0.058279,0.019266
1907,Land & Property,3,-0.049436,0.033316,-0.016120,-0.014465,0.036058,0.021593
1907,Marine Insurance,2,0.045157,0.052527,0.097683,-0.018055,0.061819,0.043764
1907,Steam Navigation,1,0.580742,0.035128,0.615869,0.580742,0.035128,0.615869
1907,Sugar,2,-0.099353,0.055840,-0.043513,-0.206121,0.056908,-0.149213
1907,Tugs & Lighters,2,-0.001041,0.028467,0.027426,-0.041100,0.023884,-0.017216
1907,Utilities,1,-0.045315,0.072052,0.026737,-0.045315,0.072052,0.026737
1907,Wharves & Godowns,2,-0.138318,0.033407,-0.104911,-0.099211,0.035039,-0.064172
1908,Banks,2,-0.081373,0.061391,-0.019982,-0.081373,0.062948,-0.018424
1908,Bonds & Preferences,1,0.004705,0.000000,0.004705,0.004705,0.000000,0.004705
1908,Cement & Building,1,-0.540686,0.075504,-0.465183,-0.540686,0.075504,-0.465183
1908,Cotton & Textiles,1,0.031689,0.113062,0.144751,0.031689,0.113062,0.144751
1908,Food & Beverage,1,0.028863,0.055118,0.083980,0.028863,0.055118,0.083980
1908,General Miscellaneous,5,-0.111562,0.101159,-0.010403,-0.126628,0.097647,-0.028981
1908,Hotels,3,-0.363456,0.051832,-0.311625,-0.280129,0.044440,-0.235689
1908,Land & Property,3,-0.138854,0.036799,-0.102055,-0.113892,0.037880,-0.076012
1908,Marine Insurance,2,-0.061688,0.050512,-0.011176,-0.100936,0.058597,-0.042339
1908,Steam Navigation,3,0.259039,0.028507,0.287546,0.004705,0.022327,0.027032
1908,Sugar,1,0.217181,0.073490,0.290671,0.217181,0.073490,0.290671
1908,Tugs & Lighters,1,-0.081373,0.047845,-0.033528,-0.081373,0.047845,-0.033528
1908,Wharves & Godowns,1,-0.364027,0.021199,-0.342828,-0.364027,0.021199,-0.342828
1909,Banks,2,-0.052140,0.026924,-0.025216,0.108001,0.023645,0.131647
1909,Bonds & Preferences,1,0.158299,0.010530,0.168829,0.158299,0.010530,0.168829
1909,Cement & Building,1,0.289197,0.164578,0.453775,0.289197,0.164578,0.453775
1909,Cotton & Textiles,1,0.371486,0.054859,0.426345,0.371486,0.054859,0.426345
1909,Food & Beverage,1,0.072698,0.053635,0.126333,0.072698,0.053635,0.126333
1909,General Miscellaneous,4,-0.066047,0.088166,0.022119,-0.069048,0.091617,0.022569
1909,Gold Mining,2,-0.030102,0.060071,0.029969,-0.030102,0.060071,0.029969
1909,Hotels,3,-0.104950,0.098863,-0.006087,-0.118705,0.061984,-0.056721
1909,Land & Property,4,0.118588,0.040707,0.159295,0.023802,0.030103,0.053904
1909,Marine Insurance,2,-0.080857,0.048484,-0.032372,-0.131233,0.047515,-0.083718
1909,Printing & Media,2,0.051244,0.055065,0.106309,0.059587,0.052562,0.112149
1909,Retail & Stores,3,-0.181533,0.054515,-0.127019,-0.201509,0.032554,-0.168955
1909,Rubber Plantations,1,2.782254,0.000000,2.782254,2.782254,0.000000,2.782254
1909,Steam Navigation,3,0.369769,0.033729,0.403498,0.511639,0.044460,0.556099
1909,Sugar,1,0.201422,0.037781,0.239202,0.201422,0.037781,0.239202
1909,Tugs & Lighters,2,-0.040114,0.045679,0.005565,-0.049151,0.039566,-0.009585
1909,Utilities,1,-0.107640,0.087060,-0.020580,-0.107640,0.087060,-0.020580
1909,Wharves & Godowns,3,-0.046245,0.048809,0.002565,-0.197776,0.043939,-0.153838
1910,Banks,2,0.060809,0.024682,0.085491,-0.088792,0.019289,-0.069503
1910,Bonds & Preferences,1,-0.004517,0.011312,0.006795,-0.004517,0.011312,0.006795
1910,Cement & Building,2,-0.296032,0.094829,-0.201203,-0.561018,0.021846,-0.539172
1910,Cotton & Textiles,7,-0.293735,0.058976,-0.234759,-0.358139,0.052522,-0.305617
1910,Fire Insurance,2,-0.009741,0.070880,0.061140,-0.014249,0.071004,0.056755
1910,Food & Beverage,3,-0.186120,0.073321,-0.112799,-0.179154,0.068617,-0.110537
1910,General Mining,1,-0.169099,0.028985,-0.140114,-0.169099,0.028985,-0.140114
1910,General Miscellaneous,6,-0.265177,0.059852,-0.205326,-0.858235,0.018178,-0.840057
1910,Gold Mining,2,-0.614033,0.071726,-0.542307,-0.614033,0.071726,-0.542307
1910,Hotels,3,0.041396,0.110972,0.152368,0.158886,0.066372,0.225258
1910,Land & Property,6,-0.123066,0.044170,-0.078896,-0.138784,0.034807,-0.103977
1910,Marine Insurance,4,0.011240,0.046918,0.058157,-0.049736,0.031787,-0.017949
1910,Other Plantations,1,-0.224492,0.059086,-0.165406,-0.224492,0.059086,-0.165406
1910,Printing & Media,2,-0.002918,0.053027,0.050108,-0.002918,0.049462,0.046543
1910,Retail & Stores,9,-0.226943,0.061892,-0.165051,-0.181335,0.037346,-0.143989
1910,Rubber Plantations,7,-0.220979,0.006669,-0.214310,-0.341537,0.009543,-0.331994
1910,Steam Navigation,3,-0.050801,0.019446,-0.031355,0.154422,0.034324,0.188747
1910,Sugar,1,-0.222402,0.031355,-0.191047,-0.222402,0.031355,-0.191047
1910,Tugs & Lighters,4,-0.184683,0.070981,-0.113702,-0.178874,0.087829,-0.091045
1910,Utilities,5,-0.008679,0.052493,0.043814,-0.056158,0.026857,-0.029301
1910,Wharves & Godowns,5,-0.096961,0.042823,-0.054138,-0.139297,0.036151,-0.103146
1911,Banks,1,-0.901489,0.020950,-0.880538,-0.901489,0.020950,-0.880538
1911,Bonds & Preferences,1,0.002888,0.011396,0.014284,0.002888,0.011396,0.014284
1911,Cement & Building,2,0.093980,0.093759,0.187739,0.181204,0.017885,0.199089
1911,Cotton & Textiles,6,-0.055513,0.111316,0.055803,-0.037875,0.099179,0.061304
1911,Fire Insurance,2,0.028816,0.058452,0.087269,0.024555,0.059133,0.083687
1911,Food & Beverage,3,-0.086543,0.091358,0.004815,-0.106222,0.083721,-0.022501
1911,General Mining,2,-0.315620,0.011662,-0.303959,-0.146131,0.022426,-0.123705
1911,General Miscellaneous,5,-0.388383,0.066769,-0.321614,-0.352946,0.002235,-0.350710
1911,Gold Mining,1,0.001531,0.186371,0.187902,0.001531,0.186371,0.187902
1911,Hotels,1,-0.213083,0.160960,-0.052122,-0.213083,0.160960,-0.052122
1911,Land & Property,6,-0.043438,0.059631,0.016192,-0.018361,0.035884,0.017523
1911,Marine Insurance,4,0.077576,0.046883,0.124459,0.040618,0.034016,0.074634
1911,Other Plantations,1,-0.117699,0.076307,-0.041392,-0.117699,0.076307,-0.041392
1911,Printing & Media,1,0.001531,0.054629,0.056160,0.001531,0.054629,0.056160
1911,Retail & Stores,9,-0.098931,0.076469,-0.022462,-0.033579,0.059270,0.025691
1911,Rubber Plantations,38,-0.327654,0.004832,-0.322822,-0.292871,0.014970,-0.277901
1911,Steam Navigation,3,0.077006,0.027810,0.104816,0.032361,0.030653,0.063014
1911,Sugar,1,-0.151929,0.069924,-0.082005,-0.151929,0.069924,-0.082005
1911,Trust & Investment,2,0.524069,0.012057,0.536126,,,
1911,Tugs & Lighters,3,-0.308968,0.050258,-0.258710,-0.254068,0.046947,-0.207121
1911,Utilities,5,0.018490,0.040289,0.058780,-0.016867,0.021121,0.004254
1911,Wharves & Godowns,5,-0.146348,0.034984,-0.111364,-0.116625,0.034391,-0.082235
1912,Banks,2,3.992421,0.141727,4.134148,1.562860,0.099050,1.661910
1912,Bonds & Preferences,1,0.075771,0.009059,0.084830,0.075771,0.009059,0.084830
1912,Cement & Building,1,-0.001251,0.173695,0.172444,-0.001251,0.173695,0.172444
1912,Cotton & Textiles,7,0.473172,0.266274,0.739446,0.521455,0.217375,0.738830
1912,Food & Beverage,4,-0.110762,0.073671,-0.037092,-0.081449,0.067561,-0.013888
1912,General Mining,2,1.308646,0.020082,1.328728,-0.025749,0.039406,0.013658
1912,General Miscellaneous,5,-0.058679,0.165845,0.107166,0.154258,0.004230,0.158488
1912,Gold Mining,1,0.331665,0.185436,0.517101,0.331665,0.185436,0.517101
1912,Hotels,1,-0.546023,0.204290,-0.341734,-0.546023,0.204290,-0.341734
1912,Land & Property,5,-0.022608,0.071250,0.048642,-0.038539,0.036765,-0.001775
1912,Marine Insurance,2,-0.099853,0.039803,-0.060050,-0.099358,0.041588,-0.057770
1912,Other Plantations,1,0.565606,0.086378,0.651985,0.565606,0.086378,0.651985
1912,Printing & Media,1,-0.046649,0.054477,0.007828,-0.046649,0.054477,0.007828
1912,Retail & Stores,7,-0.183547,0.079251,-0.104296,-0.039231,0.091555,0.052324
1912,Rubber Plantations,36,0.505241,0.052768,0.558009,0.213624,0.040863,0.254487
1912,Steam Navigation,2,0.157641,0.023733,0.181374,0.157641,0.023733,0.181374
1912,Sugar,1,0.046308,0.047559,0.093868,0.046308,0.047559,0.093868
1912,Trust & Investment,2,0.165207,0.037129,0.202337,0.165207,0.037129,0.202337
1912,Tugs & Lighters,3,0.078437,0.094855,0.173292,0.054801,0.091722,0.146523
1912,Utilities,5,0.019419,0.052687,0.072106,-0.027167,0.043771,0.016604
1912,Wharves & Godowns,3,-0.011781,0.038987,0.027206,0.049790,0.042474,0.092264
1913,Banks,2,0.081853,0.052033,0.133887,0.014720,0.041390,0.056110
1913,Bonds & Preferences,1,-0.028381,0.016898,-0.011483,-0.028381,0.016898,-0.011483
1913,Cement & Building,1,-0.080115,0.159980,0.079865,-0.080115,0.159980,0.079865
1913,Cotton & Textiles,7,-0.009922,0.094153,0.084231,-0.016685,0.090629,0.073943
1913,Food & Beverage,3,0.007156,0.092775,0.099931,0.087238,0.084521,0.171759
1913,General Mining,3,-0.151317,0.028815,-0.122502,0.042621,0.032903,0.075524
1913,General Miscellaneous,5,-0.217163,0.661164,0.444001,-0.575271,0.003868,-0.571402
1913,Hotels,1,-0.172104,0.413948,0.241845,-0.172104,0.413948,0.241845
1913,Land & Property,5,-0.061471,0.066593,0.005122,-0.049503,0.035175,-0.014328
1913,Marine Insurance,2,-0.075852,0.041671,-0.034181,-0.074987,0.043435,-0.031551
1913,Other Plantations,1,-0.270436,0.050752,-0.219684,-0.270436,0.050752,-0.219684
1913,Retail & Stores,7,0.086940,0.097082,0.184022,0.013461,0.103078,0.116539
1913,Rubber Plantations,39,-0.286803,0.117654,-0.169149,-0.372738,0.543203,0.170465
1913,Steam Navigation,1,0.154365,0.041138,0.195504,0.154365,0.041138,0.195504
1913,Trust & Investment,2,-0.605764,0.031970,-0.573793,-0.605764,0.031970,-0.573793
1913,Tugs & Lighters,3,0.055351,0.071585,0.126937,0.066533,0.071102,0.137635
1913,Utilities,5,-0.200538,0.047026,-0.153512,-0.066820,0.029996,-0.036825
1913,Wharves & Godowns,4,-0.083444,0.043285,-0.040159,-0.052596,0.044709,-0.007887
1914,Banks,1,-0.063560,0.028109,-0.035451,-0.063560,0.028109,-0.035451
1914,Bonds & Preferences,1,-0.489097,0.021696,-0.467402,-0.489097,0.021696,-0.467402
1914,Cotton & Textiles,2,-0.266111,0.085908,-0.180203,-0.253429,0.084030,-0.169400
1914,General Mining,1,-0.153348,0.025291,-0.128057,-0.153348,0.025291,-0.128057
1914,General Miscellaneous,1,-0.124153,0.025760,-0.098393,-0.124153,0.025760,-0.098393
1914,Rubber Plantations,5,-0.201477,0.033377,-0.168100,-0.189465,0.049248,-0.140217
1914,Wharves & Godowns,1,-0.249274,0.078201,-0.171073,-0.249274,0.078201,-0.171073
1915,Banks,1,0.063647,0.029204,0.092851,,,
1915,Cotton & Textiles,2,0.324356,0.132575,0.456931,,,
1915,General Mining,1,-0.042187,0.029064,-0.013124,,,
1915,General Miscellaneous,1,0.137333,0.000000,0.137333,,,
1915,Rubber Plantations,5,1.631583,0.071280,1.702863,,,
1915,Wharves & Godowns,1,0.316210,0.068080,0.384290,,,
1916,Banks,2,0.014489,0.061614,0.076103,,,
1916,Cement & Building,1,0.409836,0.367783,0.777619,,,
1916,Cotton & Textiles,9,0.683828,0.141848,0.825676,0.545619,0.161621,0.707240
1916,Food & Beverage,1,-0.216758,0.046995,-0.169763,-0.216758,0.046995,-0.169763
1916,General Mining,3,-0.109705,0.033731,-0.075974,0.175565,0.070621,0.246186
1916,General Miscellaneous,2,-0.210690,0.019857,-0.190834,-0.295082,0.000000,-0.295082
1916,Land & Property,3,0.242599,0.120403,0.363002,0.191411,0.039714,0.231124
1916,Marine Insurance,4,0.300987,0.040117,0.341104,,,
1916,Other Plantations,1,0.938525,0.093989,1.032514,,,
1916,Printing & Media,1,0.409836,0.070492,0.480328,,,
1916,Retail & Stores,6,0.436661,0.137618,0.574279,0.462803,0.142032,0.604835
1916,Rubber Plantations,42,0.166429,0.055429,0.221858,0.128076,0.052640,0.180716
1916,Trust & Investment,2,-0.138434,0.039053,-0.099380,,,
1916,Tugs & Lighters,2,0.373686,0.121644,0.495330,,,
1916,Utilities,5,0.170601,0.248232,0.418832,0.251589,0.057544,0.309133
1916,Wharves & Godowns,3,0.850744,0.123005,0.973749,1.117379,0.142471,1.259850
1917,Banks,3,0.253014,0.049197,0.302210,0.198242,0.037645,0.235887
1917,Cement & Building,1,0.232558,0.321537,0.554095,0.232558,0.321537,0.554095
1917,Cotton & Textiles,10,0.250336,0.117578,0.367914,0.291668,0.110282,0.401950
1917,Food & Beverage,1,0.109302,0.073953,0.183256,0.109302,0.073953,0.183256
1917,General Insurance,4,-0.027671,0.052760,0.025089,-0.017350,0.042540,0.025191
1917,General Mining,2,-0.029877,0.044421,0.014544,0.031256,0.039259,0.070515
1917,General Miscellaneous,3,-0.018436,0.048555,0.030120,-0.149190,0.058790,-0.090400
1917,Land & Property,5,0.149523,0.100472,0.249994,0.038928,0.042106,0.081034
1917,Other Plantations,1,-0.458421,0.059760,-0.398661,-0.458421,0.059760,-0.398661
1917,Printing & Media,1,0.232558,0.061628,0.294186,0.232558,0.061628,0.294186
1917,Retail & Stores,5,0.151995,0.131731,0.283725,0.105437,0.134704,0.240141
1917,Rubber Plantations,43,-0.057895,0.049277,-0.008618,-0.087546,0.053222,-0.034325
1917,Tugs & Lighters,2,0.225896,0.107599,0.333495,0.190056,0.106255,0.296311
1917,Utilities,5,0.106884,0.296681,0.403565,-0.035607,0.037179,0.001573
1917,Wharves & Godowns,3,0.057287,0.096571,0.153858,0.031974,0.102565,0.134540
1918,Banks,2,0.374887,0.000000,0.374887,0.300977,0.000000,0.300977
1918,Cement & Building,1,0.160377,0.000000,0.160377,0.160377,0.000000,0.160377
1918,Cotton & Textiles,8,0.343510,0.000000,0.343510,0.279867,0.000000,0.279867
1918,Food & Beverage,1,0.418239,0.193396,0.611635,0.418239,0.193396,0.611635
1918,General Insurance,4,0.603361,0.063009,0.666371,0.336344,0.084866,0.421211
1918,General Mining,1,0.289308,0.074803,0.364112,0.289308,0.074803,0.364112
1918,General Miscellaneous,2,1.449838,0.000000,1.449838,0.729318,0.000000,0.729318
1918,Gold Mining,1,0.044340,0.000000,0.044340,0.044340,0.000000,0.044340
1918,Hotels,1,0.805031,0.000000,0.805031,0.805031,0.000000,0.805031
1918,Land & Property,6,0.194166,0.000000,0.194166,0.205738,0.000000,0.205738
1918,Other Plantations,1,0.800586,0.000000,0.800586,0.800586,0.000000,0.800586
1918,Printing & Media,1,0.160377,0.000000,0.160377,0.160377,0.000000,0.160377
1918,Retail & Stores,5,0.130340,0.000000,0.130340,0.127525,0.000000,0.127525
1918,Rubber Plantations,42,-0.057701,0.070679,0.012978,-0.002865,0.082366,0.079501
1918,Tugs & Lighters,2,0.427396,0.000000,0.427396,0.443565,0.000000,0.443565
1918,Utilities,5,0.141692,0.000000,0.141692,0.112543,0.000000,0.112543
1918,Wharves & Godowns,4,0.829185,0.000000,0.829185,0.777727,0.000000,0.777727
1919,Banks,2,-0.134829,0.000000,-0.134829,-0.110066,0.000000,-0.110066
1919,Cement & Building,2,-0.002846,0.000000,-0.002846,-0.369777,0.000000,-0.369777
1919,Cotton & Textiles,8,2.836458,0.000000,2.836458,2.916582,0.000000,2.916582
1919,Food & Beverage,1,0.494457,0.000000,0.494457,0.494457,0.000000,0.494457
1919,General Insurance,4,0.384979,0.059027,0.444007,-0.313613,0.094204,-0.219409
1919,General Mining,1,0.917886,0.000000,0.917886,0.917886,0.000000,0.917886
1919,General Miscellaneous,3,0.111028,0.000000,0.111028,0.005743,0.000000,0.005743
1919,Hotels,1,0.761324,0.000000,0.761324,0.761324,0.000000,0.761324
1919,Land & Property,5,0.531604,0.000000,0.531604,0.250326,0.000000,0.250326
1919,Other Plantations,1,0.522132,0.000000,0.522132,0.522132,0.000000,0.522132
1919,Printing & Media,1,0.141599,0.000000,0.141599,0.141599,0.000000,0.141599
1919,Retail & Stores,5,0.105974,0.000000,0.105974,0.181814,0.000000,0.181814
1919,Rubber Plantations,43,0.163389,0.059996,0.223385,0.139674,0.026250,0.165925
1919,Steam Navigation,1,0.698282,0.000000,0.698282,0.698282,0.000000,0.698282
1919,Tugs & Lighters,2,0.514135,0.000000,0.514135,0.560003,0.000000,0.560003
1919,Utilities,5,0.344883,0.000000,0.344883,0.280447,0.000000,0.280447
1919,Wharves & Godowns,4,0.451281,0.046484,0.497765,0.372680,0.062133,0.434813
1920,Banks,2,-0.185891,0.026161,-0.159730,-0.193438,0.022694,-0.170744
1920,Cement & Building,1,-0.204799,0.063006,-0.141793,-0.204799,0.063006,-0.141793
1920,Cotton & Textiles,8,-0.690632,0.047089,-0.643543,-0.753751,0.057563,-0.696188
1920,Food & Beverage,1,-0.569733,0.053783,-0.515950,-0.569733,0.053783,-0.515950
1920,General Insurance,7,-0.598363,0.015982,-0.582382,-0.464384,0.017120,-0.447264
1920,General Mining,3,-0.431798,0.022550,-0.409248,-0.274490,0.017351,-0.257139
1920,General Miscellaneous,5,-0.615555,0.018563,-0.596992,-0.620963,0.008322,-0.612641
1920,Land & Property,5,-0.560991,0.036982,-0.524009,-0.544636,0.034648,-0.509988
1920,Other Plantations,1,-0.662671,0.006884,-0.655786,-0.662671,0.006884,-0.655786
1920,Printing & Media,1,-0.569733,0.025816,-0.543917,-0.569733,0.025816,-0.543917
1920,Retail & Stores,5,-0.570291,0.067157,-0.503133,-0.569906,0.064273,-0.505633
1920,Rubber Plantations,42,-0.615964,0.044833,-0.571131,-0.632066,0.043974,-0.588093
1920,Steam Navigation,2,-0.516898,0.032214,-0.484684,-0.554512,0.036289,-0.518223
1920,Sugar,1,-0.365487,0.071412,-0.294075,-0.365487,0.071412,-0.294075
1920,Tugs & Lighters,2,-0.534137,0.057081,-0.477057,-0.511882,0.063275,-0.448607
1920,Utilities,5,-0.601005,0.084191,-0.516814,-0.638509,0.030178,-0.608330
1920,Wharves & Godowns,4,-0.555147,0.027471,-0.527676,-0.548690,0.029262,-0.519428
1921,Banks,2,-0.548777,0.025375,-0.523402,-0.476195,0.026884,-0.449312
1921,Bonds & Preferences,1,0.199430,0.000000,0.199430,0.199430,0.000000,0.199430
1921,Cement & Building,1,1.638246,0.037396,1.675642,1.638246,0.037396,1.675642
1921,Cotton & Textiles,5,-0.283991,0.052591,-0.231400,-0.314685,0.086659,-0.228026
1921,Food & Beverage,1,-0.137931,0.086207,-0.051724,-0.137931,0.086207,-0.051724
1921,General Insurance,8,0.171216,0.086453,0.257669,0.163065,0.046499,0.209563
1921,General Mining,3,-0.126052,0.205087,0.079035,-0.206439,0.458474,0.252035
1921,General Miscellaneous,6,-0.184113,0.057027,-0.127086,-0.235204,0.056275,-0.178929
1921,Hotels,1,0.269592,0.048056,0.317649,0.269592,0.048056,0.317649
1921,Land & Property,5,0.288132,0.072987,0.361119,0.358954,0.062569,0.421523
1921,Other Plantations,1,-0.155524,0.021112,-0.134412,-0.155524,0.021112,-0.134412
1921,Printing & Media,1,0.034483,0.062069,0.096552,0.034483,0.062069,0.096552
1921,Retail & Stores,6,0.150115,0.110980,0.261095,0.181143,0.099965,0.281108
1921,Rubber Plantations,40,-0.420786,0.475706,0.054920,-0.391790,0.222864,-0.168926
1921,Steam Navigation,3,0.530531,0.059925,0.590456,-0.003827,0.021989,0.018161
1921,Sugar,1,-0.124466,0.302711,0.178246,-0.124466,0.302711,0.178246
1921,Tugs & Lighters,2,-0.090394,0.064655,-0.025739,-0.164751,0.045977,-0.118774
1921,Utilities,5,0.271883,0.204693,0.476576,0.212812,0.026420,0.239232
1921,Wharves & Godowns,4,0.030852,0.042861,0.073713,0.030841,0.043053,0.073894
1922,Banks,3,0.674088,0.037752,0.711840,0.625407,0.037799,0.663206
1922,Cement & Building,1,-0.071752,0.018752,-0.052999,-0.071752,0.018752,-0.052999
1922,Cotton & Textiles,5,-0.237394,0.074174,-0.163219,-0.300052,0.088864,-0.211188
1922,Food & Beverage,1,0.228587,0.094507,0.323093,0.228587,0.094507,0.323093
1922,General Insurance,8,0.265218,0.042600,0.307818,-0.130057,0.035480,-0.094577
1922,General Mining,2,0.066518,0.118725,0.185243,0.037281,0.049060,0.086342
1922,General Miscellaneous,6,0.307210,0.054666,0.361875,0.340267,0.044818,0.385085
1922,Gold Mining,1,-0.034247,0.493303,0.459056,-0.034247,0.493303,0.459056
1922,Hotels,6,0.112723,0.061867,0.174590,0.033096,0.023710,0.056806
1922,Other Plantations,1,0.004133,0.023627,0.027760,0.004133,0.023627,0.027760
1922,Printing & Media,1,-0.054933,0.056704,0.001771,-0.054933,0.056704,0.001771
1922,Retail & Stores,5,-0.138939,0.141866,0.002927,-0.129461,0.124234,-0.005226
1922,Rubber Plantations,39,0.562268,0.183534,0.745802,0.519182,0.099581,0.618764
1922,Steam Navigation,2,-0.092882,0.054364,-0.038518,-0.100642,0.047568,-0.053074
1922,Sugar,1,-0.219178,0.025685,-0.193493,-0.219178,0.025685,-0.193493
1922,Tugs & Lighters,2,0.619434,0.084464,0.703898,0.790424,0.097541,0.887966
1922,Utilities,4,0.056644,0.083119,0.139762,0.064868,0.071131,0.135999
1922,Wharves & Godowns,6,0.162856,0.068039,0.230895,0.151166,0.061720,0.212886
1923,Banks,2,0.058357,0.021955,0.080312,0.060044,0.022346,0.082390
1923,Cement & Building,1,0.027654,0.058606,0.086260,0.027654,0.058606,0.086260
1923,Cotton & Textiles,4,-0.235922,0.082698,-0.153224,-0.154801,0.095674,-0.059127
1923,Food & Beverage,1,0.021163,0.047131,0.068293,0.021163,0.047131,0.068293
1923,General Insurance,8,0.034529,0.046462,0.080991,0.091513,0.041095,0.132608
1923,General Mining,2,-0.058096,0.102687,0.044591,-0.053971,0.032440,-0.021531
1923,General Miscellaneous,7,0.476762,0.049865,0.526627,0.692929,0.043163,0.736092
1923,Gold Mining,1,4.076738,0.478802,4.555540,4.076738,0.478802,4.555540
1923,Hotels,7,0.028440,0.048007,0.076447,-0.143905,0.023096,-0.120808
1923,Other Plantations,1,0.081231,0.024027,0.105258,0.081231,0.024027,0.105258
1923,Printing & Media,1,0.021163,0.061270,0.082432,0.021163,0.061270,0.082432
1923,Retail & Stores,5,0.082399,0.173044,0.255443,0.029545,0.118450,0.147995
1923,Rubber Plantations,40,0.565382,0.096250,0.661631,0.311126,0.073801,0.384927
1923,Steam Navigation,2,-0.256156,0.032400,-0.223756,-0.422397,0.008263,-0.414134
1923,Sugar,1,0.510457,0.063618,0.574076,0.510457,0.063618,0.574076
1923,Tugs & Lighters,2,0.134853,0.036590,0.171443,0.053306,0.033379,0.086685
1923,Utilities,4,0.327115,0.069155,0.396270,0.253729,0.049064,0.302793
1923,Wharves & Godowns,6,-0.107915,0.058995,-0.048920,-0.109450,0.052556,-0.056894
1924,Banks,2,0.092671,0.022432,0.115103,0.109486,0.024308,0.133795
1924,Cement & Building,1,-0.267481,0.020634,-0.246847,-0.267481,0.020634,-0.246847
1924,Cotton & Textiles,4,-0.112947,0.105027,-0.007919,-0.068501,0.055866,-0.012635
1924,Food & Beverage,1,-0.206857,0.047589,-0.159268,-0.206857,0.047589,-0.159268
1924,General Insurance,8,1.415533,0.050933,1.466466,0.379241,0.041448,0.420688
1924,General Mining,2,0.070729,0.113099,0.183827,0.059351,0.041319,0.100669
1924,General Miscellaneous,7,-0.111464,0.048650,-0.062814,-0.277615,0.031695,-0.245920
1924,Gold Mining,1,-0.379732,0.102163,-0.277569,-0.379732,0.102163,-0.277569
1924,Hotels,9,0.068046,0.046638,0.114684,0.195412,0.027728,0.223140
1924,Other Plantations,1,1.033531,0.022913,1.056444,1.033531,0.022913,1.056444
1924,Printing & Media,2,-0.140762,0.065302,-0.075460,-0.167737,0.065842,-0.101895
1924,Retail & Stores,5,-0.114599,0.159478,0.044879,-0.127162,0.122550,-0.004612
1924,Rubber Plantations,40,-0.026148,0.054584,0.028436,0.052545,0.053150,0.105695
1924,Steam Navigation,2,0.085468,0.036295,0.121763,0.085468,0.015497,0.100965
1924,Sugar,1,-0.565676,0.182873,-0.382802,-0.565676,0.182873,-0.382802
1924,Tugs & Lighters,2,0.077594,0.036356,0.113950,0.135163,0.037516,0.172679
1924,Utilities,4,-0.195036,0.044536,-0.150501,-0.292817,0.024223,-0.268594
1924,Wharves & Godowns,6,0.195264,0.052573,0.247837,0.229033,0.046702,0.275735
1925,Banks,2,0.021908,0.030508,0.052416,-0.004317,0.025949,0.021632
1925,Cement & Building,2,-0.363930,0.050402,-0.313528,-0.256059,0.074394,-0.181665
1925,Cotton & Textiles,5,-0.033554,0.056954,0.023400,-0.046197,0.041323,-0.004873
1925,Food & Beverage,1,0.016749,0.061005,0.077754,0.016749,0.061005,0.077754
1925,General Insurance,8,-0.132678,0.043776,-0.088901,-0.101208,0.031894,-0.069314
1925,General Mining,1,-0.152709,0.033301,-0.119408,-0.152709,0.033301,-0.119408
1925,General Miscellaneous,8,0.251050,0.055152,0.306202,0.339841,0.039826,0.379667
1925,Hotels,10,-0.109255,0.054797,-0.054458,-0.354355,0.019852,-0.334504
1925,Other Plantations,2,-0.602097,0.057333,-0.544764,-0.728276,0.021770,-0.706505
1925,Printing & Media,1,0.016749,0.101675,0.118424,0.016749,0.101675,0.118424
1925,Retail & Stores,6,-0.106538,0.161140,0.054602,-0.148754,0.103069,-0.045685
1925,Rubber Plantations,39,2.928320,0.100794,3.029115,1.845032,0.075527,1.920559
1925,Steam Navigation,3,0.078523,0.033026,0.111549,0.121495,0.029844,0.151339
1925,Sugar,1,-0.655281,0.444798,-0.210483,-0.655281,0.444798,-0.210483
1925,Tobacco,1,0.018005,0.016312,0.034317,0.018005,0.016312,0.034317
1925,Tugs & Lighters,2,-0.089700,0.048201,-0.041499,-0.139340,0.055282,-0.084058
1925,Utilities,3,0.006809,0.035022,0.041831,-0.069837,0.041935,-0.027902
1925,Wharves & Godowns,6,-0.176128,0.056600,-0.119528,-0.213675,0.051105,-0.162569
1926,Banks,2,-0.021151,0.020750,-0.000401,-0.096975,0.022818,-0.074157
1926,Cement & Building,2,1.132697,0.039843,1.172540,0.307269,0.047537,0.354806
1926,Cotton & Textiles,6,-0.326951,0.044887,-0.282064,-0.342558,0.034874,-0.307684
1926,Food & Beverage,1,-0.183579,0.046653,-0.136927,-0.183579,0.046653,-0.136927
1926,General Insurance,9,-0.114827,0.035287,-0.079539,-0.064802,0.031249,-0.033553
1926,General Mining,1,-0.301407,0.039252,-0.262155,-0.301407,0.039252,-0.262155
1926,General Miscellaneous,9,-0.238161,0.029970,-0.208190,-0.327378,0.021551,-0.305828
1926,Hotels,9,-0.184260,0.142260,-0.041999,-0.231650,0.053855,-0.177795
1926,Other Plantations,2,-0.102585,0.078078,-0.024507,-0.222457,0.030808,-0.191648
1926,Printing & Media,1,-0.222457,0.077754,-0.144702,-0.222457,0.077754,-0.144702
1926,Retail & Stores,6,-0.139880,0.130977,-0.008902,-0.196257,0.084688,-0.111569
1926,Rubber Plantations,40,-0.488588,0.022286,-0.466302,-0.485851,0.021063,-0.464788
1926,Steam Navigation,2,-0.473697,0.032586,-0.441111,-0.641247,0.013913,-0.627333
1926,Sugar,1,-0.445401,1.056379,0.610978,-0.445401,1.056379,0.610978
1926,Tugs & Lighters,3,-0.404408,0.039438,-0.364969,-0.384037,0.044963,-0.339074
1926,Utilities,6,-0.105778,0.018820,-0.086957,-0.069851,0.029162,-0.040689
1926,Wharves & Godowns,6,-0.250043,0.045972,-0.204070,-0.250327,0.043124,-0.207203
1927,Banks,2,0.047540,0.030177,0.077717,0.055950,0.029818,0.085768
1927,Cement & Building,2,-0.669419,0.039470,-0.629949,-0.676936,0.038541,-0.638395
1927,Cotton & Textiles,6,-0.101202,0.082012,-0.019190,-0.113229,0.072649,-0.040580
1927,Food & Beverage,1,-0.226634,0.061869,-0.164765,-0.226634,0.061869,-0.164765
1927,General Insurance,9,0.454182,0.044069,0.498251,0.087255,0.037444,0.124699
1927,General Mining,1,0.557325,0.113246,0.670571,0.557325,0.113246,0.670571
1927,General Miscellaneous,9,-0.070551,0.037533,-0.033018,-0.161254,0.031787,-0.129466
1927,Hotels,10,-0.018622,0.150210,0.131588,-0.052297,0.050789,-0.001508
1927,Other Plantations,2,-0.435092,0.064681,-0.370410,-0.487216,0.050506,-0.436710
1927,Printing & Media,1,0.082712,0.108271,0.190983,0.082712,0.108271,0.190983
1927,Retail & Stores,6,0.111584,0.116980,0.228564,0.153791,0.090270,0.244061
1927,Rubber Plantations,40,-0.179736,0.043462,-0.136275,-0.097473,0.034987,-0.062486
1927,Steam Navigation,2,0.046546,0.040111,0.086657,0.051866,0.039123,0.090988
1927,Sugar,1,-0.348710,2.003968,1.655258,-0.348710,2.003968,1.655258
1927,Tugs & Lighters,3,0.236319,0.050070,0.286389,0.126326,0.061217,0.187543
1927,Utilities,3,0.015034,0.041426,0.056460,0.016434,0.050750,0.067184
1927,Wharves & Godowns,6,-0.046423,0.051209,0.004785,-0.021474,0.047507,0.026033
1928,Banks,2,0.071716,0.028858,0.100575,0.081334,0.028079,0.109413
1928,Cement & Building,2,0.329226,0.112943,0.442169,0.213022,0.118258,0.331280
1928,Cotton & Textiles,5,0.422239,0.057741,0.479980,0.602184,0.051944,0.654128
1928,Food & Beverage,1,0.733062,0.133312,0.866374,0.733062,0.133312,0.866374
1928,General Insurance,8,-0.003816,0.039794,0.035979,0.166039,0.035854,0.201893
1928,General Mining,1,0.428348,0.108462,0.536810,0.428348,0.108462,0.536810
1928,General Miscellaneous,7,-0.102892,0.044415,-0.058478,-0.245392,0.047255,-0.198137
1928,Hotels,10,0.094587,0.143620,0.238208,0.219818,0.052325,0.272143
1928,Other Plantations,2,-0.151511,0.115270,-0.036241,-0.216457,0.109185,-0.107272
1928,Retail & Stores,6,-0.112046,0.118109,0.006063,-0.042806,0.072812,0.030006
1928,Rubber Plantations,40,-0.534981,0.052879,-0.482103,-0.469817,0.038566,-0.431251
1928,Steam Navigation,2,0.218457,0.096040,0.314497,0.270664,0.073968,0.344632
1928,Sugar,1,-0.931372,3.050114,2.118742,-0.931372,3.050114,2.118742
1928,Tugs & Lighters,3,-0.116811,0.049443,-0.067368,-0.075487,0.070684,-0.004803
1928,Utilities,8,0.146155,0.037191,0.183346,0.259292,0.031940,0.291232
1928,Wharves & Godowns,6,0.043775,0.063334,0.107109,0.042292,0.056902,0.099194
1929,Banks,2,-0.166597,0.027257,-0.139340,-0.164862,0.026074,-0.138787
1929,Cement & Building,2,0.379993,0.072317,0.452310,0.186517,0.081190,0.267707
1929,Cotton & Textiles,5,0.013609,0.041201,0.054809,-0.016186,0.030650,0.014463
1929,Entertainment,5,-0.584784,0.080600,-0.504184,-0.600349,0.078000,-0.522348
1929,Food & Beverage,1,-0.082126,0.063302,-0.018824,-0.082126,0.063302,-0.018824
1929,General Insurance,8,-0.156844,0.028226,-0.128618,-0.150177,0.017115,-0.133062
1929,General Mining,2,-0.294605,0.056768,-0.237836,-0.333911,0.051810,-0.282101
1929,General Miscellaneous,7,-0.064624,0.055869,-0.008755,-0.112179,0.051532,-0.060647
1929,Hotels,10,-0.128545,0.148876,0.020332,-0.156152,0.039881,-0.116271
1929,Other Plantations,1,-0.382809,0.102865,-0.279944,-0.382809,0.102865,-0.279944
1929,Retail & Stores,6,0.294167,0.135131,0.429299,0.064171,0.060765,0.124936
1929,Rubber Plantations,40,0.023231,0.101231,0.124462,-0.056225,0.063743,0.007518
1929,Steam Navigation,2,0.054881,0.201515,0.256396,-0.033763,0.204289,0.170526
1929,Sugar,1,0.108270,0.000000,0.108270,0.108270,0.000000,0.108270
1929,Tugs & Lighters,2,0.004856,0.065729,0.070585,0.042596,0.066691,0.109287
1929,Utilities,8,-0.091748,0.030736,-0.061012,-0.124996,0.018964,-0.106032
1929,Wharves & Godowns,6,-0.132489,0.049567,-0.082922,-0.139250,0.045172,-0.094078
1930,Banks,2,-0.105009,0.032691,-0.072318,-0.127344,0.031157,-0.096186
1930,Cement & Building,2,-0.050542,0.013698,-0.036844,-0.140942,0.016502,-0.124441
1930,Cotton & Textiles,4,-0.377651,0.051357,-0.326294,-0.435906,0.063146,-0.372760
1930,Entertainment,5,-0.273509,0.085927,-0.187582,-0.349304,0.119331,-0.229972
1930,Food & Beverage,1,0.080460,0.045019,0.125479,0.080460,0.045019,0.125479
1930,General Insurance,8,-0.031100,0.021463,-0.009636,-0.072202,0.014642,-0.057559
1930,General Mining,4,-0.596272,0.112859,-0.483413,-0.434899,0.174255,-0.260644
1930,General Miscellaneous,4,0.090736,0.016222,0.106958,0.062377,0.025198,0.087574
1930,Gold Mining,1,0.894789,0.104085,0.998873,0.894789,0.104085,0.998873
1930,Hotels,8,-0.140378,0.037800,-0.102577,0.022245,0.020151,0.042396
1930,Other Plantations,1,-0.836806,0.108796,-0.728009,-0.836806,0.108796,-0.728009
1930,Retail & Stores,6,0.115117,0.035398,0.150516,-0.230768,0.029901,-0.200867
1930,Rubber Plantations,41,-0.628865,0.076679,-0.552186,-0.579180,0.052811,-0.526368
1930,Steam Navigation,6,-0.358668,0.096323,-0.262345,-0.262775,0.021203,-0.241573
1930,Sugar,2,-0.642321,0.000000,-0.642321,-0.685121,0.000000,-0.685121
1930,Trust & Investment,3,0.041095,0.060796,0.101892,0.054157,0.057871,0.112028
1930,Tugs & Lighters,2,-0.309391,0.046923,-0.262468,-0.300026,0.048335,-0.251691
1930,Utilities,3,-0.130843,0.034458,-0.096385,-0.153371,0.022497,-0.130874
1930,Wharves & Godowns,6,-0.240118,0.037251,-0.202866,-0.181503,0.032632,-0.148871
1931,Cotton & Textiles,1,0.307348,0.000000,0.307348,0.307348,0.000000,0.307348
1931,Land & Property,3,-0.033103,0.000000,-0.033103,-0.033333,0.000000,-0.033333
1931,Trust & Investment,2,-0.025500,0.000000,-0.025500,-0.129442,0.000000,-0.129442
1933,Utilities,1,1.494605,0.035845,1.530451,1.494605,0.035845,1.530451
1934,Rubber Plantations,1,0.532258,0.053763,0.586022,0.532258,0.053763,0.586022
1934,Utilities,2,-0.165734,0.013002,-0.152733,-0.069930,0.014369,-0.055561
1935,Bonds & Preferences,2,-0.190873,0.031820,-0.159053,-0.199200,0.031492,-0.167708
1935,Rubber Plantations,1,-0.138409,0.035652,-0.102757,-0.138409,0.035652,-0.102757
1935,Utilities,2,-0.163522,0.014466,-0.149056,-0.267860,0.013082,-0.254779
1936,Cotton & Textiles,1,0.739880,0.027705,0.767585,0.739880,0.027705,0.767585
1936,Rubber Plantations,2,0.904557,0.027916,0.932474,0.904731,0.027916,0.932647
1936,Utilities,2,0.002300,0.017344,0.019644,0.065466,0.018019,0.083485
1937,Cotton & Textiles,1,-0.244661,0.037767,-0.206894,-0.244661,0.037767,-0.206894
1937,Rubber Plantations,9,-0.341562,0.028871,-0.312692,-0.345259,0.026915,-0.318344
1938,Cotton & Textiles,1,-0.192885,0.035608,-0.157277,-0.192885,0.035608,-0.157277
1938,Rubber Plantations,7,-0.270166,0.029723,-0.240443,-0.272450,0.028545,-0.243905
1938,Wharves & Godowns,1,-0.312397,0.019646,-0.292752,-0.312397,0.019646,-0.292752
1939,Banks,3,-0.253558,0.040235,-0.213323,-0.168772,0.025555,-0.143217
1939,Bonds & Preferences,2,-0.548436,0.022473,-0.525963,-0.566904,0.015938,-0.550966
1939,Cotton & Textiles,4,-0.355156,0.049872,-0.305284,-0.294851,0.032459,-0.262392
1939,Docks & Shipbuilding,3,0.186987,0.028921,0.215908,0.069045,0.030650,0.099695
1939,Food & Beverage,1,-0.269442,0.024352,-0.245090,-0.269442,0.024352,-0.245090
1939,General Insurance,2,-0.129928,0.026042,-0.103886,-0.281316,0.018162,-0.263154
1939,General Miscellaneous,4,-0.240633,0.034437,-0.206195,-0.252477,0.057311,-0.195166
1939,Land & Property,4,-0.432967,0.042129,-0.390838,-0.391782,0.015385,-0.376397
1939,Rubber Plantations,26,-0.046683,0.021323,-0.025359,0.011436,0.019642,0.031078
1939,Trust & Investment,2,0.722647,0.092251,0.814898,0.530464,0.070949,0.601412
1939,Utilities,9,-0.451055,0.024584,-0.426471,-0.488424,0.008789,-0.479636
1939,Wharves & Godowns,1,-0.299360,0.026439,-0.272921,-0.299360,0.026439,-0.272921
1940,Banks,3,-0.017757,0.052995,0.035238,-0.047204,0.031295,-0.015910
1940,Bonds & Preferences,1,-0.294520,0.057168,-0.237352,-0.294520,0.057168,-0.237352
1940,Cotton & Textiles,5,0.036011,0.089901,0.125911,0.027731,0.056567,0.084298
1940,Docks & Shipbuilding,1,-0.074925,0.048688,-0.026237,-0.074925,0.048688,-0.026237
1940,General Insurance,2,0.239316,0.024958,0.264274,-0.038660,0.025554,-0.013106
1940,General Miscellaneous,6,0.093428,0.069654,0.163082,-0.081617,0.082599,0.000983
1940,Land & Property,4,3.075845,0.056199,3.132044,-0.195812,0.019433,-0.176379
1940,Rubber Plantations,31,-0.262650,0.046325,-0.216325,-0.229386,0.049864,-0.179522
1940,Trust & Investment,3,0.730598,0.065358,0.795957,0.654534,0.058614,0.713148
1940,Utilities,9,-0.100783,0.071372,-0.029411,-0.057233,0.034117,-0.023116
1940,Wharves & Godowns,1,0.219501,0.046851,0.266352,0.219501,0.046851,0.266352
