year,n_firms,mkt_ew_total,mkt_ew_price,mkt_vw_total,mkt_vw_price,published_ew_total,tael_usd,Banks (EW total),Bonds & Preferences (EW total),Cement & Building (EW total),Cotton & Textiles (EW total),Docks & Shipbuilding (EW total),Fire Insurance (EW total),Food & Beverage (EW total),General Insurance (EW total),General Mining (EW total),General Miscellaneous (EW total),Gold Mining (EW total),Hotels (EW total),Land & Property (EW total),Marine Insurance (EW total),Other Plantations (EW total),Printing & Media (EW total),Retail & Stores (EW total),Rubber Plantations (EW total),Steam Navigation (EW total),Sugar (EW total),Tobacco (EW total),Tugs & Lighters (EW total),Utilities (EW total),Wharves & Godowns (EW total)
1871,25,1.403391,1.329279,,,,,1.122399,,,,1.817265,1.306125,,,,1.204999,,,,1.040191,,,,,1.261289,,,1.653371,1.418547,
1872,17,1.741615,1.487733,,,,,0.54336,,,,1.994176,1.229169,,,,1.204999,,,,1.78408,,,,,1.087826,,,2.733322,1.532672,
1873,20,1.642139,1.285433,,,,,1.344317,,,,2.008253,1.149949,,,,0.656911,,,,1.455476,,,,,0.849488,,,2.689744,1.535414,0.797697
1874,18,1.5082,1.115273,,,,,0.990097,,,,2.026417,1.231464,,,,0.656911229845,,,,1.370582,,,,,0.514511,,,3.540543,1.724769,0.647929
1875,17,1.510572,1.05141,,,,,0.94353,,,,2.223697,1.459938,,,,0.656911229845,,,,1.304896,,,,,0.36502,,,3.5405425385729123,1.81381,0.70487
1876,16,1.537393,1.009722,,,,,1.145979,,,,2.340137,1.76317,,,,0.656911229845,,,,1.209747,,,,,0.36594,,,3.5405425385729123,1.881621,0.718748
1877,15,1.931761,1.143825,,,,,1.502566,,,,2.67497,2.053101,,,,0.656911229845,,,,1.713652,,,,,0.518506,,,3.5405425385729123,1.977288,0.649294
1878,15,2.108912,1.180197,0.804905,0.756114,,,0.933366,,,,2.828286,2.543798,,,,0.656911229845,,,,1.444494,,,,,0.519284,,,3.5405425385729123,3.122467,1.159477
1879,15,2.229609,1.180976,1.024156,0.919736,,,1.587947,,,,2.849368,2.848672,,,,0.656911229845,,,,1.426036,,,,,0.493284,,,3.719818,3.052027,1.215475
1880,16,2.261553,1.13272,1.089352,0.936709,,,1.697931,,,,2.909518,3.177922,,,,0.656911229845,,,,1.512131,,,,,0.39717,,,3.507874,2.995247,1.298846
1881,17,2.740133,1.204312,1.351579,1.115052,,,2.274967,,,,3.025672,3.718896,,,,0.656911229845,,,,1.724618,,,,,0.62445,,,3.318045,3.419787,1.543825
1882,20,3.133493,1.201854,1.575579,1.255635,,,2.767652,,,,3.971237,4.558526,,,0.14037,0.221487,,,,1.770291,,,,,1.259786,,,3.013402,3.946387,1.978411
1883,26,2.951597,1.003039,1.344588,1.03633,,,2.632679,,,,3.99879,1.25979,,,0.14037,0.22148681789945962,,,,1.316799,,,,,1.634665,,,3.031883,3.21314,1.392671
1884,27,2.251897,0.736268,0.862971,0.633258,,,1.372484,,,,4.713309,1.291951,,,0.14037,0.22148681789945962,,,,0.834203,,,,,1.403258,0.466057,,2.664198,3.159751,0.953817
1885,27,2.37892,0.747471,1.240299,0.874693,,,2.95365,,,,4.775539,1.43251,,,0.090504,0.22148681789945962,,,,0.806467,,,0.734387,,1.599729,0.520368,,2.439228,4.499267,0.989417
1886,27,2.414116,0.722985,1.237289,0.833308,,,2.959587,,,,4.908046,1.62418,,,0.117992,0.22148681789945962,,,,0.716879,,,0.675112,,1.826231,0.417484,,2.874283,4.313937,1.089946
1887,28,2.310838,0.660784,1.178178,0.759569,,,3.046871,,,,4.675866,1.476371,,,0.150858,0.22148681789945962,,,,0.713539,,,0.811168,,1.329865,0.289396,,2.895024,4.449533,1.066285
1888,33,2.377607,0.646587,1.234843,0.761142,,,3.124932,,,,3.59547,1.500678,,,0.153639,0.22148681789945962,,,,0.732706,,,0.717075,,1.409493,0.346884,,2.418949,5.69292,1.146221
1889,35,2.869546,0.743569,1.431214,0.848696,,,3.522604,,,,3.118369,1.824879,1.104872,,0.216542,0.22148681789945962,,,,0.849722,,,0.93064,,1.92482,0.70989,,1.891466,7.02878,1.388849
1890,40,2.23418,0.541004,1.167036,0.65796,,,2.98354,,,,4.161716,1.288868,0.910597,,0.234806,0.167973,,,,0.604319,,,0.616585,,1.557943,0.486306,,1.399696,5.967329,1.039531
1891,44,2.887702,0.669692,1.361195,0.742893,,,3.439452,,,,5.24293,1.7784,1.211642,,0.284923,0.221633,,1.311973,,0.74186,,,0.790062,,2.392613,0.33309,0.787607,2.270209,8.076601,1.437721
1892,46,2.2547,0.500451,1.015673,0.534589,,,1.384878,,,,5.930881,1.680675,1.037935,,0.035399,0.184668,,1.074965,,0.682851,,,0.281546,,2.0827,0.233161,0.607009,2.113705,7.21662,1.119673
1893,48,1.758648,0.365052,0.738706,0.370382,,,1.022118,,,,5.181265,1.418834,0.808591,,0.001734,0.123461,,0.342815,,0.583539,,,0.160364,,1.581365,0.545121,0.47885,1.724745,6.005138,0.923016
1894,39,1.86917,0.363682,0.726713,0.347967,,,0.93739,,,,5.412147,1.167139,0.8085907405311372,,0.000747,0.104822,,0.514409,,0.672431,,,0.144409,,2.140847,0.615733,0.764588,1.763288,5.528816,0.790635
1895,47,2.745778,0.510552,1.038522,0.477057,,,1.36139,0.936889,,,7.937439,1.785766,0.8085907405311372,,0.001074,0.142262,0.844858,0.5144089357668187,1.801182,1.042149,,,0.24193,,3.44552,0.685647,1.195495,2.734987,7.657631,1.202534
1896,55,3.572814,0.640078,1.159176,0.511419,,,2.030059,2.412786,,2.07195,8.851173,2.28896,0.8085907405311372,,0.001635,0.190616,2.044086,0.5144089357668187,2.026704,1.106506,,,0.307451,,3.604858,0.648152,1.318188,3.766247,8.679933,0.947343
1897,58,3.59105,0.616249,1.159821,0.491744,,,1.527956,0.979914,,2.232466,8.851172979888535,2.248857,1.327355,,0.001013,0.161269,4.676705,0.5144089357668187,2.008555,1.026651,,,0.281236,,4.271065,0.719929,1.333936,3.279316,10.492303,1.071949
1898,62,3.657053,0.60295,1.284383,0.524606,,,1.361038,1.288076,,2.435808,8.851172979888535,2.1159,1.105059,,0.001362,0.143642,8.93636,0.5144089357668187,2.124901,0.932876,,,0.251655,,5.160869,0.878234,0.773822,2.684868,10.360939,1.183193
1899,62,4.486795,0.71358,1.613015,0.63634,,,1.995576,0.974986,,2.369902,8.851172979888535,2.261709,1.020485,,0.002735,0.174701,13.38294,0.5144089357668187,2.849724,0.957271,,,0.315241,,5.991413,0.972903,1.170251,3.268838,10.501827,1.557982
1900,67,4.720835,0.72223,1.733693,0.66046,1.077034,1.5165,1.996879,0.638028,,1.400935,8.851172979888535,2.179342,1.083493,,0.001898,0.213547,9.785057,0.5144089357668187,3.524287,0.997917,,,0.275921,,6.155643,1.014773,1.104544,4.120151,14.621851,1.972958
1901,63,7.339926,1.077295,1.932469,0.711313,1.394525,1.4105,2.17273,12.690558,,1.747087,8.851172979888535,2.999261,1.446441,,0.001967,0.407652,2.683581,0.623846,4.218692,1.470197,,1.177546,0.474796,,8.521183,1.168201,1.086366,4.148267,16.813945,1.808767
1902,64,6.310817,0.879587,1.441566,0.510881,1.282908,1.6537,1.792845,0.917997,0.853467,1.668252,8.851172979888535,2.64739,1.761147,,0.000981,0.391209,1.466019,0.398899,3.517237,1.4822,,1.141331,0.430728,,5.932388,0.704379,1.140431,3.722323,19.165913,1.356535
1903,62,5.789285,0.75464,1.2197,0.413096,1.168754,1.9082,1.623282,0.15955,0.852346,1.403767,8.851172979888535,2.398271,1.375754,,0.000544,0.514296,1.787709,0.374338,3.240849,1.496021,,0.989109,0.4307283692158054,,4.596005,0.693092,1.181698,2.538848,17.732303,1.031565
1904,62,6.953522,0.855978,1.484036,0.482683,1.414334,1.69,2.209327,0.15954969686396228,1.359905,1.555694,8.851172979888535,3.03652,1.941473,,0.000732,0.601765,1.484492,0.400295,3.760727,1.91816,,1.187885,0.4307283692158054,,6.210627,1.214718,1.757644,2.774107,20.26733,1.191658
1905,65,8.831508,1.019642,1.804021,0.564166,1.75713,1.542,2.7409,0.15954969686396228,1.490427,2.941148,8.851172979888535,3.545964,2.455853,,0.001088,0.674725,1.302836,0.531929,4.205527,2.589704,,0.060273,0.4307283692158054,,5.921784,1.359041,2.04398,4.704176,24.370148,1.538227
1906,63,10.497528,1.129701,2.075425,0.598876,2.083055,1.4263,3.351962,0.15954969686396228,1.152933,4.956288,8.851172979888535,4.352369,2.242149,,0.001587,0.718603,1.625227,0.669114,3.781353,2.943631,,0.06027330155072351,0.4307283692158054,,7.623124,1.570298,2.995487,4.951277,25.734535,1.74311
1907,35,10.886409,1.091462,2.680182,0.744066,2.304697,1.3197,3.3519615392486926,0.15954969686396228,1.1529330710246395,4.418739,8.851172979888535,5.090078,2.351026,,0.002655,0.740303,1.6252270421452102,0.667314,3.720398,3.231173,,0.06027330155072351,0.4307283692158054,,12.317969,1.50197,2.995487199132314,5.08707,26.422599,1.560239
1908,25,10.533624,0.992034,2.660386,0.711079,2.337456,1.4366,3.284983,0.1603,0.616608,5.058356,8.851172979888535,5.090077993334745,2.548465,,0.0026547324893170456,0.732602,1.6252270421452102,0.459362,3.340713,3.195062,,0.06027330155072351,0.4307283692158054,,15.859952,1.938549,2.995487199132314,4.916511,26.42259883293061,1.025345
1909,37,12.210229,1.093518,3.186615,0.830131,2.736684,1.4349,3.202149,0.187364,0.89641,7.214961,8.851172979888535,5.090077993334745,2.87042,,0.0026547324893170456,0.748806,1.673933,0.456566,3.872871,3.091631,,0.066681,0.376018,3.782254,22.259411,2.402254,2.995487199132314,4.943872,25.878822,1.027975
1910,76,10.898154,0.919018,2.878852,0.726103,2.521414,1.4391,3.475903,0.188637,0.716049,5.521184,8.851172979888535,5.401285,2.54664,,0.002283,0.595057,0.766148,0.526132,3.567317,3.271431,0.834594,0.070022,0.313956,2.971679,21.561467,1.94331,2.995487199132314,4.381743,27.012676,0.972323
1911,102,9.440668,0.757945,2.081436,0.50606,2.322957,1.4369,0.415238,0.191331,0.85048,5.829282,8.851172979888535,5.87265,2.558902,,0.001589,0.403678,0.910108,0.498709,3.625079,3.67859,0.800048,0.073955,0.306904,2.012356,23.821454,1.783949,2.995487199132314,3.248143,28.600482,0.864041
1912,92,13.43104,1.01447,3.159054,0.738838,3.073994,1.4387,2.131895,0.207562,0.99714,10.139722,8.851172979888535,5.872650134090277,2.463987,,0.0037,0.446939,1.380726,0.328283,3.80141,3.457691,1.321668,0.074534,0.274895,3.135268,28.142047,1.951405,2.995487199132314,3.81102,30.662748,0.887548
1913,92,12.883483,0.846438,3.052597,0.648008,2.935091,1.564,2.417328,0.205179,1.076776,10.993801,8.851172979888535,5.872650134090277,2.710216,,0.003247,0.64538,1.3807262191976162,0.407677,3.820881,3.339504,1.031319,0.07453350230962835,0.325481,2.604941,33.643929,1.9514049888790133,2.995487199132314,4.294779,25.955648,0.851905
1914,12,10.627495,0.6617,2.708688,0.554683,2.650339,1.7857,2.331632,0.109278,1.0767763602192149,9.012685,8.851172979888535,5.872650134090277,2.7102158607357465,,0.002831,0.581879,1.3807262191976162,0.40767672956237194,3.8208812612483802,3.339503525724332,1.031318762578756,0.07453350230962835,0.32548138229905305,2.16705,33.643929313317535,1.9514049888790133,2.995487199132314,4.294779168891241,25.955648136191108,0.706167
1915,11,20.317379,1.220032,2.708688026987719,0.5546829558362141,6.472595,1.5873,2.548126,0.10927769115841705,1.0767763602192149,13.13086,8.851172979888535,5.872650134090277,2.7102158607357465,,0.002794,0.661791,1.3807262191976162,0.40767672956237194,3.8208812612483802,3.339503525724332,1.031318762578756,0.07453350230962835,0.32548138229905305,5.85724,33.643929313317535,1.9514049888790133,2.995487199132314,4.294779168891241,25.955648136191108,0.97754
1916,87,27.351134,1.534041,3.555535,0.687972,8.783451,1.1571,2.742046,0.10927769115841705,1.914098,23.972695,8.851172979888535,5.872650134090277,2.250121,,0.002582,0.535498,1.3807262191976162,0.40767672956237194,5.207869,4.478622,2.09617,0.110334,0.512399,7.156716,33.643929313317535,1.9514049888790133,2.995487199132314,6.422112,36.826704,1.929418
1917,89,30.695604,1.591417,3.985595,0.73588,10.002214,0.9558,3.57072,0.10927769115841705,2.97469,32.792586,8.851172979888535,5.872650134090277,2.66247,1.025089,0.002619,0.551628,1.3807262191976162,0.40767672956237194,6.509805,4.478621536363005,1.260509,0.142793,0.657779,7.095039,33.643929313317535,1.9514049888790133,2.995487199132314,8.563854,51.688673,2.226275
1918,87,37.487896,1.879747,5.198698,0.941961,13.010339,0.8044,4.909336,0.10927769115841705,3.451762,44.057167,8.851172979888535,5.872650134090277,4.290929,1.708179,0.003573,1.351398,1.441948,0.735869,7.773788,4.478621536363005,2.269654,0.165693,0.743514,7.187118,33.643929313317535,1.9514049888790133,2.995487199132314,12.224012,59.012544,4.072269
1919,89,56.694445,2.779416,6.939841,1.241815,19.392991,0.6178,4.247415,0.10927769115841705,3.441939,169.02347,8.851172979888535,5.872650134090277,6.41261,2.466622,0.006852,1.501441,1.4419476197568386,1.296104,11.906364,4.478621536363005,3.454713,0.189155,0.822307,8.792613,57.13688,1.9514049888790133,2.995487199132314,18.508804,79.364968,6.099302
1920,95,25.870469,1.150222,3.727437,0.626405,9.734712,1.2686,3.568976,0.10927769115841705,2.953896,60.249599,8.851172979888535,5.872650134090277,3.104024,1.030106,0.004048,0.605093,1.4419476197568386,1.2961039680506345,5.667322,4.478621536363005,1.189161,0.086271,0.408577,3.770879,29.443548,1.377546,2.995487199132314,9.679049,38.348041,2.880847
1921,96,28.99112,1.000415,3.623006,0.572146,11.524605,1.3277,1.700967,0.131071,7.903567,46.307842,8.851172979888535,5.872650134090277,2.943471,1.295532,0.004368,0.528194,1.4419476197568386,1.70781,7.7139,4.478621536363005,1.029323,0.0946,0.515255,3.977976,46.828668,1.623088,2.995487199132314,9.42992,56.623798,3.093202
1922,94,41.424165,1.308552,4.405538,0.66733,15.670157,1.4076,2.911783,0.13107094110614018,7.484686,38.749522,8.851172979888535,5.872650134090277,3.894486,1.69432,0.005177,0.719334,2.103882,2.005977,7.713899821764149,4.478621536363005,1.057897,0.094768,0.516763,6.944758,45.024921,1.309031,2.995487199132314,16.067622,64.537653,3.807407
1923,95,58.389597,1.73629,4.635292,0.677766,21.93122,1.3841,3.145634,0.13107094110614018,8.130315,32.812165,8.851172979888535,5.872650134090277,4.160452,1.831545,0.005408,1.098155,11.688202,2.159328,7.713899821764149,4.478621536363005,1.169249,0.10258,0.648766,11.539625,34.950325,2.060515,2.995487199132314,18.822304,90.111988,3.621149
1924,98,67.593549,1.903938,5.271736,0.749706,23.487407,1.3251,3.507706,0.13107094110614018,6.123371,32.552326,8.851172979888535,5.872650134090277,3.497825,4.517443,0.006402,1.029176,8.44392,2.406968,7.713899821764149,4.478621536363005,2.404496,0.094839,0.677882,11.867766,39.205981,1.271746,2.995487199132314,20.967105,76.550044,4.518604
1925,101,146.378698,3.970502,5.67564,0.786746,44.680561,1.3214,3.691566,0.13107094110614018,4.203523,33.31405,8.851172979888535,5.872650134090277,3.769795,4.115838,0.005638,1.344311,8.44391976176629,2.275889,7.713899821764149,4.478621536363005,1.094613,0.10607,0.714896,47.816594,43.579369,1.004065,3.098283,20.096991,79.752209,3.978504
1926,106,112.233378,2.82392,4.767708,0.637195,35.689411,1.6958,3.690085,0.13107094110614018,9.132322,23.917356,8.851172979888535,5.872650134090277,3.253608,3.788468,0.00416,1.064439,8.44391976176629,2.180304,7.713899821764149,4.478621536363005,1.067787,0.090722,0.708532,25.519621,24.35603,1.617526,3.0982833333449373,12.762212,72.817196,3.166611
1927,104,115.520021,2.678887,5.094673,0.652136,38.561917,1.5677,3.976868,0.13107094110614018,3.379425,23.458382,8.851172979888535,5.872650134090277,2.717528,5.676076,0.006949,1.029293,8.44391976176629,2.467206,7.713899821764149,4.478621536363005,0.672268,0.108048,0.870477,22.041934,26.466651,4.29495,3.0982833333449373,16.41717,76.928455,3.181763
1928,104,107.171504,2.22765,5.741217,0.705089,35.390137,1.5735,4.376841,0.13107094110614018,4.873702,34.717936,8.851172979888535,5.872650134090277,5.071923,5.880295,0.010679,0.969102,8.44391976176629,3.054914,7.713899821764149,4.478621536363005,0.647905,0.10804788461318697,0.875754,11.415452,34.790333,13.394841,3.0982833333449373,15.311178,91.032979,3.522558
1929,108,111.189042,2.122812,5.012054,0.591952,38.273611,1.8628,3.766972,0.13107094110614018,7.078126,36.620792,8.851172979888535,5.872650134090277,4.976449,5.123984,0.008139,0.960618,8.44391976176629,3.117027,7.713899821764149,4.478621536363005,0.466528,0.10804788461318697,1.251715,12.836242,43.710435,14.845101,3.0982833333449373,16.391917,85.478875,3.230461
1930,109,79.781251,1.396324,3.986853,0.454385,27.832635,2.8012,3.494552,0.13107094110614018,6.817339,24.671647,8.851172979888535,5.872650134090277,5.600889,5.074609,0.004205,1.063364,16.878323,2.797291,7.713899821764149,4.478621536363005,0.126891,0.10804788461318697,1.440118,5.748249,32.243221,5.309781,3.0982833333449373,12.089564,77.239994,2.57511
1931,6,81.869366,1.43287,4.506321,0.513589,25.576733,3.0483,3.4945521492709677,0.13107094110614018,6.817339290428222,32.254428,8.851172979888535,5.872650134090277,5.600888913594639,5.074608914019113,0.0042047433448251376,1.0633636724212907,16.878323225961072,2.797291491201998,7.458547,4.478621536363005,0.12689130831723136,0.10804788461318697,1.4401179154080321,5.748248742528855,32.243221080629766,5.309780721388306,3.0982833333449373,12.089563593169316,77.23999389688805,2.5751101256420315
1932,0,81.86936593985239,1.4328701523338454,4.506320539235981,0.5135892798256404,20.039571,3.6225,3.4945521492709677,0.13107094110614018,6.817339290428222,32.25442834776838,8.851172979888535,5.872650134090277,5.600888913594639,5.074608914019113,0.0042047433448251376,1.0633636724212907,16.878323225961072,2.797291491201998,7.4585465959642905,4.478621536363005,0.12689130831723136,0.10804788461318697,1.4401179154080321,5.748248742528855,32.243221080629766,5.309780721388306,3.0982833333449373,12.089563593169316,77.23999389688805,2.5751101256420315
1933,1,207.166419,3.574445,11.403023,1.281202,52.720133,,3.4945521492709677,0.13107094110614018,6.817339290428222,32.25442834776838,8.851172979888535,5.872650134090277,5.600888913594639,5.074608914019113,0.0042047433448251376,1.0633636724212907,16.878323225961072,2.797291491201998,7.4585465959642905,4.478621536363005,0.12689130831723136,0.10804788461318697,1.4401179154080321,5.748248742528855,32.243221080629766,5.309780721388306,3.0982833333449373,12.089563593169316,195.45202,2.5751101256420315
1934,3,226.540415,3.813683,11.040213,1.220159,73.009262,,3.4945521492709677,0.13107094110614018,6.817339290428222,32.25442834776838,8.851172979888535,5.872650134090277,5.600888913594639,5.074608914019113,0.0042047433448251376,1.0633636724212907,16.878323225961072,2.797291491201998,7.4585465959642905,4.478621536363005,0.12689130831723136,0.10804788461318697,1.4401179154080321,9.116849,32.243221080629766,5.309780721388306,3.0982833333449373,12.089563593169316,165.600046,2.5751101256420315
1935,5,193.965036,3.167492,9.159712,0.974602,58.900157,,3.4945521492709677,0.110224,6.817339290428222,32.25442834776838,8.851172979888535,5.872650134090277,5.600888913594639,5.074608914019113,0.0042047433448251376,1.0633636724212907,16.878323225961072,2.797291491201998,7.4585465959642905,4.478621536363005,0.12689130831723136,0.10804788461318697,1.4401179154080321,8.180029,32.243221080629766,5.309780721388306,3.0982833333449373,12.089563593169316,140.916366,2.5751101256420315
1936,5,297.612969,4.785191,12.187262,1.275971,75.616457,,3.4945521492709677,0.11022371471038526,6.817339290428222,57.012444,8.851172979888535,5.872650134090277,5.600888913594639,5.074608914019113,0.0042047433448251376,1.0633636724212907,16.878323225961072,2.797291491201998,7.4585465959642905,4.478621536363005,0.12689130831723136,0.10804788461318697,1.4401179154080321,15.807693,32.243221080629766,5.309780721388306,3.0982833333449373,12.089563593169316,143.684527,2.5751101256420315
1937,10,207.70052,3.19712,8.9138,0.892725,73.469547,,3.4945521492709677,0.11022371471038526,6.817339290428222,45.216911,8.851172979888535,5.872650134090277,5.600888913594639,5.074608914019113,0.0042047433448251376,1.0633636724212907,16.878323225961072,2.797291491201998,7.4585465959642905,4.478621536363005,0.12689130831723136,0.10804788461318697,1.4401179154080321,10.864754,32.243221080629766,5.309780721388306,3.0982833333449373,12.089563593169316,143.68452702451881,2.5751101256420315
1938,9,158.472589,2.34582,6.958727,0.670792,52.665592,,3.4945521492709677,0.11022371471038526,6.817339290428222,38.105331,8.851172979888535,5.872650134090277,5.600888913594639,5.074608914019113,0.0042047433448251376,1.0633636724212907,16.878323225961072,2.797291491201998,7.4585465959642905,4.478621536363005,0.12689130831723136,0.10804788461318697,1.4401179154080321,8.2524,32.243221080629766,5.309780721388306,3.0982833333449373,12.089563593169316,143.68452702451881,1.821241
1939,61,137.04757,1.958635,5.575047,0.520268,43.753338,,2.749084,0.05225,6.817339290428222,26.472383,10.762212,5.872650134090277,4.228167,4.547428,0.0042047433448251376,0.844103,16.878323225961072,2.797291491201998,4.543463,4.478621536363005,0.12689130831723136,0.10804788461318697,1.4401179154080321,8.043127,32.243221080629766,5.309780721388306,3.0982833333449373,12.089563593169316,82.407243,1.324186
1940,66,158.207578,2.150405,5.472561,0.490661,44.326722,,2.845956,0.039848,6.817339290428222,29.805547,10.479844,5.872650134090277,4.228167049761729,5.749195,0.0042047433448251376,0.981761,16.878323225961072,2.797291491201998,18.77379,4.478621536363005,0.12689130831723136,0.10804788461318697,1.4401179154080321,6.303198,32.243221080629766,5.309780721388306,3.0982833333449373,12.089563593169316,79.983564,1.676886
